[12:28:21 WIB 2026-09-01] === MONITOR XAU V2 MULAI (update 28 Aug: self-lock + guard TF + wick sanity + state persist) ===
[12:28:21 WIB 2026-09-01]   [A] SELL LIMIT SELL entry=4538 SL=4550 TP1=4449 TP2=4370 (waiting)
[12:28:21 WIB 2026-09-01]   [B] BUY LIMIT BUY entry=4400 SL=4355 TP1=4450 TP2=4538 (waiting)
[12:28:21 WIB 2026-09-01] [A] SELL LIMIT 4538 belum kena | harga=4427.18 | PINE=FLAT RSI=39.7
[12:28:21 WIB 2026-09-01] [B] BUY LIMIT 4400 belum kena | harga=4427.18 | PINE=FLAT RSI=39.7
[12:29:01 WIB 2026-09-01] === MONITOR XAU V2 MULAI (update 28 Aug: self-lock + guard TF + wick sanity + state persist) ===
[12:29:01 WIB 2026-09-01]   [A] SELL LIMIT SELL entry=4538 SL=4550 TP1=4449 TP2=4370 (waiting)
[12:29:01 WIB 2026-09-01]   [B] BUY LIMIT BUY entry=4400 SL=4355 TP1=4450 TP2=4538 (waiting)
[12:29:01 WIB 2026-09-01] [A] SELL LIMIT 4538 belum kena | harga=4427.02 | PINE=FLAT RSI=38.9
[12:29:01 WIB 2026-09-01] [B] BUY LIMIT 4400 belum kena | harga=4427.02 | PINE=FLAT RSI=38.9
[12:29:13 WIB 2026-09-01] START DITOLAK: monitor lain hidup (PID 32368) - anti-dobel
[12:29:17 WIB 2026-09-01] [A] SELL LIMIT 4538 belum kena | harga=4426.39 | PINE=FLAT RSI=38.2
[12:29:17 WIB 2026-09-01] [B] BUY LIMIT 4400 belum kena | harga=4426.39 | PINE=FLAT RSI=38.2
[12:30:01 WIB 2026-09-01] GUARD TF: chart tidak di M15 (interval bar 240 mnt) — auto-set M15, siklus ini dilewati
[12:30:17 WIB 2026-09-01] GUARD TF: chart tidak di M15 (interval bar 30 mnt) — auto-set M15, siklus ini dilewati
[12:31:01 WIB 2026-09-01] [A] SELL LIMIT 4538 belum kena | harga=4430.61 | PINE=FLAT RSI=43.2
[12:31:01 WIB 2026-09-01] [B] BUY LIMIT 4400 belum kena | harga=4430.61 | PINE=FLAT RSI=43.2
[12:31:17 WIB 2026-09-01] [A] SELL LIMIT 4538 belum kena | harga=4431.81 | PINE=FLAT RSI=44.8
[12:31:17 WIB 2026-09-01] [B] BUY LIMIT 4400 belum kena | harga=4431.81 | PINE=FLAT RSI=44.8
[12:32:17 WIB 2026-09-01] [A] SELL LIMIT 4538 belum kena | harga=4433.02 | PINE=FLAT RSI=47
[12:32:17 WIB 2026-09-01] [B] BUY LIMIT 4400 belum kena | harga=4433.02 | PINE=FLAT RSI=47
[12:33:17 WIB 2026-09-01] [A] SELL LIMIT 4538 belum kena | harga=4431.79 | PINE=FLAT RSI=46.5
[12:33:17 WIB 2026-09-01] [B] BUY LIMIT 4400 belum kena | harga=4431.79 | PINE=FLAT RSI=46.5
[12:34:17 WIB 2026-09-01] [A] SELL LIMIT 4538 belum kena | harga=4432.53 | PINE=FLAT RSI=44.8
[12:34:17 WIB 2026-09-01] [B] BUY LIMIT 4400 belum kena | harga=4432.53 | PINE=FLAT RSI=44.8
[12:35:17 WIB 2026-09-01] [A] SELL LIMIT 4538 belum kena | harga=4433.95 | PINE=FLAT RSI=47.8
[12:35:17 WIB 2026-09-01] [B] BUY LIMIT 4400 belum kena | harga=4433.95 | PINE=FLAT RSI=47.8
[12:36:17 WIB 2026-09-01] [A] SELL LIMIT 4538 belum kena | harga=4437.18 | PINE=FLAT RSI=49.2
[12:36:17 WIB 2026-09-01] [B] BUY LIMIT 4400 belum kena | harga=4437.18 | PINE=FLAT RSI=49.2
[12:37:17 WIB 2026-09-01] [A] SELL LIMIT 4538 belum kena | harga=4437.01 | PINE=FLAT RSI=49.3
[12:37:17 WIB 2026-09-01] [B] BUY LIMIT 4400 belum kena | harga=4437.01 | PINE=FLAT RSI=49.3
[12:38:17 WIB 2026-09-01] [A] SELL LIMIT 4538 belum kena | harga=4437.05 | PINE=FLAT RSI=49
[12:38:17 WIB 2026-09-01] [B] BUY LIMIT 4400 belum kena | harga=4437.05 | PINE=FLAT RSI=49
[12:39:17 WIB 2026-09-01] [A] SELL LIMIT 4538 belum kena | harga=4440.23 | PINE=FLAT RSI=51.7
[12:39:17 WIB 2026-09-01] [B] BUY LIMIT 4400 belum kena | harga=4440.23 | PINE=FLAT RSI=51.7
[12:40:17 WIB 2026-09-01] GUARD TF: chart tidak di M15 (interval bar 240 mnt) — auto-set M15, siklus ini dilewati
[12:41:18 WIB 2026-09-01] [A] SELL LIMIT 4538 belum kena | harga=4439.67 | PINE=FLAT RSI=51.5
[12:41:18 WIB 2026-09-01] [B] BUY LIMIT 4400 belum kena | harga=4439.67 | PINE=FLAT RSI=51.5
[12:42:18 WIB 2026-09-01] [A] SELL LIMIT 4538 belum kena | harga=4442.19 | PINE=FLAT RSI=52.9
[12:42:18 WIB 2026-09-01] [B] BUY LIMIT 4400 belum kena | harga=4442.19 | PINE=FLAT RSI=52.9
[12:43:18 WIB 2026-09-01] [A] SELL LIMIT 4538 belum kena | harga=4442.69 | PINE=FLAT RSI=54.1
[12:43:18 WIB 2026-09-01] [B] BUY LIMIT 4400 belum kena | harga=4442.69 | PINE=FLAT RSI=54.1
[12:44:18 WIB 2026-09-01] [A] SELL LIMIT 4538 belum kena | harga=4440.78 | PINE=FLAT RSI=52.2
[12:44:18 WIB 2026-09-01] [B] BUY LIMIT 4400 belum kena | harga=4440.78 | PINE=FLAT RSI=52.2
[12:45:18 WIB 2026-09-01] [A] SELL LIMIT 4538 belum kena | harga=4442.90 | PINE=FLAT RSI=54.2
[12:45:18 WIB 2026-09-01] [B] BUY LIMIT 4400 belum kena | harga=4442.90 | PINE=FLAT RSI=54.2
[12:46:18 WIB 2026-09-01] [A] SELL LIMIT 4538 belum kena | harga=4444.93 | PINE=FLAT RSI=55.8
[12:46:18 WIB 2026-09-01] [B] BUY LIMIT 4400 belum kena | harga=4444.93 | PINE=FLAT RSI=55.8
[12:47:18 WIB 2026-09-01] [A] SELL LIMIT 4538 belum kena | harga=4443.41 | PINE=FLAT RSI=54.3
[12:47:18 WIB 2026-09-01] [B] BUY LIMIT 4400 belum kena | harga=4443.41 | PINE=FLAT RSI=54.3
[12:48:18 WIB 2026-09-01] [A] SELL LIMIT 4538 belum kena | harga=4444.55 | PINE=FLAT RSI=55.2
[12:48:18 WIB 2026-09-01] [B] BUY LIMIT 4400 belum kena | harga=4444.55 | PINE=FLAT RSI=55.2
[12:49:18 WIB 2026-09-01] [A] SELL LIMIT 4538 belum kena | harga=4444.89 | PINE=FLAT RSI=55.4
[12:49:18 WIB 2026-09-01] [B] BUY LIMIT 4400 belum kena | harga=4444.89 | PINE=FLAT RSI=55.4
[12:50:18 WIB 2026-09-01] [A] SELL LIMIT 4538 belum kena | harga=4444.27 | PINE=FLAT RSI=56
[12:50:18 WIB 2026-09-01] [B] BUY LIMIT 4400 belum kena | harga=4444.27 | PINE=FLAT RSI=56
[12:51:18 WIB 2026-09-01] [A] SELL LIMIT 4538 belum kena | harga=4443.35 | PINE=FLAT RSI=54.8
[12:51:18 WIB 2026-09-01] [B] BUY LIMIT 4400 belum kena | harga=4443.35 | PINE=FLAT RSI=54.8
[12:52:18 WIB 2026-09-01] [A] SELL LIMIT 4538 belum kena | harga=4441.95 | PINE=FLAT RSI=53.6
[12:52:18 WIB 2026-09-01] [B] BUY LIMIT 4400 belum kena | harga=4441.95 | PINE=FLAT RSI=53.6
[12:53:18 WIB 2026-09-01] [A] SELL LIMIT 4538 belum kena | harga=4442.73 | PINE=FLAT RSI=54.1
[12:53:18 WIB 2026-09-01] [B] BUY LIMIT 4400 belum kena | harga=4442.73 | PINE=FLAT RSI=54.1
[12:54:18 WIB 2026-09-01] [A] SELL LIMIT 4538 belum kena | harga=4442.64 | PINE=FLAT RSI=54.4
[12:54:18 WIB 2026-09-01] [B] BUY LIMIT 4400 belum kena | harga=4442.64 | PINE=FLAT RSI=54.4
[12:55:18 WIB 2026-09-01] [A] SELL LIMIT 4538 belum kena | harga=4443.30 | PINE=FLAT RSI=54.4
[12:55:18 WIB 2026-09-01] [B] BUY LIMIT 4400 belum kena | harga=4443.30 | PINE=FLAT RSI=54.4
[12:56:18 WIB 2026-09-01] [A] SELL LIMIT 4538 belum kena | harga=4444.44 | PINE=FLAT RSI=55.5
[12:56:18 WIB 2026-09-01] [B] BUY LIMIT 4400 belum kena | harga=4444.44 | PINE=FLAT RSI=55.5
[12:57:18 WIB 2026-09-01] [A] SELL LIMIT 4538 belum kena | harga=4445.24 | PINE=FLAT RSI=56.1
[12:57:18 WIB 2026-09-01] [B] BUY LIMIT 4400 belum kena | harga=4445.24 | PINE=FLAT RSI=56.1
[12:58:18 WIB 2026-09-01] [A] SELL LIMIT 4538 belum kena | harga=4444.75 | PINE=FLAT RSI=55.4
[12:58:18 WIB 2026-09-01] [B] BUY LIMIT 4400 belum kena | harga=4444.75 | PINE=FLAT RSI=55.4
[12:59:18 WIB 2026-09-01] [A] SELL LIMIT 4538 belum kena | harga=4442.45 | PINE=FLAT RSI=54.1
[12:59:18 WIB 2026-09-01] [B] BUY LIMIT 4400 belum kena | harga=4442.45 | PINE=FLAT RSI=54.1
[13:00:18 WIB 2026-09-01] [A] SELL LIMIT 4538 belum kena | harga=4439.70 | PINE=FLAT RSI=51.7
[13:00:18 WIB 2026-09-01] [B] BUY LIMIT 4400 belum kena | harga=4439.70 | PINE=FLAT RSI=51.7
[13:01:18 WIB 2026-09-01] [A] SELL LIMIT 4538 belum kena | harga=4439.58 | PINE=FLAT RSI=51.9
[13:01:18 WIB 2026-09-01] [B] BUY LIMIT 4400 belum kena | harga=4439.58 | PINE=FLAT RSI=51.9
[13:02:18 WIB 2026-09-01] [A] SELL LIMIT 4538 belum kena | harga=4437.87 | PINE=FLAT RSI=49.5
[13:02:18 WIB 2026-09-01] [B] BUY LIMIT 4400 belum kena | harga=4437.87 | PINE=FLAT RSI=49.5
[13:03:18 WIB 2026-09-01] [A] SELL LIMIT 4538 belum kena | harga=4437.55 | PINE=FLAT RSI=49.9
[13:03:18 WIB 2026-09-01] [B] BUY LIMIT 4400 belum kena | harga=4437.55 | PINE=FLAT RSI=49.9
[13:04:18 WIB 2026-09-01] [A] SELL LIMIT 4538 belum kena | harga=4436.68 | PINE=FLAT RSI=48.7
[13:04:18 WIB 2026-09-01] [B] BUY LIMIT 4400 belum kena | harga=4436.68 | PINE=FLAT RSI=48.7
[13:05:18 WIB 2026-09-01] [A] SELL LIMIT 4538 belum kena | harga=4436.55 | PINE=FLAT RSI=48.6
[13:05:18 WIB 2026-09-01] [B] BUY LIMIT 4400 belum kena | harga=4436.55 | PINE=FLAT RSI=48.6
[13:06:18 WIB 2026-09-01] [A] SELL LIMIT 4538 belum kena | harga=4437.76 | PINE=FLAT RSI=49.6
[13:06:18 WIB 2026-09-01] [B] BUY LIMIT 4400 belum kena | harga=4437.76 | PINE=FLAT RSI=49.6
[13:07:18 WIB 2026-09-01] [A] SELL LIMIT 4538 belum kena | harga=4436.73 | PINE=FLAT RSI=49
[13:07:18 WIB 2026-09-01] [B] BUY LIMIT 4400 belum kena | harga=4436.73 | PINE=FLAT RSI=49
[13:08:18 WIB 2026-09-01] [A] SELL LIMIT 4538 belum kena | harga=4438.02 | PINE=FLAT RSI=49.5
[13:08:18 WIB 2026-09-01] [B] BUY LIMIT 4400 belum kena | harga=4438.02 | PINE=FLAT RSI=49.5
[13:09:18 WIB 2026-09-01] [A] SELL LIMIT 4538 belum kena | harga=4436.87 | PINE=FLAT RSI=48.9
[13:09:18 WIB 2026-09-01] [B] BUY LIMIT 4400 belum kena | harga=4436.87 | PINE=FLAT RSI=48.9
[13:10:18 WIB 2026-09-01] [A] SELL LIMIT 4538 belum kena | harga=4436.30 | PINE=FLAT RSI=47.9
[13:10:18 WIB 2026-09-01] [B] BUY LIMIT 4400 belum kena | harga=4436.30 | PINE=FLAT RSI=47.9
[13:11:18 WIB 2026-09-01] [A] SELL LIMIT 4538 belum kena | harga=4434.24 | PINE=FLAT RSI=47.2
[13:11:18 WIB 2026-09-01] [B] BUY LIMIT 4400 belum kena | harga=4434.24 | PINE=FLAT RSI=47.2
[13:12:18 WIB 2026-09-01] [A] SELL LIMIT 4538 belum kena | harga=4434.18 | PINE=FLAT RSI=47.4
[13:12:18 WIB 2026-09-01] [B] BUY LIMIT 4400 belum kena | harga=4434.18 | PINE=FLAT RSI=47.4
[13:13:18 WIB 2026-09-01] [A] SELL LIMIT 4538 belum kena | harga=4433.57 | PINE=FLAT RSI=46.8
[13:13:18 WIB 2026-09-01] [B] BUY LIMIT 4400 belum kena | harga=4433.57 | PINE=FLAT RSI=46.8
[13:14:18 WIB 2026-09-01] [A] SELL LIMIT 4538 belum kena | harga=4433.35 | PINE=FLAT RSI=47
[13:14:18 WIB 2026-09-01] [B] BUY LIMIT 4400 belum kena | harga=4433.35 | PINE=FLAT RSI=47
[13:15:18 WIB 2026-09-01] [A] SELL LIMIT 4538 belum kena | harga=4433.00 | PINE=FLAT RSI=46.1
[13:15:18 WIB 2026-09-01] [B] BUY LIMIT 4400 belum kena | harga=4433.00 | PINE=FLAT RSI=46.1
[13:16:18 WIB 2026-09-01] [A] SELL LIMIT 4538 belum kena | harga=4432.93 | PINE=FLAT RSI=46.3
[13:16:18 WIB 2026-09-01] [B] BUY LIMIT 4400 belum kena | harga=4432.93 | PINE=FLAT RSI=46.3
[13:17:18 WIB 2026-09-01] [A] SELL LIMIT 4538 belum kena | harga=4433.40 | PINE=FLAT RSI=46.3
[13:17:18 WIB 2026-09-01] [B] BUY LIMIT 4400 belum kena | harga=4433.40 | PINE=FLAT RSI=46.3
[13:18:18 WIB 2026-09-01] [A] SELL LIMIT 4538 belum kena | harga=4434.57 | PINE=FLAT RSI=47.2
[13:18:18 WIB 2026-09-01] [B] BUY LIMIT 4400 belum kena | harga=4434.57 | PINE=FLAT RSI=47.2
[13:19:18 WIB 2026-09-01] [A] SELL LIMIT 4538 belum kena | harga=4435.06 | PINE=FLAT RSI=47.1
[13:19:18 WIB 2026-09-01] [B] BUY LIMIT 4400 belum kena | harga=4435.06 | PINE=FLAT RSI=47.1
[13:20:18 WIB 2026-09-01] [A] SELL LIMIT 4538 belum kena | harga=4434.47 | PINE=FLAT RSI=46.9
[13:20:18 WIB 2026-09-01] [B] BUY LIMIT 4400 belum kena | harga=4434.47 | PINE=FLAT RSI=46.9
[13:21:18 WIB 2026-09-01] [A] SELL LIMIT 4538 belum kena | harga=4433.60 | PINE=FLAT RSI=46.6
[13:21:18 WIB 2026-09-01] [B] BUY LIMIT 4400 belum kena | harga=4433.60 | PINE=FLAT RSI=46.6
[13:22:18 WIB 2026-09-01] [A] SELL LIMIT 4538 belum kena | harga=4433.41 | PINE=FLAT RSI=46.2
[13:22:18 WIB 2026-09-01] [B] BUY LIMIT 4400 belum kena | harga=4433.41 | PINE=FLAT RSI=46.2
[13:23:18 WIB 2026-09-01] [A] SELL LIMIT 4538 belum kena | harga=4431.23 | PINE=FLAT RSI=44.7
[13:23:18 WIB 2026-09-01] [B] BUY LIMIT 4400 belum kena | harga=4431.23 | PINE=FLAT RSI=44.7
[13:24:18 WIB 2026-09-01] [A] SELL LIMIT 4538 belum kena | harga=4432.11 | PINE=FLAT RSI=45.1
[13:24:18 WIB 2026-09-01] [B] BUY LIMIT 4400 belum kena | harga=4432.11 | PINE=FLAT RSI=45.1
[13:25:18 WIB 2026-09-01] [A] SELL LIMIT 4538 belum kena | harga=4433.20 | PINE=FLAT RSI=46.1
[13:25:18 WIB 2026-09-01] [B] BUY LIMIT 4400 belum kena | harga=4433.20 | PINE=FLAT RSI=46.1
[13:26:18 WIB 2026-09-01] [A] SELL LIMIT 4538 belum kena | harga=4432.80 | PINE=FLAT RSI=45.7
[13:26:18 WIB 2026-09-01] [B] BUY LIMIT 4400 belum kena | harga=4432.80 | PINE=FLAT RSI=45.7
[13:27:18 WIB 2026-09-01] [A] SELL LIMIT 4538 belum kena | harga=4432.16 | PINE=FLAT RSI=45.7
[13:27:18 WIB 2026-09-01] [B] BUY LIMIT 4400 belum kena | harga=4432.16 | PINE=FLAT RSI=45.7
[13:28:18 WIB 2026-09-01] [A] SELL LIMIT 4538 belum kena | harga=4431.98 | PINE=FLAT RSI=45.1
[13:28:18 WIB 2026-09-01] [B] BUY LIMIT 4400 belum kena | harga=4431.98 | PINE=FLAT RSI=45.1
[13:29:18 WIB 2026-09-01] [A] SELL LIMIT 4538 belum kena | harga=4430.42 | PINE=FLAT RSI=44.1
[13:29:18 WIB 2026-09-01] [B] BUY LIMIT 4400 belum kena | harga=4430.42 | PINE=FLAT RSI=44.1
[13:30:18 WIB 2026-09-01] [A] SELL LIMIT 4538 belum kena | harga=4428.85 | PINE=FLAT RSI=43.2
[13:30:18 WIB 2026-09-01] [B] BUY LIMIT 4400 belum kena | harga=4428.85 | PINE=FLAT RSI=43.2
[13:31:18 WIB 2026-09-01] [A] SELL LIMIT 4538 belum kena | harga=4429.35 | PINE=FLAT RSI=43.4
[13:31:18 WIB 2026-09-01] [B] BUY LIMIT 4400 belum kena | harga=4429.35 | PINE=FLAT RSI=43.4
[13:32:18 WIB 2026-09-01] [A] SELL LIMIT 4538 belum kena | harga=4429.95 | PINE=FLAT RSI=43.7
[13:32:18 WIB 2026-09-01] [B] BUY LIMIT 4400 belum kena | harga=4429.95 | PINE=FLAT RSI=43.7
[13:33:18 WIB 2026-09-01] [A] SELL LIMIT 4538 belum kena | harga=4429.53 | PINE=FLAT RSI=43.2
[13:33:18 WIB 2026-09-01] [B] BUY LIMIT 4400 belum kena | harga=4429.53 | PINE=FLAT RSI=43.2
[13:34:18 WIB 2026-09-01] [A] SELL LIMIT 4538 belum kena | harga=4429.90 | PINE=FLAT RSI=43.6
[13:34:18 WIB 2026-09-01] [B] BUY LIMIT 4400 belum kena | harga=4429.90 | PINE=FLAT RSI=43.6
[13:35:18 WIB 2026-09-01] [A] SELL LIMIT 4538 belum kena | harga=4430.15 | PINE=FLAT RSI=43.6
[13:35:18 WIB 2026-09-01] [B] BUY LIMIT 4400 belum kena | harga=4430.15 | PINE=FLAT RSI=43.6
[13:36:18 WIB 2026-09-01] [A] SELL LIMIT 4538 belum kena | harga=4431.76 | PINE=FLAT RSI=45.5
[13:36:18 WIB 2026-09-01] [B] BUY LIMIT 4400 belum kena | harga=4431.76 | PINE=FLAT RSI=45.5
[13:37:18 WIB 2026-09-01] [A] SELL LIMIT 4538 belum kena | harga=4431.31 | PINE=FLAT RSI=45.2
[13:37:18 WIB 2026-09-01] [B] BUY LIMIT 4400 belum kena | harga=4431.31 | PINE=FLAT RSI=45.2
[13:38:18 WIB 2026-09-01] [A] SELL LIMIT 4538 belum kena | harga=4431.63 | PINE=FLAT RSI=45.2
[13:38:18 WIB 2026-09-01] [B] BUY LIMIT 4400 belum kena | harga=4431.63 | PINE=FLAT RSI=45.2
[13:39:18 WIB 2026-09-01] [A] SELL LIMIT 4538 belum kena | harga=4433.75 | PINE=FLAT RSI=47.2
[13:39:18 WIB 2026-09-01] [B] BUY LIMIT 4400 belum kena | harga=4433.75 | PINE=FLAT RSI=47.2
[13:40:18 WIB 2026-09-01] [A] SELL LIMIT 4538 belum kena | harga=4433.26 | PINE=FLAT RSI=47.4
[13:40:18 WIB 2026-09-01] [B] BUY LIMIT 4400 belum kena | harga=4433.26 | PINE=FLAT RSI=47.4
[13:41:18 WIB 2026-09-01] [A] SELL LIMIT 4538 belum kena | harga=4433.16 | PINE=FLAT RSI=46.8
[13:41:18 WIB 2026-09-01] [B] BUY LIMIT 4400 belum kena | harga=4433.16 | PINE=FLAT RSI=46.8
[13:42:18 WIB 2026-09-01] [A] SELL LIMIT 4538 belum kena | harga=4434.35 | PINE=FLAT RSI=47.6
[13:42:18 WIB 2026-09-01] [B] BUY LIMIT 4400 belum kena | harga=4434.35 | PINE=FLAT RSI=47.6
[13:43:18 WIB 2026-09-01] [A] SELL LIMIT 4538 belum kena | harga=4434.80 | PINE=FLAT RSI=47.8
[13:43:18 WIB 2026-09-01] [B] BUY LIMIT 4400 belum kena | harga=4434.80 | PINE=FLAT RSI=47.8
[13:44:18 WIB 2026-09-01] [A] SELL LIMIT 4538 belum kena | harga=4433.27 | PINE=FLAT RSI=47.5
[13:44:18 WIB 2026-09-01] [B] BUY LIMIT 4400 belum kena | harga=4433.27 | PINE=FLAT RSI=47.5
[13:45:18 WIB 2026-09-01] [A] SELL LIMIT 4538 belum kena | harga=4434.94 | PINE=FLAT RSI=48.4
[13:45:18 WIB 2026-09-01] [B] BUY LIMIT 4400 belum kena | harga=4434.94 | PINE=FLAT RSI=48.4
[13:46:18 WIB 2026-09-01] [A] SELL LIMIT 4538 belum kena | harga=4434.24 | PINE=FLAT RSI=48.2
[13:46:18 WIB 2026-09-01] [B] BUY LIMIT 4400 belum kena | harga=4434.24 | PINE=FLAT RSI=48.2
[13:47:18 WIB 2026-09-01] [A] SELL LIMIT 4538 belum kena | harga=4431.20 | PINE=FLAT RSI=45.7
[13:47:18 WIB 2026-09-01] [B] BUY LIMIT 4400 belum kena | harga=4431.20 | PINE=FLAT RSI=45.7
[13:48:18 WIB 2026-09-01] [A] SELL LIMIT 4538 belum kena | harga=4429.91 | PINE=FLAT RSI=44.5
[13:48:18 WIB 2026-09-01] [B] BUY LIMIT 4400 belum kena | harga=4429.91 | PINE=FLAT RSI=44.5
[13:49:18 WIB 2026-09-01] [A] SELL LIMIT 4538 belum kena | harga=4430.40 | PINE=FLAT RSI=45
[13:49:18 WIB 2026-09-01] [B] BUY LIMIT 4400 belum kena | harga=4430.40 | PINE=FLAT RSI=45
[13:50:18 WIB 2026-09-01] [A] SELL LIMIT 4538 belum kena | harga=4430.28 | PINE=FLAT RSI=44.8
[13:50:18 WIB 2026-09-01] [B] BUY LIMIT 4400 belum kena | harga=4430.28 | PINE=FLAT RSI=44.8
[13:51:18 WIB 2026-09-01] [A] SELL LIMIT 4538 belum kena | harga=4429.44 | PINE=FLAT RSI=44.3
[13:51:18 WIB 2026-09-01] [B] BUY LIMIT 4400 belum kena | harga=4429.44 | PINE=FLAT RSI=44.3
[13:52:18 WIB 2026-09-01] [A] SELL LIMIT 4538 belum kena | harga=4428.47 | PINE=FLAT RSI=43.9
[13:52:18 WIB 2026-09-01] [B] BUY LIMIT 4400 belum kena | harga=4428.47 | PINE=FLAT RSI=43.9
[13:53:18 WIB 2026-09-01] [A] SELL LIMIT 4538 belum kena | harga=4429.51 | PINE=FLAT RSI=44.4
[13:53:18 WIB 2026-09-01] [B] BUY LIMIT 4400 belum kena | harga=4429.51 | PINE=FLAT RSI=44.4
[13:54:18 WIB 2026-09-01] [A] SELL LIMIT 4538 belum kena | harga=4430.36 | PINE=FLAT RSI=44.8
[13:54:18 WIB 2026-09-01] [B] BUY LIMIT 4400 belum kena | harga=4430.36 | PINE=FLAT RSI=44.8
[13:55:18 WIB 2026-09-01] [A] SELL LIMIT 4538 belum kena | harga=4430.36 | PINE=FLAT RSI=44.7
[13:55:18 WIB 2026-09-01] [B] BUY LIMIT 4400 belum kena | harga=4430.36 | PINE=FLAT RSI=44.7
[13:56:18 WIB 2026-09-01] [A] SELL LIMIT 4538 belum kena | harga=4430.61 | PINE=FLAT RSI=45.2
[13:56:18 WIB 2026-09-01] [B] BUY LIMIT 4400 belum kena | harga=4430.61 | PINE=FLAT RSI=45.2
[13:57:18 WIB 2026-09-01] [A] SELL LIMIT 4538 belum kena | harga=4430.65 | PINE=FLAT RSI=44.6
[13:57:18 WIB 2026-09-01] [B] BUY LIMIT 4400 belum kena | harga=4430.65 | PINE=FLAT RSI=44.6
[13:58:18 WIB 2026-09-01] [A] SELL LIMIT 4538 belum kena | harga=4430.54 | PINE=FLAT RSI=45.1
[13:58:18 WIB 2026-09-01] [B] BUY LIMIT 4400 belum kena | harga=4430.54 | PINE=FLAT RSI=45.1
[13:59:18 WIB 2026-09-01] [A] SELL LIMIT 4538 belum kena | harga=4430.06 | PINE=FLAT RSI=44.8
[13:59:18 WIB 2026-09-01] [B] BUY LIMIT 4400 belum kena | harga=4430.06 | PINE=FLAT RSI=44.8
[14:00:18 WIB 2026-09-01] [A] SELL LIMIT 4538 belum kena | harga=4430.43 | PINE=FLAT RSI=44.5
[14:00:18 WIB 2026-09-01] [B] BUY LIMIT 4400 belum kena | harga=4430.43 | PINE=FLAT RSI=44.5
[14:01:18 WIB 2026-09-01] [A] SELL LIMIT 4538 belum kena | harga=4431.20 | PINE=FLAT RSI=45.7
[14:01:18 WIB 2026-09-01] [B] BUY LIMIT 4400 belum kena | harga=4431.20 | PINE=FLAT RSI=45.7
[14:02:18 WIB 2026-09-01] [A] SELL LIMIT 4538 belum kena | harga=4432.27 | PINE=FLAT RSI=46.2
[14:02:18 WIB 2026-09-01] [B] BUY LIMIT 4400 belum kena | harga=4432.27 | PINE=FLAT RSI=46.2
[14:03:18 WIB 2026-09-01] [A] SELL LIMIT 4538 belum kena | harga=4434.72 | PINE=FLAT RSI=48.8
[14:03:18 WIB 2026-09-01] [B] BUY LIMIT 4400 belum kena | harga=4434.72 | PINE=FLAT RSI=48.8
[14:04:18 WIB 2026-09-01] [A] SELL LIMIT 4538 belum kena | harga=4432.44 | PINE=FLAT RSI=46.8
[14:04:18 WIB 2026-09-01] [B] BUY LIMIT 4400 belum kena | harga=4432.44 | PINE=FLAT RSI=46.8
[14:05:18 WIB 2026-09-01] [A] SELL LIMIT 4538 belum kena | harga=4434.17 | PINE=FLAT RSI=48.1
[14:05:18 WIB 2026-09-01] [B] BUY LIMIT 4400 belum kena | harga=4434.17 | PINE=FLAT RSI=48.1
[14:06:18 WIB 2026-09-01] [A] SELL LIMIT 4538 belum kena | harga=4432.86 | PINE=FLAT RSI=47
[14:06:18 WIB 2026-09-01] [B] BUY LIMIT 4400 belum kena | harga=4432.86 | PINE=FLAT RSI=47
[14:07:18 WIB 2026-09-01] [A] SELL LIMIT 4538 belum kena | harga=4431.65 | PINE=FLAT RSI=46.1
[14:07:18 WIB 2026-09-01] [B] BUY LIMIT 4400 belum kena | harga=4431.65 | PINE=FLAT RSI=46.1
[14:08:18 WIB 2026-09-01] [A] SELL LIMIT 4538 belum kena | harga=4430.98 | PINE=FLAT RSI=46.5
[14:08:18 WIB 2026-09-01] [B] BUY LIMIT 4400 belum kena | harga=4430.98 | PINE=FLAT RSI=46.5
[14:09:19 WIB 2026-09-01] [A] SELL LIMIT 4538 belum kena | harga=4430.25 | PINE=FLAT RSI=45.5
[14:09:19 WIB 2026-09-01] [B] BUY LIMIT 4400 belum kena | harga=4430.25 | PINE=FLAT RSI=45.5
[14:28:12 WIB 2026-09-01] [A] SELL LIMIT 4538 belum kena | harga=4430.33 | PINE=? RSI=?
[14:28:12 WIB 2026-09-01] [B] BUY LIMIT 4400 belum kena | harga=4430.33 | PINE=? RSI=?
[14:29:09 WIB 2026-09-01] GUARD TF: chart tidak di M15 (interval bar 240 mnt) — auto-set M15, siklus ini dilewati
[14:30:08 WIB 2026-09-01] [A] SELL LIMIT 4538 belum kena | harga=4426.16 | PINE=FLAT RSI=42.6
[14:30:08 WIB 2026-09-01] [B] BUY LIMIT 4400 belum kena | harga=4426.16 | PINE=FLAT RSI=42.6
[14:31:08 WIB 2026-09-01] [A] SELL LIMIT 4538 belum kena | harga=4420.57 | PINE=FLAT RSI=39.2
[14:31:08 WIB 2026-09-01] [B] BUY LIMIT 4400 belum kena | harga=4420.57 | PINE=FLAT RSI=39.2
[14:32:08 WIB 2026-09-01] [A] SELL LIMIT 4538 belum kena | harga=4424.73 | PINE=FLAT RSI=41.2
[14:32:08 WIB 2026-09-01] [B] BUY LIMIT 4400 belum kena | harga=4424.73 | PINE=FLAT RSI=41.2
[14:33:08 WIB 2026-09-01] [A] SELL LIMIT 4538 belum kena | harga=4423.15 | PINE=FLAT RSI=41
[14:33:08 WIB 2026-09-01] [B] BUY LIMIT 4400 belum kena | harga=4423.15 | PINE=FLAT RSI=41
[14:34:09 WIB 2026-09-01] [A] SELL LIMIT 4538 belum kena | harga=4427.15 | PINE=FLAT RSI=42.6
[14:34:09 WIB 2026-09-01] [B] BUY LIMIT 4400 belum kena | harga=4427.15 | PINE=FLAT RSI=42.6
[14:35:09 WIB 2026-09-01] [A] SELL LIMIT 4538 belum kena | harga=4425.60 | PINE=FLAT RSI=42.5
[14:35:09 WIB 2026-09-01] [B] BUY LIMIT 4400 belum kena | harga=4425.60 | PINE=FLAT RSI=42.5
[14:36:09 WIB 2026-09-01] [A] SELL LIMIT 4538 belum kena | harga=4425.13 | PINE=FLAT RSI=42.1
[14:36:09 WIB 2026-09-01] [B] BUY LIMIT 4400 belum kena | harga=4425.13 | PINE=FLAT RSI=42.1
[14:37:09 WIB 2026-09-01] [A] SELL LIMIT 4538 belum kena | harga=4423.82 | PINE=FLAT RSI=41
[14:37:09 WIB 2026-09-01] [B] BUY LIMIT 4400 belum kena | harga=4423.82 | PINE=FLAT RSI=41
[14:38:09 WIB 2026-09-01] [A] SELL LIMIT 4538 belum kena | harga=4420.81 | PINE=FLAT RSI=39.3
[14:38:09 WIB 2026-09-01] [B] BUY LIMIT 4400 belum kena | harga=4420.81 | PINE=FLAT RSI=39.3
[14:39:09 WIB 2026-09-01] [A] SELL LIMIT 4538 belum kena | harga=4420.02 | PINE=FLAT RSI=38.5
[14:39:09 WIB 2026-09-01] [B] BUY LIMIT 4400 belum kena | harga=4420.02 | PINE=FLAT RSI=38.5
[14:40:09 WIB 2026-09-01] [A] SELL LIMIT 4538 belum kena | harga=4418.24 | PINE=FLAT RSI=38.3
[14:40:09 WIB 2026-09-01] [B] BUY LIMIT 4400 belum kena | harga=4418.24 | PINE=FLAT RSI=38.3
[14:41:09 WIB 2026-09-01] [A] SELL LIMIT 4538 belum kena | harga=4417.92 | PINE=FLAT RSI=37.5
[14:41:09 WIB 2026-09-01] [B] BUY LIMIT 4400 belum kena | harga=4417.92 | PINE=FLAT RSI=37.5
[14:42:09 WIB 2026-09-01] [A] SELL LIMIT 4538 belum kena | harga=4419.66 | PINE=FLAT RSI=38.5
[14:42:09 WIB 2026-09-01] [B] BUY LIMIT 4400 belum kena | harga=4419.66 | PINE=FLAT RSI=38.5
[14:43:09 WIB 2026-09-01] [A] SELL LIMIT 4538 belum kena | harga=4421.27 | PINE=FLAT RSI=39.1
[14:43:09 WIB 2026-09-01] [B] BUY LIMIT 4400 belum kena | harga=4421.27 | PINE=FLAT RSI=39.1
[14:44:09 WIB 2026-09-01] [A] SELL LIMIT 4538 belum kena | harga=4421.14 | PINE=FLAT RSI=39.8
[14:44:09 WIB 2026-09-01] [B] BUY LIMIT 4400 belum kena | harga=4421.14 | PINE=FLAT RSI=39.8
[14:45:09 WIB 2026-09-01] [A] SELL LIMIT 4538 belum kena | harga=4418.93 | PINE=FLAT RSI=38.5
[14:45:09 WIB 2026-09-01] [B] BUY LIMIT 4400 belum kena | harga=4418.93 | PINE=FLAT RSI=38.5
[14:46:09 WIB 2026-09-01] [A] SELL LIMIT 4538 belum kena | harga=4417.51 | PINE=FLAT RSI=37.4
[14:46:09 WIB 2026-09-01] [B] BUY LIMIT 4400 belum kena | harga=4417.51 | PINE=FLAT RSI=37.4
[14:47:09 WIB 2026-09-01] [A] SELL LIMIT 4538 belum kena | harga=4418.10 | PINE=FLAT RSI=37.3
[14:47:09 WIB 2026-09-01] [B] BUY LIMIT 4400 belum kena | harga=4418.10 | PINE=FLAT RSI=37.3
[14:48:09 WIB 2026-09-01] [A] SELL LIMIT 4538 belum kena | harga=4419.38 | PINE=FLAT RSI=38.7
[14:48:09 WIB 2026-09-01] [B] BUY LIMIT 4400 belum kena | harga=4419.38 | PINE=FLAT RSI=38.7
[14:49:09 WIB 2026-09-01] [A] SELL LIMIT 4538 belum kena | harga=4422.35 | PINE=FLAT RSI=40.8
[14:49:09 WIB 2026-09-01] [B] BUY LIMIT 4400 belum kena | harga=4422.35 | PINE=FLAT RSI=40.8
[14:50:09 WIB 2026-09-01] [A] SELL LIMIT 4538 belum kena | harga=4422.19 | PINE=FLAT RSI=41
[14:50:09 WIB 2026-09-01] [B] BUY LIMIT 4400 belum kena | harga=4422.19 | PINE=FLAT RSI=41
[14:51:09 WIB 2026-09-01] [A] SELL LIMIT 4538 belum kena | harga=4421.77 | PINE=FLAT RSI=40.9
[14:51:09 WIB 2026-09-01] [B] BUY LIMIT 4400 belum kena | harga=4421.77 | PINE=FLAT RSI=40.9
[14:52:09 WIB 2026-09-01] [A] SELL LIMIT 4538 belum kena | harga=4420.90 | PINE=FLAT RSI=40.1
[14:52:09 WIB 2026-09-01] [B] BUY LIMIT 4400 belum kena | harga=4420.90 | PINE=FLAT RSI=40.1
[14:53:09 WIB 2026-09-01] [A] SELL LIMIT 4538 belum kena | harga=4419.68 | PINE=FLAT RSI=39
[14:53:09 WIB 2026-09-01] [B] BUY LIMIT 4400 belum kena | harga=4419.68 | PINE=FLAT RSI=39
[14:54:09 WIB 2026-09-01] [A] SELL LIMIT 4538 belum kena | harga=4419.51 | PINE=FLAT RSI=39.3
[14:54:09 WIB 2026-09-01] [B] BUY LIMIT 4400 belum kena | harga=4419.51 | PINE=FLAT RSI=39.3
[14:55:09 WIB 2026-09-01] [A] SELL LIMIT 4538 belum kena | harga=4419.06 | PINE=FLAT RSI=38.9
[14:55:09 WIB 2026-09-01] [B] BUY LIMIT 4400 belum kena | harga=4419.06 | PINE=FLAT RSI=38.9
[14:56:09 WIB 2026-09-01] [A] SELL LIMIT 4538 belum kena | harga=4422.11 | PINE=FLAT RSI=40.6
[14:56:09 WIB 2026-09-01] [B] BUY LIMIT 4400 belum kena | harga=4422.11 | PINE=FLAT RSI=40.6
[14:57:09 WIB 2026-09-01] [A] SELL LIMIT 4538 belum kena | harga=4420.92 | PINE=FLAT RSI=39.7
[14:57:09 WIB 2026-09-01] [B] BUY LIMIT 4400 belum kena | harga=4420.92 | PINE=FLAT RSI=39.7
[14:58:09 WIB 2026-09-01] [A] SELL LIMIT 4538 belum kena | harga=4419.26 | PINE=FLAT RSI=38.3
[14:58:09 WIB 2026-09-01] [B] BUY LIMIT 4400 belum kena | harga=4419.26 | PINE=FLAT RSI=38.3
[14:59:09 WIB 2026-09-01] [A] SELL LIMIT 4538 belum kena | harga=4417.41 | PINE=FLAT RSI=37.4
[14:59:09 WIB 2026-09-01] [B] BUY LIMIT 4400 belum kena | harga=4417.41 | PINE=FLAT RSI=37.4
[15:00:09 WIB 2026-09-01] [A] SELL LIMIT 4538 belum kena | harga=4420.18 | PINE=FLAT RSI=39.2
[15:00:09 WIB 2026-09-01] [B] BUY LIMIT 4400 belum kena | harga=4420.18 | PINE=FLAT RSI=39.2
[15:01:09 WIB 2026-09-01] [A] SELL LIMIT 4538 belum kena | harga=4416.91 | PINE=FLAT RSI=37.1
[15:01:09 WIB 2026-09-01] [B] BUY LIMIT 4400 belum kena | harga=4416.91 | PINE=FLAT RSI=37.1
[15:02:09 WIB 2026-09-01] [A] SELL LIMIT 4538 belum kena | harga=4416.81 | PINE=FLAT RSI=37.1
[15:02:09 WIB 2026-09-01] [B] BUY LIMIT 4400 belum kena | harga=4416.81 | PINE=FLAT RSI=37.1
[15:03:09 WIB 2026-09-01] [A] SELL LIMIT 4538 belum kena | harga=4415.31 | PINE=FLAT RSI=36.3
[15:03:09 WIB 2026-09-01] [B] BUY LIMIT 4400 belum kena | harga=4415.31 | PINE=FLAT RSI=36.3
[15:04:09 WIB 2026-09-01] [A] SELL LIMIT 4538 belum kena | harga=4412.71 | PINE=FLAT RSI=36.3
[15:04:09 WIB 2026-09-01] [B] BUY LIMIT 4400 belum kena | harga=4412.71 | PINE=FLAT RSI=36.3
[15:05:09 WIB 2026-09-01] [A] SELL LIMIT 4538 belum kena | harga=4411.80 | PINE=FLAT RSI=35.1
[15:05:09 WIB 2026-09-01] [B] BUY LIMIT 4400 belum kena | harga=4411.80 | PINE=FLAT RSI=35.1
[15:06:09 WIB 2026-09-01] [A] SELL LIMIT 4538 belum kena | harga=4413.01 | PINE=FLAT RSI=36.5
[15:06:09 WIB 2026-09-01] [B] BUY LIMIT 4400 belum kena | harga=4413.01 | PINE=FLAT RSI=36.5
[15:07:09 WIB 2026-09-01] GUARD TF: chart tidak di M15 (interval bar 1440 mnt) — auto-set M15, siklus ini dilewati
[15:08:09 WIB 2026-09-01] [A] SELL LIMIT 4538 belum kena | harga=4404.72 | PINE=FLAT RSI=32.1
[15:08:09 WIB 2026-09-01] [B] BUY LIMIT 4400 belum kena | harga=4404.72 | PINE=FLAT RSI=32.1
[15:09:09 WIB 2026-09-01] GUARD TF: chart tidak di M15 (interval bar 30 mnt) — auto-set M15, siklus ini dilewati
[15:10:09 WIB 2026-09-01] [A] SELL LIMIT 4538 belum kena | harga=4394.42 | PINE=FLAT RSI=30.6
[15:10:09 WIB 2026-09-01] >>> BUY LIMIT B KENA @4400 | harga=4394.42 | PINE=FLAT RSI=30.6
[15:10:09 WIB 2026-09-01] >>> PERINGATAN MISS #12: PINE belum konfirmasi BUY — posisi AGRESIF, siap cut cepat!
[15:10:09 WIB 2026-09-01] === TRACKING B: SL 4355 | TP1 4450 (L1 close) | TP2 4538 (L2 runner) ===
[15:10:09 WIB 2026-09-01] [B] floating -5.6 pips | harga=4394.42 | PINE=FLAT RSI=30.6
[15:11:09 WIB 2026-09-01] [A] SELL LIMIT 4538 belum kena | harga=4391.06 | PINE=FLAT RSI=26.6
[15:11:09 WIB 2026-09-01] >>> BUY LIMIT B KENA @4400 | harga=4391.06 | PINE=FLAT RSI=26.6
[15:11:09 WIB 2026-09-01] >>> PERINGATAN MISS #12: PINE belum konfirmasi BUY — posisi AGRESIF, siap cut cepat!
[15:11:09 WIB 2026-09-01] === TRACKING B: SL 4355 | TP1 4450 (L1 close) | TP2 4538 (L2 runner) ===
[15:11:09 WIB 2026-09-01] [B] floating -8.9 pips | harga=4391.06 | PINE=FLAT RSI=26.6
[15:12:09 WIB 2026-09-01] [LIVE] floating -8.9 pips | harga=4391.07 | PINE=FLAT RSI=26.6
[15:12:09 WIB 2026-09-01] [A] SELL LIMIT 4538 belum kena | harga=4391.07 | PINE=FLAT RSI=26.6
[15:12:09 WIB 2026-09-01] >>> BUY LIMIT B KENA @4400 | harga=4391.07 | PINE=FLAT RSI=26.6
[15:12:09 WIB 2026-09-01] >>> PERINGATAN MISS #12: PINE belum konfirmasi BUY — posisi AGRESIF, siap cut cepat!
[15:12:09 WIB 2026-09-01] === TRACKING B: SL 4355 | TP1 4450 (L1 close) | TP2 4538 (L2 runner) ===
[15:12:09 WIB 2026-09-01] [B] floating -8.9 pips | harga=4391.07 | PINE=FLAT RSI=26.6
[15:13:09 WIB 2026-09-01] [LIVE] floating -1.0 pips | harga=4398.98 | PINE=FLAT RSI=28.9
[15:13:09 WIB 2026-09-01] [A] SELL LIMIT 4538 belum kena | harga=4398.98 | PINE=FLAT RSI=28.9
[15:13:09 WIB 2026-09-01] >>> BUY LIMIT B KENA @4400 | harga=4398.98 | PINE=FLAT RSI=28.9
[15:13:09 WIB 2026-09-01] >>> PERINGATAN MISS #12: PINE belum konfirmasi BUY — posisi AGRESIF, siap cut cepat!
[15:13:09 WIB 2026-09-01] === TRACKING B: SL 4355 | TP1 4450 (L1 close) | TP2 4538 (L2 runner) ===
[15:13:09 WIB 2026-09-01] [B] floating -1.0 pips | harga=4398.98 | PINE=FLAT RSI=28.9
[15:14:09 WIB 2026-09-01] [LIVE] floating 5.0 pips | harga=4404.96 | PINE=FLAT RSI=32.3
[15:14:09 WIB 2026-09-01] [A] SELL LIMIT 4538 belum kena | harga=4404.96 | PINE=FLAT RSI=32.3
[15:14:09 WIB 2026-09-01] >>> BUY LIMIT B KENA @4400 | harga=4404.96 | PINE=FLAT RSI=32.3
[15:14:09 WIB 2026-09-01] >>> PERINGATAN MISS #12: PINE belum konfirmasi BUY — posisi AGRESIF, siap cut cepat!
[15:14:09 WIB 2026-09-01] === TRACKING B: SL 4355 | TP1 4450 (L1 close) | TP2 4538 (L2 runner) ===
[15:14:09 WIB 2026-09-01] [B] floating 5.0 pips | harga=4404.96 | PINE=FLAT RSI=32.3
[15:15:09 WIB 2026-09-01] [LIVE] floating 5.3 pips | harga=4405.27 | PINE=FLAT RSI=31.7
[15:15:09 WIB 2026-09-01] [A] SELL LIMIT 4538 belum kena | harga=4405.27 | PINE=FLAT RSI=31.7
[15:15:09 WIB 2026-09-01] >>> BUY LIMIT B KENA @4400 | harga=4405.27 | PINE=FLAT RSI=31.7
[15:15:09 WIB 2026-09-01] >>> PERINGATAN MISS #12: PINE belum konfirmasi BUY — posisi AGRESIF, siap cut cepat!
[15:15:09 WIB 2026-09-01] === TRACKING B: SL 4355 | TP1 4450 (L1 close) | TP2 4538 (L2 runner) ===
[15:15:09 WIB 2026-09-01] [B] floating 5.3 pips | harga=4405.27 | PINE=FLAT RSI=31.7
[15:16:09 WIB 2026-09-01] [LIVE] floating 2.2 pips | harga=4402.24 | PINE=FLAT RSI=30.8
[15:16:09 WIB 2026-09-01] [A] SELL LIMIT 4538 belum kena | harga=4402.24 | PINE=FLAT RSI=30.8
[15:16:09 WIB 2026-09-01] [B] BUY LIMIT 4400 belum kena | harga=4402.24 | PINE=FLAT RSI=30.8
[15:17:09 WIB 2026-09-01] [LIVE] floating 1.3 pips | harga=4401.25 | PINE=FLAT RSI=29.7
[15:17:09 WIB 2026-09-01] [A] SELL LIMIT 4538 belum kena | harga=4401.25 | PINE=FLAT RSI=29.7
[15:17:09 WIB 2026-09-01] >>> BUY LIMIT B KENA @4400 | harga=4401.25 | PINE=FLAT RSI=29.7
[15:17:09 WIB 2026-09-01] >>> PERINGATAN MISS #12: PINE belum konfirmasi BUY — posisi AGRESIF, siap cut cepat!
[15:17:09 WIB 2026-09-01] === TRACKING B: SL 4355 | TP1 4450 (L1 close) | TP2 4538 (L2 runner) ===
[15:17:09 WIB 2026-09-01] [B] floating 1.3 pips | harga=4401.25 | PINE=FLAT RSI=29.7
[15:18:09 WIB 2026-09-01] [LIVE] floating -1.9 pips | harga=4398.09 | PINE=FLAT RSI=28.9
[15:18:09 WIB 2026-09-01] [A] SELL LIMIT 4538 belum kena | harga=4398.09 | PINE=FLAT RSI=28.9
[15:18:09 WIB 2026-09-01] >>> BUY LIMIT B KENA @4400 | harga=4398.09 | PINE=FLAT RSI=28.9
[15:18:09 WIB 2026-09-01] >>> PERINGATAN MISS #12: PINE belum konfirmasi BUY — posisi AGRESIF, siap cut cepat!
[15:18:09 WIB 2026-09-01] === TRACKING B: SL 4355 | TP1 4450 (L1 close) | TP2 4538 (L2 runner) ===
[15:18:09 WIB 2026-09-01] [B] floating -1.9 pips | harga=4398.09 | PINE=FLAT RSI=28.9
[15:19:09 WIB 2026-09-01] [LIVE] floating -4.4 pips | harga=4395.56 | PINE=FLAT RSI=28.2
[15:19:09 WIB 2026-09-01] [A] SELL LIMIT 4538 belum kena | harga=4395.56 | PINE=FLAT RSI=28.2
[15:19:09 WIB 2026-09-01] >>> BUY LIMIT B KENA @4400 | harga=4395.56 | PINE=FLAT RSI=28.2
[15:19:09 WIB 2026-09-01] >>> PERINGATAN MISS #12: PINE belum konfirmasi BUY — posisi AGRESIF, siap cut cepat!
[15:19:09 WIB 2026-09-01] === TRACKING B: SL 4355 | TP1 4450 (L1 close) | TP2 4538 (L2 runner) ===
[15:19:09 WIB 2026-09-01] [B] floating -4.4 pips | harga=4395.56 | PINE=FLAT RSI=28.2
[15:20:09 WIB 2026-09-01] [LIVE] floating -4.0 pips | harga=4395.98 | PINE=FLAT RSI=28.3
[15:20:09 WIB 2026-09-01] [A] SELL LIMIT 4538 belum kena | harga=4395.98 | PINE=FLAT RSI=28.3
[15:20:09 WIB 2026-09-01] >>> BUY LIMIT B KENA @4400 | harga=4395.98 | PINE=FLAT RSI=28.3
[15:20:09 WIB 2026-09-01] >>> PERINGATAN MISS #12: PINE belum konfirmasi BUY — posisi AGRESIF, siap cut cepat!
[15:20:09 WIB 2026-09-01] === TRACKING B: SL 4355 | TP1 4450 (L1 close) | TP2 4538 (L2 runner) ===
[15:20:09 WIB 2026-09-01] [B] floating -4.0 pips | harga=4395.98 | PINE=FLAT RSI=28.3
[15:21:09 WIB 2026-09-01] [LIVE] floating -3.4 pips | harga=4396.65 | PINE=FLAT RSI=28.4
[15:21:09 WIB 2026-09-01] [A] SELL LIMIT 4538 belum kena | harga=4396.65 | PINE=FLAT RSI=28.4
[15:21:09 WIB 2026-09-01] >>> BUY LIMIT B KENA @4400 | harga=4396.65 | PINE=FLAT RSI=28.4
[15:21:09 WIB 2026-09-01] >>> PERINGATAN MISS #12: PINE belum konfirmasi BUY — posisi AGRESIF, siap cut cepat!
[15:21:09 WIB 2026-09-01] === TRACKING B: SL 4355 | TP1 4450 (L1 close) | TP2 4538 (L2 runner) ===
[15:21:09 WIB 2026-09-01] [B] floating -3.4 pips | harga=4396.65 | PINE=FLAT RSI=28.4
[15:22:09 WIB 2026-09-01] [LIVE] floating -4.5 pips | harga=4395.47 | PINE=FLAT RSI=28.4
[15:22:09 WIB 2026-09-01] [A] SELL LIMIT 4538 belum kena | harga=4395.47 | PINE=FLAT RSI=28.4
[15:22:09 WIB 2026-09-01] >>> BUY LIMIT B KENA @4400 | harga=4395.47 | PINE=FLAT RSI=28.4
[15:22:09 WIB 2026-09-01] >>> PERINGATAN MISS #12: PINE belum konfirmasi BUY — posisi AGRESIF, siap cut cepat!
[15:22:09 WIB 2026-09-01] === TRACKING B: SL 4355 | TP1 4450 (L1 close) | TP2 4538 (L2 runner) ===
[15:22:09 WIB 2026-09-01] [B] floating -4.5 pips | harga=4395.47 | PINE=FLAT RSI=28.4
[15:23:09 WIB 2026-09-01] [LIVE] floating -5.1 pips | harga=4394.88 | PINE=FLAT RSI=27.9
[15:23:09 WIB 2026-09-01] [A] SELL LIMIT 4538 belum kena | harga=4394.88 | PINE=FLAT RSI=27.9
[15:23:09 WIB 2026-09-01] >>> BUY LIMIT B KENA @4400 | harga=4394.88 | PINE=FLAT RSI=27.9
[15:23:09 WIB 2026-09-01] >>> PERINGATAN MISS #12: PINE belum konfirmasi BUY — posisi AGRESIF, siap cut cepat!
[15:23:09 WIB 2026-09-01] === TRACKING B: SL 4355 | TP1 4450 (L1 close) | TP2 4538 (L2 runner) ===
[15:23:09 WIB 2026-09-01] [B] floating -5.1 pips | harga=4394.88 | PINE=FLAT RSI=27.9
[15:24:09 WIB 2026-09-01] [LIVE] floating -12.5 pips | harga=4387.48 | PINE=FLAT RSI=25.9
[15:24:09 WIB 2026-09-01] [A] SELL LIMIT 4538 belum kena | harga=4387.48 | PINE=FLAT RSI=25.9
[15:24:09 WIB 2026-09-01] >>> BUY LIMIT B KENA @4400 | harga=4387.48 | PINE=FLAT RSI=25.9
[15:24:09 WIB 2026-09-01] >>> PERINGATAN MISS #12: PINE belum konfirmasi BUY — posisi AGRESIF, siap cut cepat!
[15:24:09 WIB 2026-09-01] === TRACKING B: SL 4355 | TP1 4450 (L1 close) | TP2 4538 (L2 runner) ===
[15:24:09 WIB 2026-09-01] [B] floating -12.5 pips | harga=4387.48 | PINE=FLAT RSI=25.9
[15:25:09 WIB 2026-09-01] [LIVE] floating -15.2 pips | harga=4384.76 | PINE=FLAT RSI=24.9
[15:25:09 WIB 2026-09-01] [A] SELL LIMIT 4538 belum kena | harga=4384.76 | PINE=FLAT RSI=24.9
[15:25:09 WIB 2026-09-01] >>> BUY LIMIT B KENA @4400 | harga=4384.76 | PINE=FLAT RSI=24.9
[15:25:09 WIB 2026-09-01] >>> PERINGATAN MISS #12: PINE belum konfirmasi BUY — posisi AGRESIF, siap cut cepat!
[15:25:09 WIB 2026-09-01] === TRACKING B: SL 4355 | TP1 4450 (L1 close) | TP2 4538 (L2 runner) ===
[15:25:09 WIB 2026-09-01] [B] floating -15.2 pips | harga=4384.76 | PINE=FLAT RSI=24.9
[15:26:09 WIB 2026-09-01] [LIVE] floating -15.6 pips | harga=4384.40 | PINE=FLAT RSI=24.9
[15:26:09 WIB 2026-09-01] [A] SELL LIMIT 4538 belum kena | harga=4384.40 | PINE=FLAT RSI=24.9
[15:26:09 WIB 2026-09-01] >>> BUY LIMIT B KENA @4400 | harga=4384.40 | PINE=FLAT RSI=24.9
[15:26:09 WIB 2026-09-01] >>> PERINGATAN MISS #12: PINE belum konfirmasi BUY — posisi AGRESIF, siap cut cepat!
[15:26:09 WIB 2026-09-01] === TRACKING B: SL 4355 | TP1 4450 (L1 close) | TP2 4538 (L2 runner) ===
[15:26:09 WIB 2026-09-01] [B] floating -15.6 pips | harga=4384.40 | PINE=FLAT RSI=24.9
[15:27:09 WIB 2026-09-01] [LIVE] floating -13.1 pips | harga=4386.91 | PINE=FLAT RSI=25
[15:27:09 WIB 2026-09-01] [A] SELL LIMIT 4538 belum kena | harga=4386.91 | PINE=FLAT RSI=25
[15:27:09 WIB 2026-09-01] >>> BUY LIMIT B KENA @4400 | harga=4386.91 | PINE=FLAT RSI=25
[15:27:09 WIB 2026-09-01] >>> PERINGATAN MISS #12: PINE belum konfirmasi BUY — posisi AGRESIF, siap cut cepat!
[15:27:09 WIB 2026-09-01] === TRACKING B: SL 4355 | TP1 4450 (L1 close) | TP2 4538 (L2 runner) ===
[15:27:09 WIB 2026-09-01] [B] floating -13.1 pips | harga=4386.91 | PINE=FLAT RSI=25
[15:28:09 WIB 2026-09-01] [LIVE] floating -12.6 pips | harga=4387.41 | PINE=FLAT RSI=25.3
[15:28:09 WIB 2026-09-01] [A] SELL LIMIT 4538 belum kena | harga=4387.41 | PINE=FLAT RSI=25.3
[15:28:09 WIB 2026-09-01] >>> BUY LIMIT B KENA @4400 | harga=4387.41 | PINE=FLAT RSI=25.3
[15:28:09 WIB 2026-09-01] >>> PERINGATAN MISS #12: PINE belum konfirmasi BUY — posisi AGRESIF, siap cut cepat!
[15:28:09 WIB 2026-09-01] === TRACKING B: SL 4355 | TP1 4450 (L1 close) | TP2 4538 (L2 runner) ===
[15:28:09 WIB 2026-09-01] [B] floating -12.6 pips | harga=4387.41 | PINE=FLAT RSI=25.3
[15:29:09 WIB 2026-09-01] [LIVE] floating -18.1 pips | harga=4381.92 | PINE=FLAT RSI=24.4
[15:29:09 WIB 2026-09-01] [A] SELL LIMIT 4538 belum kena | harga=4381.92 | PINE=FLAT RSI=24.4
[15:29:09 WIB 2026-09-01] >>> BUY LIMIT B KENA @4400 | harga=4381.92 | PINE=FLAT RSI=24.4
[15:29:09 WIB 2026-09-01] >>> PERINGATAN MISS #12: PINE belum konfirmasi BUY — posisi AGRESIF, siap cut cepat!
[15:29:09 WIB 2026-09-01] === TRACKING B: SL 4355 | TP1 4450 (L1 close) | TP2 4538 (L2 runner) ===
[15:29:09 WIB 2026-09-01] [B] floating -18.1 pips | harga=4381.92 | PINE=FLAT RSI=24.4
[15:30:09 WIB 2026-09-01] [LIVE] floating -17.5 pips | harga=4382.49 | PINE=FLAT RSI=24.5
[15:30:09 WIB 2026-09-01] [A] SELL LIMIT 4538 belum kena | harga=4382.49 | PINE=FLAT RSI=24.5
[15:30:09 WIB 2026-09-01] >>> BUY LIMIT B KENA @4400 | harga=4382.49 | PINE=FLAT RSI=24.5
[15:30:09 WIB 2026-09-01] >>> PERINGATAN MISS #12: PINE belum konfirmasi BUY — posisi AGRESIF, siap cut cepat!
[15:30:09 WIB 2026-09-01] === TRACKING B: SL 4355 | TP1 4450 (L1 close) | TP2 4538 (L2 runner) ===
[15:30:09 WIB 2026-09-01] [B] floating -17.5 pips | harga=4382.49 | PINE=FLAT RSI=24.5
[15:31:09 WIB 2026-09-01] [LIVE] floating -21.4 pips | harga=4378.60 | PINE=FLAT RSI=22.7
[15:31:09 WIB 2026-09-01] [A] SELL LIMIT 4538 belum kena | harga=4378.60 | PINE=FLAT RSI=22.7
[15:31:09 WIB 2026-09-01] >>> BUY LIMIT B KENA @4400 | harga=4378.60 | PINE=FLAT RSI=22.7
[15:31:09 WIB 2026-09-01] >>> PERINGATAN MISS #12: PINE belum konfirmasi BUY — posisi AGRESIF, siap cut cepat!
[15:31:09 WIB 2026-09-01] === TRACKING B: SL 4355 | TP1 4450 (L1 close) | TP2 4538 (L2 runner) ===
[15:31:09 WIB 2026-09-01] [B] floating -21.4 pips | harga=4378.60 | PINE=FLAT RSI=22.7
[15:32:09 WIB 2026-09-01] [LIVE] floating -20.3 pips | harga=4379.69 | PINE=FLAT RSI=22.9
[15:32:09 WIB 2026-09-01] [A] SELL LIMIT 4538 belum kena | harga=4379.69 | PINE=FLAT RSI=22.9
[15:32:09 WIB 2026-09-01] >>> BUY LIMIT B KENA @4400 | harga=4379.69 | PINE=FLAT RSI=22.9
[15:32:09 WIB 2026-09-01] >>> PERINGATAN MISS #12: PINE belum konfirmasi BUY — posisi AGRESIF, siap cut cepat!
[15:32:09 WIB 2026-09-01] === TRACKING B: SL 4355 | TP1 4450 (L1 close) | TP2 4538 (L2 runner) ===
[15:32:09 WIB 2026-09-01] [B] floating -20.3 pips | harga=4379.69 | PINE=FLAT RSI=22.9
[15:33:09 WIB 2026-09-01] [LIVE] floating -23.2 pips | harga=4376.82 | PINE=FLAT RSI=22.4
[15:33:09 WIB 2026-09-01] [A] SELL LIMIT 4538 belum kena | harga=4376.82 | PINE=FLAT RSI=22.4
[15:33:09 WIB 2026-09-01] >>> BUY LIMIT B KENA @4400 | harga=4376.82 | PINE=FLAT RSI=22.4
[15:33:09 WIB 2026-09-01] >>> PERINGATAN MISS #12: PINE belum konfirmasi BUY — posisi AGRESIF, siap cut cepat!
[15:33:09 WIB 2026-09-01] === TRACKING B: SL 4355 | TP1 4450 (L1 close) | TP2 4538 (L2 runner) ===
[15:33:09 WIB 2026-09-01] [B] floating -23.2 pips | harga=4376.82 | PINE=FLAT RSI=22.4
[15:34:09 WIB 2026-09-01] [LIVE] floating -25.7 pips | harga=4374.31 | PINE=FLAT RSI=22.7
[15:34:09 WIB 2026-09-01] [A] SELL LIMIT 4538 belum kena | harga=4374.31 | PINE=FLAT RSI=22.7
[15:34:09 WIB 2026-09-01] >>> BUY LIMIT B KENA @4400 | harga=4374.31 | PINE=FLAT RSI=22.7
[15:34:09 WIB 2026-09-01] >>> PERINGATAN MISS #12: PINE belum konfirmasi BUY — posisi AGRESIF, siap cut cepat!
[15:34:09 WIB 2026-09-01] === TRACKING B: SL 4355 | TP1 4450 (L1 close) | TP2 4538 (L2 runner) ===
[15:34:09 WIB 2026-09-01] [B] floating -25.7 pips | harga=4374.31 | PINE=FLAT RSI=22.7
[15:35:09 WIB 2026-09-01] [LIVE] floating -25.7 pips | harga=4374.27 | PINE=FLAT RSI=21.9
[15:35:09 WIB 2026-09-01] [A] SELL LIMIT 4538 belum kena | harga=4374.27 | PINE=FLAT RSI=21.9
[15:35:09 WIB 2026-09-01] >>> BUY LIMIT B KENA @4400 | harga=4374.27 | PINE=FLAT RSI=21.9
[15:35:09 WIB 2026-09-01] >>> PERINGATAN MISS #12: PINE belum konfirmasi BUY — posisi AGRESIF, siap cut cepat!
[15:35:09 WIB 2026-09-01] === TRACKING B: SL 4355 | TP1 4450 (L1 close) | TP2 4538 (L2 runner) ===
[15:35:09 WIB 2026-09-01] [B] floating -25.7 pips | harga=4374.27 | PINE=FLAT RSI=21.9
[15:36:09 WIB 2026-09-01] [LIVE] floating -25.5 pips | harga=4374.52 | PINE=FLAT RSI=22.5
[15:36:09 WIB 2026-09-01] [A] SELL LIMIT 4538 belum kena | harga=4374.52 | PINE=FLAT RSI=22.5
[15:36:09 WIB 2026-09-01] >>> BUY LIMIT B KENA @4400 | harga=4374.52 | PINE=FLAT RSI=22.5
[15:36:09 WIB 2026-09-01] >>> PERINGATAN MISS #12: PINE belum konfirmasi BUY — posisi AGRESIF, siap cut cepat!
[15:36:09 WIB 2026-09-01] === TRACKING B: SL 4355 | TP1 4450 (L1 close) | TP2 4538 (L2 runner) ===
[15:36:09 WIB 2026-09-01] [B] floating -25.5 pips | harga=4374.52 | PINE=FLAT RSI=22.5
[15:37:09 WIB 2026-09-01] [LIVE] floating -25.4 pips | harga=4374.59 | PINE=FLAT RSI=22.1
[15:37:09 WIB 2026-09-01] [A] SELL LIMIT 4538 belum kena | harga=4374.59 | PINE=FLAT RSI=22.1
[15:37:09 WIB 2026-09-01] >>> BUY LIMIT B KENA @4400 | harga=4374.59 | PINE=FLAT RSI=22.1
[15:37:09 WIB 2026-09-01] >>> PERINGATAN MISS #12: PINE belum konfirmasi BUY — posisi AGRESIF, siap cut cepat!
[15:37:09 WIB 2026-09-01] === TRACKING B: SL 4355 | TP1 4450 (L1 close) | TP2 4538 (L2 runner) ===
[15:37:09 WIB 2026-09-01] [B] floating -25.4 pips | harga=4374.59 | PINE=FLAT RSI=22.1
[15:38:09 WIB 2026-09-01] [LIVE] floating -29.2 pips | harga=4370.83 | PINE=FLAT RSI=21.7
[15:38:09 WIB 2026-09-01] [A] SELL LIMIT 4538 belum kena | harga=4370.83 | PINE=FLAT RSI=21.7
[15:38:09 WIB 2026-09-01] >>> BUY LIMIT B KENA @4400 | harga=4370.83 | PINE=FLAT RSI=21.7
[15:38:09 WIB 2026-09-01] >>> PERINGATAN MISS #12: PINE belum konfirmasi BUY — posisi AGRESIF, siap cut cepat!
[15:38:09 WIB 2026-09-01] === TRACKING B: SL 4355 | TP1 4450 (L1 close) | TP2 4538 (L2 runner) ===
[15:38:09 WIB 2026-09-01] [B] floating -29.2 pips | harga=4370.83 | PINE=FLAT RSI=21.7
[15:39:09 WIB 2026-09-01] [LIVE] floating -25.0 pips | harga=4375.00 | PINE=FLAT RSI=22.2
[15:39:09 WIB 2026-09-01] [A] SELL LIMIT 4538 belum kena | harga=4375.00 | PINE=FLAT RSI=22.2
[15:39:09 WIB 2026-09-01] >>> BUY LIMIT B KENA @4400 | harga=4375.00 | PINE=FLAT RSI=22.2
[15:39:09 WIB 2026-09-01] >>> PERINGATAN MISS #12: PINE belum konfirmasi BUY — posisi AGRESIF, siap cut cepat!
[15:39:09 WIB 2026-09-01] === TRACKING B: SL 4355 | TP1 4450 (L1 close) | TP2 4538 (L2 runner) ===
[15:39:09 WIB 2026-09-01] [B] floating -25.0 pips | harga=4375.00 | PINE=FLAT RSI=22.2
[15:40:09 WIB 2026-09-01] [LIVE] floating -25.3 pips | harga=4374.73 | PINE=FLAT RSI=22.2
[15:40:09 WIB 2026-09-01] [A] SELL LIMIT 4538 belum kena | harga=4374.73 | PINE=FLAT RSI=22.2
[15:40:09 WIB 2026-09-01] >>> BUY LIMIT B KENA @4400 | harga=4374.73 | PINE=FLAT RSI=22.2
[15:40:09 WIB 2026-09-01] >>> PERINGATAN MISS #12: PINE belum konfirmasi BUY — posisi AGRESIF, siap cut cepat!
[15:40:09 WIB 2026-09-01] === TRACKING B: SL 4355 | TP1 4450 (L1 close) | TP2 4538 (L2 runner) ===
[15:40:09 WIB 2026-09-01] [B] floating -25.3 pips | harga=4374.73 | PINE=FLAT RSI=22.2
[15:41:09 WIB 2026-09-01] [LIVE] floating -19.5 pips | harga=4380.45 | PINE=FLAT RSI=23.2
[15:41:09 WIB 2026-09-01] [A] SELL LIMIT 4538 belum kena | harga=4380.45 | PINE=FLAT RSI=23.2
[15:41:09 WIB 2026-09-01] >>> BUY LIMIT B KENA @4400 | harga=4380.45 | PINE=FLAT RSI=23.2
[15:41:09 WIB 2026-09-01] >>> PERINGATAN MISS #12: PINE belum konfirmasi BUY — posisi AGRESIF, siap cut cepat!
[15:41:09 WIB 2026-09-01] === TRACKING B: SL 4355 | TP1 4450 (L1 close) | TP2 4538 (L2 runner) ===
[15:41:09 WIB 2026-09-01] [B] floating -19.5 pips | harga=4380.45 | PINE=FLAT RSI=23.2
[15:42:09 WIB 2026-09-01] [LIVE] floating -22.5 pips | harga=4377.51 | PINE=FLAT RSI=22.8
[15:42:09 WIB 2026-09-01] [A] SELL LIMIT 4538 belum kena | harga=4377.51 | PINE=FLAT RSI=22.8
[15:42:09 WIB 2026-09-01] >>> BUY LIMIT B KENA @4400 | harga=4377.51 | PINE=FLAT RSI=22.8
[15:42:09 WIB 2026-09-01] >>> PERINGATAN MISS #12: PINE belum konfirmasi BUY — posisi AGRESIF, siap cut cepat!
[15:42:09 WIB 2026-09-01] === TRACKING B: SL 4355 | TP1 4450 (L1 close) | TP2 4538 (L2 runner) ===
[15:42:09 WIB 2026-09-01] [B] floating -22.5 pips | harga=4377.51 | PINE=FLAT RSI=22.8
[15:43:09 WIB 2026-09-01] [LIVE] floating -23.4 pips | harga=4376.55 | PINE=FLAT RSI=22.7
[15:43:09 WIB 2026-09-01] [A] SELL LIMIT 4538 belum kena | harga=4376.55 | PINE=FLAT RSI=22.7
[15:43:09 WIB 2026-09-01] >>> BUY LIMIT B KENA @4400 | harga=4376.55 | PINE=FLAT RSI=22.7
[15:43:09 WIB 2026-09-01] >>> PERINGATAN MISS #12: PINE belum konfirmasi BUY — posisi AGRESIF, siap cut cepat!
[15:43:09 WIB 2026-09-01] === TRACKING B: SL 4355 | TP1 4450 (L1 close) | TP2 4538 (L2 runner) ===
[15:43:09 WIB 2026-09-01] [B] floating -23.4 pips | harga=4376.55 | PINE=FLAT RSI=22.7
[15:44:09 WIB 2026-09-01] [LIVE] floating -28.8 pips | harga=4371.21 | PINE=FLAT RSI=21.5
[15:44:09 WIB 2026-09-01] [A] SELL LIMIT 4538 belum kena | harga=4371.21 | PINE=FLAT RSI=21.5
[15:44:09 WIB 2026-09-01] >>> BUY LIMIT B KENA @4400 | harga=4371.21 | PINE=FLAT RSI=21.5
[15:44:09 WIB 2026-09-01] >>> PERINGATAN MISS #12: PINE belum konfirmasi BUY — posisi AGRESIF, siap cut cepat!
[15:44:09 WIB 2026-09-01] === TRACKING B: SL 4355 | TP1 4450 (L1 close) | TP2 4538 (L2 runner) ===
[15:44:09 WIB 2026-09-01] [B] floating -28.8 pips | harga=4371.21 | PINE=FLAT RSI=21.5
[15:45:09 WIB 2026-09-01] [LIVE] floating -23.4 pips | harga=4376.56 | PINE=FLAT RSI=22.5
[15:45:09 WIB 2026-09-01] [A] SELL LIMIT 4538 belum kena | harga=4376.56 | PINE=FLAT RSI=22.5
[15:45:09 WIB 2026-09-01] >>> BUY LIMIT B KENA @4400 | harga=4376.56 | PINE=FLAT RSI=22.5
[15:45:09 WIB 2026-09-01] >>> PERINGATAN MISS #12: PINE belum konfirmasi BUY — posisi AGRESIF, siap cut cepat!
[15:45:09 WIB 2026-09-01] === TRACKING B: SL 4355 | TP1 4450 (L1 close) | TP2 4538 (L2 runner) ===
[15:45:09 WIB 2026-09-01] [B] floating -23.4 pips | harga=4376.56 | PINE=FLAT RSI=22.5
[15:46:09 WIB 2026-09-01] [LIVE] floating -22.4 pips | harga=4377.60 | PINE=FLAT RSI=24.1
[15:46:09 WIB 2026-09-01] [A] SELL LIMIT 4538 belum kena | harga=4377.60 | PINE=FLAT RSI=24.1
[15:46:09 WIB 2026-09-01] >>> BUY LIMIT B KENA @4400 | harga=4377.60 | PINE=FLAT RSI=24.1
[15:46:09 WIB 2026-09-01] >>> PERINGATAN MISS #12: PINE belum konfirmasi BUY — posisi AGRESIF, siap cut cepat!
[15:46:09 WIB 2026-09-01] === TRACKING B: SL 4355 | TP1 4450 (L1 close) | TP2 4538 (L2 runner) ===
[15:46:09 WIB 2026-09-01] [B] floating -22.4 pips | harga=4377.60 | PINE=FLAT RSI=24.1
[15:47:09 WIB 2026-09-01] [LIVE] floating -25.2 pips | harga=4374.80 | PINE=FLAT RSI=22.4
[15:47:09 WIB 2026-09-01] [A] SELL LIMIT 4538 belum kena | harga=4374.80 | PINE=FLAT RSI=22.4
[15:47:09 WIB 2026-09-01] >>> BUY LIMIT B KENA @4400 | harga=4374.80 | PINE=FLAT RSI=22.4
[15:47:09 WIB 2026-09-01] >>> PERINGATAN MISS #12: PINE belum konfirmasi BUY — posisi AGRESIF, siap cut cepat!
[15:47:09 WIB 2026-09-01] === TRACKING B: SL 4355 | TP1 4450 (L1 close) | TP2 4538 (L2 runner) ===
[15:47:09 WIB 2026-09-01] [B] floating -25.2 pips | harga=4374.80 | PINE=FLAT RSI=22.4
[15:48:09 WIB 2026-09-01] [LIVE] floating -24.4 pips | harga=4375.62 | PINE=FLAT RSI=22.2
[15:48:09 WIB 2026-09-01] [A] SELL LIMIT 4538 belum kena | harga=4375.62 | PINE=FLAT RSI=22.2
[15:48:09 WIB 2026-09-01] >>> BUY LIMIT B KENA @4400 | harga=4375.62 | PINE=FLAT RSI=22.2
[15:48:09 WIB 2026-09-01] >>> PERINGATAN MISS #12: PINE belum konfirmasi BUY — posisi AGRESIF, siap cut cepat!
[15:48:09 WIB 2026-09-01] === TRACKING B: SL 4355 | TP1 4450 (L1 close) | TP2 4538 (L2 runner) ===
[15:48:09 WIB 2026-09-01] [B] floating -24.4 pips | harga=4375.62 | PINE=FLAT RSI=22.2
[15:49:09 WIB 2026-09-01] [LIVE] floating -24.1 pips | harga=4375.91 | PINE=FLAT RSI=22.4
[15:49:09 WIB 2026-09-01] [A] SELL LIMIT 4538 belum kena | harga=4375.91 | PINE=FLAT RSI=22.4
[15:49:09 WIB 2026-09-01] >>> BUY LIMIT B KENA @4400 | harga=4375.91 | PINE=FLAT RSI=22.4
[15:49:09 WIB 2026-09-01] >>> PERINGATAN MISS #12: PINE belum konfirmasi BUY — posisi AGRESIF, siap cut cepat!
[15:49:09 WIB 2026-09-01] === TRACKING B: SL 4355 | TP1 4450 (L1 close) | TP2 4538 (L2 runner) ===
[15:49:09 WIB 2026-09-01] [B] floating -24.1 pips | harga=4375.91 | PINE=FLAT RSI=22.4
[15:50:09 WIB 2026-09-01] [LIVE] floating -22.7 pips | harga=4377.31 | PINE=FLAT RSI=23.3
[15:50:09 WIB 2026-09-01] [A] SELL LIMIT 4538 belum kena | harga=4377.31 | PINE=FLAT RSI=23.3
[15:50:09 WIB 2026-09-01] >>> BUY LIMIT B KENA @4400 | harga=4377.31 | PINE=FLAT RSI=23.3
[15:50:09 WIB 2026-09-01] >>> PERINGATAN MISS #12: PINE belum konfirmasi BUY — posisi AGRESIF, siap cut cepat!
[15:50:09 WIB 2026-09-01] === TRACKING B: SL 4355 | TP1 4450 (L1 close) | TP2 4538 (L2 runner) ===
[15:50:09 WIB 2026-09-01] [B] floating -22.7 pips | harga=4377.31 | PINE=FLAT RSI=23.3
[15:51:09 WIB 2026-09-01] [LIVE] floating -25.2 pips | harga=4374.78 | PINE=FLAT RSI=22.3
[15:51:09 WIB 2026-09-01] [A] SELL LIMIT 4538 belum kena | harga=4374.78 | PINE=FLAT RSI=22.3
[15:51:09 WIB 2026-09-01] >>> BUY LIMIT B KENA @4400 | harga=4374.78 | PINE=FLAT RSI=22.3
[15:51:09 WIB 2026-09-01] >>> PERINGATAN MISS #12: PINE belum konfirmasi BUY — posisi AGRESIF, siap cut cepat!
[15:51:09 WIB 2026-09-01] === TRACKING B: SL 4355 | TP1 4450 (L1 close) | TP2 4538 (L2 runner) ===
[15:51:09 WIB 2026-09-01] [B] floating -25.2 pips | harga=4374.78 | PINE=FLAT RSI=22.3
[15:52:09 WIB 2026-09-01] [LIVE] floating -24.7 pips | harga=4375.28 | PINE=FLAT RSI=22.3
[15:52:09 WIB 2026-09-01] [A] SELL LIMIT 4538 belum kena | harga=4375.28 | PINE=FLAT RSI=22.3
[15:52:09 WIB 2026-09-01] >>> BUY LIMIT B KENA @4400 | harga=4375.28 | PINE=FLAT RSI=22.3
[15:52:09 WIB 2026-09-01] >>> PERINGATAN MISS #12: PINE belum konfirmasi BUY — posisi AGRESIF, siap cut cepat!
[15:52:09 WIB 2026-09-01] === TRACKING B: SL 4355 | TP1 4450 (L1 close) | TP2 4538 (L2 runner) ===
[15:52:09 WIB 2026-09-01] [B] floating -24.7 pips | harga=4375.28 | PINE=FLAT RSI=22.3
[15:53:09 WIB 2026-09-01] [LIVE] floating -26.0 pips | harga=4374.02 | PINE=FLAT RSI=21.9
[15:53:09 WIB 2026-09-01] [A] SELL LIMIT 4538 belum kena | harga=4374.02 | PINE=FLAT RSI=21.9
[15:53:09 WIB 2026-09-01] >>> BUY LIMIT B KENA @4400 | harga=4374.02 | PINE=FLAT RSI=21.9
[15:53:09 WIB 2026-09-01] >>> PERINGATAN MISS #12: PINE belum konfirmasi BUY — posisi AGRESIF, siap cut cepat!
[15:53:09 WIB 2026-09-01] === TRACKING B: SL 4355 | TP1 4450 (L1 close) | TP2 4538 (L2 runner) ===
[15:53:09 WIB 2026-09-01] [B] floating -26.0 pips | harga=4374.02 | PINE=FLAT RSI=21.9
[15:54:09 WIB 2026-09-01] [LIVE] floating -25.5 pips | harga=4374.49 | PINE=FLAT RSI=23
[15:54:09 WIB 2026-09-01] [A] SELL LIMIT 4538 belum kena | harga=4374.49 | PINE=FLAT RSI=23
[15:54:09 WIB 2026-09-01] >>> BUY LIMIT B KENA @4400 | harga=4374.49 | PINE=FLAT RSI=23
[15:54:09 WIB 2026-09-01] >>> PERINGATAN MISS #12: PINE belum konfirmasi BUY — posisi AGRESIF, siap cut cepat!
[15:54:09 WIB 2026-09-01] === TRACKING B: SL 4355 | TP1 4450 (L1 close) | TP2 4538 (L2 runner) ===
[15:54:09 WIB 2026-09-01] [B] floating -25.5 pips | harga=4374.49 | PINE=FLAT RSI=23
[15:55:09 WIB 2026-09-01] [LIVE] floating -22.9 pips | harga=4377.14 | PINE=FLAT RSI=22.8
[15:55:09 WIB 2026-09-01] [A] SELL LIMIT 4538 belum kena | harga=4377.14 | PINE=FLAT RSI=22.8
[15:55:09 WIB 2026-09-01] >>> BUY LIMIT B KENA @4400 | harga=4377.14 | PINE=FLAT RSI=22.8
[15:55:09 WIB 2026-09-01] >>> PERINGATAN MISS #12: PINE belum konfirmasi BUY — posisi AGRESIF, siap cut cepat!
[15:55:09 WIB 2026-09-01] === TRACKING B: SL 4355 | TP1 4450 (L1 close) | TP2 4538 (L2 runner) ===
[15:55:09 WIB 2026-09-01] [B] floating -22.9 pips | harga=4377.14 | PINE=FLAT RSI=22.8
[15:56:09 WIB 2026-09-01] [LIVE] floating -23.3 pips | harga=4376.71 | PINE=FLAT RSI=23.8
[15:56:09 WIB 2026-09-01] [A] SELL LIMIT 4538 belum kena | harga=4376.71 | PINE=FLAT RSI=23.8
[15:56:09 WIB 2026-09-01] >>> BUY LIMIT B KENA @4400 | harga=4376.71 | PINE=FLAT RSI=23.8
[15:56:09 WIB 2026-09-01] >>> PERINGATAN MISS #12: PINE belum konfirmasi BUY — posisi AGRESIF, siap cut cepat!
[15:56:09 WIB 2026-09-01] === TRACKING B: SL 4355 | TP1 4450 (L1 close) | TP2 4538 (L2 runner) ===
[15:56:09 WIB 2026-09-01] [B] floating -23.3 pips | harga=4376.71 | PINE=FLAT RSI=23.8
[15:57:09 WIB 2026-09-01] [LIVE] floating -27.0 pips | harga=4373.03 | PINE=FLAT RSI=21.7
[15:57:09 WIB 2026-09-01] [A] SELL LIMIT 4538 belum kena | harga=4373.03 | PINE=FLAT RSI=21.7
[15:57:09 WIB 2026-09-01] >>> BUY LIMIT B KENA @4400 | harga=4373.03 | PINE=FLAT RSI=21.7
[15:57:09 WIB 2026-09-01] >>> PERINGATAN MISS #12: PINE belum konfirmasi BUY — posisi AGRESIF, siap cut cepat!
[15:57:09 WIB 2026-09-01] === TRACKING B: SL 4355 | TP1 4450 (L1 close) | TP2 4538 (L2 runner) ===
[15:57:09 WIB 2026-09-01] [B] floating -27.0 pips | harga=4373.03 | PINE=FLAT RSI=21.7
[15:58:09 WIB 2026-09-01] [LIVE] floating -24.9 pips | harga=4375.15 | PINE=FLAT RSI=22.2
[15:58:09 WIB 2026-09-01] [A] SELL LIMIT 4538 belum kena | harga=4375.15 | PINE=FLAT RSI=22.2
[15:58:09 WIB 2026-09-01] >>> BUY LIMIT B KENA @4400 | harga=4375.15 | PINE=FLAT RSI=22.2
[15:58:09 WIB 2026-09-01] >>> PERINGATAN MISS #12: PINE belum konfirmasi BUY — posisi AGRESIF, siap cut cepat!
[15:58:09 WIB 2026-09-01] === TRACKING B: SL 4355 | TP1 4450 (L1 close) | TP2 4538 (L2 runner) ===
[15:58:09 WIB 2026-09-01] [B] floating -24.9 pips | harga=4375.15 | PINE=FLAT RSI=22.2
[15:59:09 WIB 2026-09-01] [LIVE] floating -27.2 pips | harga=4372.80 | PINE=FLAT RSI=21.9
[15:59:09 WIB 2026-09-01] [A] SELL LIMIT 4538 belum kena | harga=4372.80 | PINE=FLAT RSI=21.9
[15:59:09 WIB 2026-09-01] >>> BUY LIMIT B KENA @4400 | harga=4372.80 | PINE=FLAT RSI=21.9
[15:59:09 WIB 2026-09-01] >>> PERINGATAN MISS #12: PINE belum konfirmasi BUY — posisi AGRESIF, siap cut cepat!
[15:59:09 WIB 2026-09-01] === TRACKING B: SL 4355 | TP1 4450 (L1 close) | TP2 4538 (L2 runner) ===
[15:59:09 WIB 2026-09-01] [B] floating -27.2 pips | harga=4372.80 | PINE=FLAT RSI=21.9
[16:00:09 WIB 2026-09-01] [LIVE] floating -29.5 pips | harga=4370.47 | PINE=FLAT RSI=21.3
[16:00:09 WIB 2026-09-01] [A] SELL LIMIT 4538 belum kena | harga=4370.47 | PINE=FLAT RSI=21.3
[16:00:09 WIB 2026-09-01] >>> BUY LIMIT B KENA @4400 | harga=4370.47 | PINE=FLAT RSI=21.3
[16:00:09 WIB 2026-09-01] >>> PERINGATAN MISS #12: PINE belum konfirmasi BUY — posisi AGRESIF, siap cut cepat!
[16:00:09 WIB 2026-09-01] === TRACKING B: SL 4355 | TP1 4450 (L1 close) | TP2 4538 (L2 runner) ===
[16:00:09 WIB 2026-09-01] [B] floating -29.5 pips | harga=4370.47 | PINE=FLAT RSI=21.3
[16:01:10 WIB 2026-09-01] *** SL KENA *** harga=4371.31 — CUT DISIPLIN, catat hasil
[16:01:10 WIB 2026-09-01] [A] SELL LIMIT 4538 belum kena | harga=4371.31 | PINE=FLAT RSI=23
[16:01:10 WIB 2026-09-01] >>> BUY LIMIT B KENA @4400 | harga=4371.31 | PINE=FLAT RSI=23
[16:01:10 WIB 2026-09-01] >>> PERINGATAN MISS #12: PINE belum konfirmasi BUY — posisi AGRESIF, siap cut cepat!
[16:01:10 WIB 2026-09-01] === TRACKING B: SL 4355 | TP1 4450 (L1 close) | TP2 4538 (L2 runner) ===
[16:01:10 WIB 2026-09-01] [B] floating -28.7 pips | harga=4371.31 | PINE=FLAT RSI=23
[16:02:09 WIB 2026-09-01] *** SL KENA *** harga=4370.76 — CUT DISIPLIN, catat hasil
[16:02:09 WIB 2026-09-01] [A] SELL LIMIT 4538 belum kena | harga=4370.76 | PINE=FLAT RSI=22.3
[16:02:09 WIB 2026-09-01] >>> BUY LIMIT B KENA @4400 | harga=4370.76 | PINE=FLAT RSI=22.3
[16:02:09 WIB 2026-09-01] >>> PERINGATAN MISS #12: PINE belum konfirmasi BUY — posisi AGRESIF, siap cut cepat!
[16:02:09 WIB 2026-09-01] === TRACKING B: SL 4355 | TP1 4450 (L1 close) | TP2 4538 (L2 runner) ===
[16:02:09 WIB 2026-09-01] [B] floating -29.2 pips | harga=4370.76 | PINE=FLAT RSI=22.3
[16:03:09 WIB 2026-09-01] *** SL KENA *** harga=4368.20 — CUT DISIPLIN, catat hasil
[16:03:09 WIB 2026-09-01] [A] SELL LIMIT 4538 belum kena | harga=4368.20 | PINE=FLAT RSI=20.5
[16:03:09 WIB 2026-09-01] >>> BUY LIMIT B KENA @4400 | harga=4368.20 | PINE=FLAT RSI=20.5
[16:03:09 WIB 2026-09-01] >>> PERINGATAN MISS #12: PINE belum konfirmasi BUY — posisi AGRESIF, siap cut cepat!
[16:03:09 WIB 2026-09-01] === TRACKING B: SL 4355 | TP1 4450 (L1 close) | TP2 4538 (L2 runner) ===
[16:03:09 WIB 2026-09-01] [B] floating -31.8 pips | harga=4368.20 | PINE=FLAT RSI=20.5
[16:04:09 WIB 2026-09-01] *** SL KENA *** harga=4370.53 — CUT DISIPLIN, catat hasil
[16:04:09 WIB 2026-09-01] [A] SELL LIMIT 4538 belum kena | harga=4370.53 | PINE=FLAT RSI=21.2
[16:04:09 WIB 2026-09-01] >>> BUY LIMIT B KENA @4400 | harga=4370.53 | PINE=FLAT RSI=21.2
[16:04:09 WIB 2026-09-01] >>> PERINGATAN MISS #12: PINE belum konfirmasi BUY — posisi AGRESIF, siap cut cepat!
[16:04:09 WIB 2026-09-01] === TRACKING B: SL 4355 | TP1 4450 (L1 close) | TP2 4538 (L2 runner) ===
[16:04:09 WIB 2026-09-01] [B] floating -29.5 pips | harga=4370.53 | PINE=FLAT RSI=21.2
[16:05:09 WIB 2026-09-01] *** SL KENA *** harga=4374.40 — CUT DISIPLIN, catat hasil
[16:05:09 WIB 2026-09-01] [A] SELL LIMIT 4538 belum kena | harga=4374.40 | PINE=FLAT RSI=24.9
[16:05:09 WIB 2026-09-01] >>> BUY LIMIT B KENA @4400 | harga=4374.40 | PINE=FLAT RSI=24.9
[16:05:09 WIB 2026-09-01] >>> PERINGATAN MISS #12: PINE belum konfirmasi BUY — posisi AGRESIF, siap cut cepat!
[16:05:09 WIB 2026-09-01] === TRACKING B: SL 4355 | TP1 4450 (L1 close) | TP2 4538 (L2 runner) ===
[16:05:09 WIB 2026-09-01] [B] floating -25.6 pips | harga=4374.40 | PINE=FLAT RSI=24.9
[16:06:09 WIB 2026-09-01] *** SL KENA *** harga=4374.73 — CUT DISIPLIN, catat hasil
[16:06:09 WIB 2026-09-01] [A] SELL LIMIT 4538 belum kena | harga=4374.73 | PINE=FLAT RSI=24.2
[16:06:09 WIB 2026-09-01] >>> BUY LIMIT B KENA @4400 | harga=4374.73 | PINE=FLAT RSI=24.2
[16:06:09 WIB 2026-09-01] >>> PERINGATAN MISS #12: PINE belum konfirmasi BUY — posisi AGRESIF, siap cut cepat!
[16:06:09 WIB 2026-09-01] === TRACKING B: SL 4355 | TP1 4450 (L1 close) | TP2 4538 (L2 runner) ===
[16:06:09 WIB 2026-09-01] [B] floating -25.3 pips | harga=4374.73 | PINE=FLAT RSI=24.2
[16:07:09 WIB 2026-09-01] *** SL KENA *** harga=4368.33 — CUT DISIPLIN, catat hasil
[16:07:09 WIB 2026-09-01] [A] SELL LIMIT 4538 belum kena | harga=4368.33 | PINE=FLAT RSI=20.6
[16:07:09 WIB 2026-09-01] >>> BUY LIMIT B KENA @4400 | harga=4368.33 | PINE=FLAT RSI=20.6
[16:07:09 WIB 2026-09-01] >>> PERINGATAN MISS #12: PINE belum konfirmasi BUY — posisi AGRESIF, siap cut cepat!
[16:07:09 WIB 2026-09-01] === TRACKING B: SL 4355 | TP1 4450 (L1 close) | TP2 4538 (L2 runner) ===
[16:07:09 WIB 2026-09-01] [B] floating -31.7 pips | harga=4368.33 | PINE=FLAT RSI=20.6
[16:08:09 WIB 2026-09-01] *** SL KENA *** harga=4374.82 — CUT DISIPLIN, catat hasil
[16:08:09 WIB 2026-09-01] [A] SELL LIMIT 4538 belum kena | harga=4374.82 | PINE=FLAT RSI=23.4
[16:08:09 WIB 2026-09-01] >>> BUY LIMIT B KENA @4400 | harga=4374.82 | PINE=FLAT RSI=23.4
[16:08:09 WIB 2026-09-01] >>> PERINGATAN MISS #12: PINE belum konfirmasi BUY — posisi AGRESIF, siap cut cepat!
[16:08:09 WIB 2026-09-01] === TRACKING B: SL 4355 | TP1 4450 (L1 close) | TP2 4538 (L2 runner) ===
[16:08:09 WIB 2026-09-01] [B] floating -25.2 pips | harga=4374.82 | PINE=FLAT RSI=23.4
[16:09:09 WIB 2026-09-01] *** SL KENA *** harga=4373.48 — CUT DISIPLIN, catat hasil
[16:09:09 WIB 2026-09-01] [A] SELL LIMIT 4538 belum kena | harga=4373.48 | PINE=FLAT RSI=23.5
[16:09:09 WIB 2026-09-01] >>> BUY LIMIT B KENA @4400 | harga=4373.48 | PINE=FLAT RSI=23.5
[16:09:09 WIB 2026-09-01] >>> PERINGATAN MISS #12: PINE belum konfirmasi BUY — posisi AGRESIF, siap cut cepat!
[16:09:09 WIB 2026-09-01] === TRACKING B: SL 4355 | TP1 4450 (L1 close) | TP2 4538 (L2 runner) ===
[16:09:09 WIB 2026-09-01] [B] floating -26.5 pips | harga=4373.48 | PINE=FLAT RSI=23.5
[16:10:09 WIB 2026-09-01] *** SL KENA *** harga=4369.82 — CUT DISIPLIN, catat hasil
[16:10:09 WIB 2026-09-01] [A] SELL LIMIT 4538 belum kena | harga=4369.82 | PINE=FLAT RSI=21.1
[16:10:09 WIB 2026-09-01] >>> BUY LIMIT B KENA @4400 | harga=4369.82 | PINE=FLAT RSI=21.1
[16:10:09 WIB 2026-09-01] >>> PERINGATAN MISS #12: PINE belum konfirmasi BUY — posisi AGRESIF, siap cut cepat!
[16:10:09 WIB 2026-09-01] === TRACKING B: SL 4355 | TP1 4450 (L1 close) | TP2 4538 (L2 runner) ===
[16:10:09 WIB 2026-09-01] [B] floating -30.2 pips | harga=4369.82 | PINE=FLAT RSI=21.1
[16:11:09 WIB 2026-09-01] [LIVE] floating -28.1 pips | harga=4371.95 | PINE=FLAT RSI=22.5
[16:11:09 WIB 2026-09-01] [A] SELL LIMIT 4538 belum kena | harga=4371.95 | PINE=FLAT RSI=22.5
[16:11:09 WIB 2026-09-01] >>> BUY LIMIT B KENA @4400 | harga=4371.95 | PINE=FLAT RSI=22.5
[16:11:09 WIB 2026-09-01] >>> PERINGATAN MISS #12: PINE belum konfirmasi BUY — posisi AGRESIF, siap cut cepat!
[16:11:09 WIB 2026-09-01] === TRACKING B: SL 4355 | TP1 4450 (L1 close) | TP2 4538 (L2 runner) ===
[16:11:09 WIB 2026-09-01] [B] floating -28.1 pips | harga=4371.95 | PINE=FLAT RSI=22.5
[16:12:09 WIB 2026-09-01] [LIVE] floating -27.4 pips | harga=4372.56 | PINE=FLAT RSI=22.2
[16:12:09 WIB 2026-09-01] [A] SELL LIMIT 4538 belum kena | harga=4372.56 | PINE=FLAT RSI=22.2
[16:12:09 WIB 2026-09-01] >>> BUY LIMIT B KENA @4400 | harga=4372.56 | PINE=FLAT RSI=22.2
[16:12:09 WIB 2026-09-01] >>> PERINGATAN MISS #12: PINE belum konfirmasi BUY — posisi AGRESIF, siap cut cepat!
[16:12:09 WIB 2026-09-01] === TRACKING B: SL 4355 | TP1 4450 (L1 close) | TP2 4538 (L2 runner) ===
[16:12:09 WIB 2026-09-01] [B] floating -27.4 pips | harga=4372.56 | PINE=FLAT RSI=22.2
[16:13:09 WIB 2026-09-01] [LIVE] floating -24.8 pips | harga=4375.20 | PINE=FLAT RSI=23.8
[16:13:09 WIB 2026-09-01] [A] SELL LIMIT 4538 belum kena | harga=4375.20 | PINE=FLAT RSI=23.8
[16:13:09 WIB 2026-09-01] >>> BUY LIMIT B KENA @4400 | harga=4375.20 | PINE=FLAT RSI=23.8
[16:13:09 WIB 2026-09-01] >>> PERINGATAN MISS #12: PINE belum konfirmasi BUY — posisi AGRESIF, siap cut cepat!
[16:13:09 WIB 2026-09-01] === TRACKING B: SL 4355 | TP1 4450 (L1 close) | TP2 4538 (L2 runner) ===
[16:13:09 WIB 2026-09-01] [B] floating -24.8 pips | harga=4375.20 | PINE=FLAT RSI=23.8
[16:14:09 WIB 2026-09-01] [LIVE] floating -25.6 pips | harga=4374.36 | PINE=FLAT RSI=24.2
[16:14:09 WIB 2026-09-01] [A] SELL LIMIT 4538 belum kena | harga=4374.36 | PINE=FLAT RSI=24.2
[16:14:09 WIB 2026-09-01] >>> BUY LIMIT B KENA @4400 | harga=4374.36 | PINE=FLAT RSI=24.2
[16:14:09 WIB 2026-09-01] >>> PERINGATAN MISS #12: PINE belum konfirmasi BUY — posisi AGRESIF, siap cut cepat!
[16:14:09 WIB 2026-09-01] === TRACKING B: SL 4355 | TP1 4450 (L1 close) | TP2 4538 (L2 runner) ===
[16:14:09 WIB 2026-09-01] [B] floating -25.6 pips | harga=4374.36 | PINE=FLAT RSI=24.2
[16:15:09 WIB 2026-09-01] [LIVE] floating -24.6 pips | harga=4375.38 | PINE=FLAT RSI=25.2
[16:15:09 WIB 2026-09-01] [A] SELL LIMIT 4538 belum kena | harga=4375.38 | PINE=FLAT RSI=25.2
[16:15:09 WIB 2026-09-01] >>> BUY LIMIT B KENA @4400 | harga=4375.38 | PINE=FLAT RSI=25.2
[16:15:09 WIB 2026-09-01] >>> PERINGATAN MISS #12: PINE belum konfirmasi BUY — posisi AGRESIF, siap cut cepat!
[16:15:09 WIB 2026-09-01] === TRACKING B: SL 4355 | TP1 4450 (L1 close) | TP2 4538 (L2 runner) ===
[16:15:09 WIB 2026-09-01] [B] floating -24.6 pips | harga=4375.38 | PINE=FLAT RSI=25.2
[16:16:09 WIB 2026-09-01] [LIVE] floating -24.5 pips | harga=4375.52 | PINE=FLAT RSI=25.5
[16:16:09 WIB 2026-09-01] [A] SELL LIMIT 4538 belum kena | harga=4375.52 | PINE=FLAT RSI=25.5
[16:16:09 WIB 2026-09-01] >>> BUY LIMIT B KENA @4400 | harga=4375.52 | PINE=FLAT RSI=25.5
[16:16:09 WIB 2026-09-01] >>> PERINGATAN MISS #12: PINE belum konfirmasi BUY — posisi AGRESIF, siap cut cepat!
[16:16:09 WIB 2026-09-01] === TRACKING B: SL 4355 | TP1 4450 (L1 close) | TP2 4538 (L2 runner) ===
[16:16:09 WIB 2026-09-01] [B] floating -24.5 pips | harga=4375.52 | PINE=FLAT RSI=25.5
[16:17:09 WIB 2026-09-01] [LIVE] floating -23.4 pips | harga=4376.59 | PINE=FLAT RSI=25.6
[16:17:09 WIB 2026-09-01] [A] SELL LIMIT 4538 belum kena | harga=4376.59 | PINE=FLAT RSI=25.6
[16:17:09 WIB 2026-09-01] >>> BUY LIMIT B KENA @4400 | harga=4376.59 | PINE=FLAT RSI=25.6
[16:17:09 WIB 2026-09-01] >>> PERINGATAN MISS #12: PINE belum konfirmasi BUY — posisi AGRESIF, siap cut cepat!
[16:17:09 WIB 2026-09-01] === TRACKING B: SL 4355 | TP1 4450 (L1 close) | TP2 4538 (L2 runner) ===
[16:17:09 WIB 2026-09-01] [B] floating -23.4 pips | harga=4376.59 | PINE=FLAT RSI=25.6
[16:18:09 WIB 2026-09-01] [LIVE] floating -22.7 pips | harga=4377.26 | PINE=FLAT RSI=26.5
[16:18:09 WIB 2026-09-01] [A] SELL LIMIT 4538 belum kena | harga=4377.26 | PINE=FLAT RSI=26.5
[16:18:09 WIB 2026-09-01] >>> BUY LIMIT B KENA @4400 | harga=4377.26 | PINE=FLAT RSI=26.5
[16:18:09 WIB 2026-09-01] >>> PERINGATAN MISS #12: PINE belum konfirmasi BUY — posisi AGRESIF, siap cut cepat!
[16:18:09 WIB 2026-09-01] === TRACKING B: SL 4355 | TP1 4450 (L1 close) | TP2 4538 (L2 runner) ===
[16:18:09 WIB 2026-09-01] [B] floating -22.7 pips | harga=4377.26 | PINE=FLAT RSI=26.5
[16:19:09 WIB 2026-09-01] [LIVE] floating -23.9 pips | harga=4376.10 | PINE=FLAT RSI=26.7
[16:19:09 WIB 2026-09-01] [A] SELL LIMIT 4538 belum kena | harga=4376.10 | PINE=FLAT RSI=26.7
[16:19:09 WIB 2026-09-01] >>> BUY LIMIT B KENA @4400 | harga=4376.10 | PINE=FLAT RSI=26.7
[16:19:09 WIB 2026-09-01] >>> PERINGATAN MISS #12: PINE belum konfirmasi BUY — posisi AGRESIF, siap cut cepat!
[16:19:09 WIB 2026-09-01] === TRACKING B: SL 4355 | TP1 4450 (L1 close) | TP2 4538 (L2 runner) ===
[16:19:09 WIB 2026-09-01] [B] floating -23.9 pips | harga=4376.10 | PINE=FLAT RSI=26.7
[16:20:09 WIB 2026-09-01] [LIVE] floating -23.1 pips | harga=4376.95 | PINE=FLAT RSI=26
[16:20:09 WIB 2026-09-01] [A] SELL LIMIT 4538 belum kena | harga=4376.95 | PINE=FLAT RSI=26
[16:20:09 WIB 2026-09-01] >>> BUY LIMIT B KENA @4400 | harga=4376.95 | PINE=FLAT RSI=26
[16:20:09 WIB 2026-09-01] >>> PERINGATAN MISS #12: PINE belum konfirmasi BUY — posisi AGRESIF, siap cut cepat!
[16:20:09 WIB 2026-09-01] === TRACKING B: SL 4355 | TP1 4450 (L1 close) | TP2 4538 (L2 runner) ===
[16:20:09 WIB 2026-09-01] [B] floating -23.1 pips | harga=4376.95 | PINE=FLAT RSI=26
[16:21:09 WIB 2026-09-01] [LIVE] floating -24.7 pips | harga=4375.33 | PINE=FLAT RSI=25.5
[16:21:09 WIB 2026-09-01] [A] SELL LIMIT 4538 belum kena | harga=4375.33 | PINE=FLAT RSI=25.5
[16:21:09 WIB 2026-09-01] >>> BUY LIMIT B KENA @4400 | harga=4375.33 | PINE=FLAT RSI=25.5
[16:21:09 WIB 2026-09-01] >>> PERINGATAN MISS #12: PINE belum konfirmasi BUY — posisi AGRESIF, siap cut cepat!
[16:21:09 WIB 2026-09-01] === TRACKING B: SL 4355 | TP1 4450 (L1 close) | TP2 4538 (L2 runner) ===
[16:21:09 WIB 2026-09-01] [B] floating -24.7 pips | harga=4375.33 | PINE=FLAT RSI=25.5
[16:22:09 WIB 2026-09-01] [LIVE] floating -24.2 pips | harga=4375.81 | PINE=FLAT RSI=26.1
[16:22:09 WIB 2026-09-01] [A] SELL LIMIT 4538 belum kena | harga=4375.81 | PINE=FLAT RSI=26.1
[16:22:09 WIB 2026-09-01] >>> BUY LIMIT B KENA @4400 | harga=4375.81 | PINE=FLAT RSI=26.1
[16:22:09 WIB 2026-09-01] >>> PERINGATAN MISS #12: PINE belum konfirmasi BUY — posisi AGRESIF, siap cut cepat!
[16:22:09 WIB 2026-09-01] === TRACKING B: SL 4355 | TP1 4450 (L1 close) | TP2 4538 (L2 runner) ===
[16:22:09 WIB 2026-09-01] [B] floating -24.2 pips | harga=4375.81 | PINE=FLAT RSI=26.1
[16:23:09 WIB 2026-09-01] [LIVE] floating -23.4 pips | harga=4376.59 | PINE=FLAT RSI=26.2
[16:23:09 WIB 2026-09-01] [A] SELL LIMIT 4538 belum kena | harga=4376.59 | PINE=FLAT RSI=26.2
[16:23:09 WIB 2026-09-01] >>> BUY LIMIT B KENA @4400 | harga=4376.59 | PINE=FLAT RSI=26.2
[16:23:09 WIB 2026-09-01] >>> PERINGATAN MISS #12: PINE belum konfirmasi BUY — posisi AGRESIF, siap cut cepat!
[16:23:09 WIB 2026-09-01] === TRACKING B: SL 4355 | TP1 4450 (L1 close) | TP2 4538 (L2 runner) ===
[16:23:09 WIB 2026-09-01] [B] floating -23.4 pips | harga=4376.59 | PINE=FLAT RSI=26.2
[16:24:09 WIB 2026-09-01] [LIVE] floating -24.3 pips | harga=4375.71 | PINE=FLAT RSI=25.5
[16:24:09 WIB 2026-09-01] [A] SELL LIMIT 4538 belum kena | harga=4375.71 | PINE=FLAT RSI=25.5
[16:24:09 WIB 2026-09-01] >>> BUY LIMIT B KENA @4400 | harga=4375.71 | PINE=FLAT RSI=25.5
[16:24:09 WIB 2026-09-01] >>> PERINGATAN MISS #12: PINE belum konfirmasi BUY — posisi AGRESIF, siap cut cepat!
[16:24:09 WIB 2026-09-01] === TRACKING B: SL 4355 | TP1 4450 (L1 close) | TP2 4538 (L2 runner) ===
[16:24:09 WIB 2026-09-01] [B] floating -24.3 pips | harga=4375.71 | PINE=FLAT RSI=25.5
[16:25:09 WIB 2026-09-01] [LIVE] floating -25.3 pips | harga=4374.72 | PINE=FLAT RSI=25.4
[16:25:09 WIB 2026-09-01] [A] SELL LIMIT 4538 belum kena | harga=4374.72 | PINE=FLAT RSI=25.4
[16:25:09 WIB 2026-09-01] >>> BUY LIMIT B KENA @4400 | harga=4374.72 | PINE=FLAT RSI=25.4
[16:25:09 WIB 2026-09-01] >>> PERINGATAN MISS #12: PINE belum konfirmasi BUY — posisi AGRESIF, siap cut cepat!
[16:25:09 WIB 2026-09-01] === TRACKING B: SL 4355 | TP1 4450 (L1 close) | TP2 4538 (L2 runner) ===
[16:25:09 WIB 2026-09-01] [B] floating -25.3 pips | harga=4374.72 | PINE=FLAT RSI=25.4
[16:26:09 WIB 2026-09-01] [LIVE] floating -25.6 pips | harga=4374.45 | PINE=FLAT RSI=25.2
[16:26:09 WIB 2026-09-01] [A] SELL LIMIT 4538 belum kena | harga=4374.45 | PINE=FLAT RSI=25.2
[16:26:09 WIB 2026-09-01] >>> BUY LIMIT B KENA @4400 | harga=4374.45 | PINE=FLAT RSI=25.2
[16:26:09 WIB 2026-09-01] >>> PERINGATAN MISS #12: PINE belum konfirmasi BUY — posisi AGRESIF, siap cut cepat!
[16:26:09 WIB 2026-09-01] === TRACKING B: SL 4355 | TP1 4450 (L1 close) | TP2 4538 (L2 runner) ===
[16:26:09 WIB 2026-09-01] [B] floating -25.6 pips | harga=4374.45 | PINE=FLAT RSI=25.2
[16:27:09 WIB 2026-09-01] [LIVE] floating -27.2 pips | harga=4372.81 | PINE=FLAT RSI=24.5
[16:27:09 WIB 2026-09-01] [A] SELL LIMIT 4538 belum kena | harga=4372.81 | PINE=FLAT RSI=24.5
[16:27:09 WIB 2026-09-01] >>> BUY LIMIT B KENA @4400 | harga=4372.81 | PINE=FLAT RSI=24.5
[16:27:09 WIB 2026-09-01] >>> PERINGATAN MISS #12: PINE belum konfirmasi BUY — posisi AGRESIF, siap cut cepat!
[16:27:09 WIB 2026-09-01] === TRACKING B: SL 4355 | TP1 4450 (L1 close) | TP2 4538 (L2 runner) ===
[16:27:09 WIB 2026-09-01] [B] floating -27.2 pips | harga=4372.81 | PINE=FLAT RSI=24.5
[16:28:09 WIB 2026-09-01] [LIVE] floating -28.3 pips | harga=4371.69 | PINE=FLAT RSI=24.5
[16:28:09 WIB 2026-09-01] [A] SELL LIMIT 4538 belum kena | harga=4371.69 | PINE=FLAT RSI=24.5
[16:28:09 WIB 2026-09-01] >>> BUY LIMIT B KENA @4400 | harga=4371.69 | PINE=FLAT RSI=24.5
[16:28:09 WIB 2026-09-01] >>> PERINGATAN MISS #12: PINE belum konfirmasi BUY — posisi AGRESIF, siap cut cepat!
[16:28:09 WIB 2026-09-01] === TRACKING B: SL 4355 | TP1 4450 (L1 close) | TP2 4538 (L2 runner) ===
[16:28:09 WIB 2026-09-01] [B] floating -28.3 pips | harga=4371.69 | PINE=FLAT RSI=24.5
[16:29:09 WIB 2026-09-01] [LIVE] floating -27.9 pips | harga=4372.10 | PINE=FLAT RSI=24.6
[16:29:09 WIB 2026-09-01] [A] SELL LIMIT 4538 belum kena | harga=4372.10 | PINE=FLAT RSI=24.6
[16:29:09 WIB 2026-09-01] >>> BUY LIMIT B KENA @4400 | harga=4372.10 | PINE=FLAT RSI=24.6
[16:29:09 WIB 2026-09-01] >>> PERINGATAN MISS #12: PINE belum konfirmasi BUY — posisi AGRESIF, siap cut cepat!
[16:29:09 WIB 2026-09-01] === TRACKING B: SL 4355 | TP1 4450 (L1 close) | TP2 4538 (L2 runner) ===
[16:29:09 WIB 2026-09-01] [B] floating -27.9 pips | harga=4372.10 | PINE=FLAT RSI=24.6
[16:30:09 WIB 2026-09-01] [LIVE] floating -26.7 pips | harga=4373.29 | PINE=FLAT RSI=24.8
[16:30:09 WIB 2026-09-01] [A] SELL LIMIT 4538 belum kena | harga=4373.29 | PINE=FLAT RSI=24.8
[16:30:09 WIB 2026-09-01] >>> BUY LIMIT B KENA @4400 | harga=4373.29 | PINE=FLAT RSI=24.8
[16:30:09 WIB 2026-09-01] >>> PERINGATAN MISS #12: PINE belum konfirmasi BUY — posisi AGRESIF, siap cut cepat!
[16:30:09 WIB 2026-09-01] === TRACKING B: SL 4355 | TP1 4450 (L1 close) | TP2 4538 (L2 runner) ===
[16:30:09 WIB 2026-09-01] [B] floating -26.7 pips | harga=4373.29 | PINE=FLAT RSI=24.8
[16:31:09 WIB 2026-09-01] [LIVE] floating -32.6 pips | harga=4367.44 | PINE=FLAT RSI=23.3
[16:31:09 WIB 2026-09-01] [A] SELL LIMIT 4538 belum kena | harga=4367.44 | PINE=FLAT RSI=23.3
[16:31:09 WIB 2026-09-01] >>> BUY LIMIT B KENA @4400 | harga=4367.44 | PINE=FLAT RSI=23.3
[16:31:09 WIB 2026-09-01] >>> PERINGATAN MISS #12: PINE belum konfirmasi BUY — posisi AGRESIF, siap cut cepat!
[16:31:09 WIB 2026-09-01] === TRACKING B: SL 4355 | TP1 4450 (L1 close) | TP2 4538 (L2 runner) ===
[16:31:09 WIB 2026-09-01] [B] floating -32.6 pips | harga=4367.44 | PINE=FLAT RSI=23.3
[16:32:09 WIB 2026-09-01] [LIVE] floating -32.0 pips | harga=4368.03 | PINE=FLAT RSI=23.5
[16:32:09 WIB 2026-09-01] [A] SELL LIMIT 4538 belum kena | harga=4368.03 | PINE=FLAT RSI=23.5
[16:32:09 WIB 2026-09-01] >>> BUY LIMIT B KENA @4400 | harga=4368.03 | PINE=FLAT RSI=23.5
[16:32:09 WIB 2026-09-01] >>> PERINGATAN MISS #12: PINE belum konfirmasi BUY — posisi AGRESIF, siap cut cepat!
[16:32:09 WIB 2026-09-01] === TRACKING B: SL 4355 | TP1 4450 (L1 close) | TP2 4538 (L2 runner) ===
[16:32:09 WIB 2026-09-01] [B] floating -32.0 pips | harga=4368.03 | PINE=FLAT RSI=23.5
[16:33:09 WIB 2026-09-01] [LIVE] floating -30.8 pips | harga=4369.19 | PINE=FLAT RSI=23.4
[16:33:09 WIB 2026-09-01] [A] SELL LIMIT 4538 belum kena | harga=4369.19 | PINE=FLAT RSI=23.4
[16:33:09 WIB 2026-09-01] >>> BUY LIMIT B KENA @4400 | harga=4369.19 | PINE=FLAT RSI=23.4
[16:33:09 WIB 2026-09-01] >>> PERINGATAN MISS #12: PINE belum konfirmasi BUY — posisi AGRESIF, siap cut cepat!
[16:33:09 WIB 2026-09-01] === TRACKING B: SL 4355 | TP1 4450 (L1 close) | TP2 4538 (L2 runner) ===
[16:33:09 WIB 2026-09-01] [B] floating -30.8 pips | harga=4369.19 | PINE=FLAT RSI=23.4
[16:34:09 WIB 2026-09-01] [LIVE] floating -30.9 pips | harga=4369.07 | PINE=FLAT RSI=23.6
[16:34:09 WIB 2026-09-01] [A] SELL LIMIT 4538 belum kena | harga=4369.07 | PINE=FLAT RSI=23.6
[16:34:09 WIB 2026-09-01] >>> BUY LIMIT B KENA @4400 | harga=4369.07 | PINE=FLAT RSI=23.6
[16:34:09 WIB 2026-09-01] >>> PERINGATAN MISS #12: PINE belum konfirmasi BUY — posisi AGRESIF, siap cut cepat!
[16:34:09 WIB 2026-09-01] === TRACKING B: SL 4355 | TP1 4450 (L1 close) | TP2 4538 (L2 runner) ===
[16:34:09 WIB 2026-09-01] [B] floating -30.9 pips | harga=4369.07 | PINE=FLAT RSI=23.6
[16:35:10 WIB 2026-09-01] [LIVE] floating -28.7 pips | harga=4371.31 | PINE=FLAT RSI=24.1
[16:35:10 WIB 2026-09-01] [A] SELL LIMIT 4538 belum kena | harga=4371.31 | PINE=FLAT RSI=24.1
[16:35:10 WIB 2026-09-01] >>> BUY LIMIT B KENA @4400 | harga=4371.31 | PINE=FLAT RSI=24.1
[16:35:10 WIB 2026-09-01] >>> PERINGATAN MISS #12: PINE belum konfirmasi BUY — posisi AGRESIF, siap cut cepat!
[16:35:10 WIB 2026-09-01] === TRACKING B: SL 4355 | TP1 4450 (L1 close) | TP2 4538 (L2 runner) ===
[16:35:10 WIB 2026-09-01] [B] floating -28.7 pips | harga=4371.31 | PINE=FLAT RSI=24.1
[16:36:10 WIB 2026-09-01] [LIVE] floating -29.8 pips | harga=4370.19 | PINE=FLAT RSI=24
[16:36:10 WIB 2026-09-01] [A] SELL LIMIT 4538 belum kena | harga=4370.19 | PINE=FLAT RSI=24
[16:36:10 WIB 2026-09-01] >>> BUY LIMIT B KENA @4400 | harga=4370.19 | PINE=FLAT RSI=24
[16:36:10 WIB 2026-09-01] >>> PERINGATAN MISS #12: PINE belum konfirmasi BUY — posisi AGRESIF, siap cut cepat!
[16:36:10 WIB 2026-09-01] === TRACKING B: SL 4355 | TP1 4450 (L1 close) | TP2 4538 (L2 runner) ===
[16:36:10 WIB 2026-09-01] [B] floating -29.8 pips | harga=4370.19 | PINE=FLAT RSI=24
[16:37:10 WIB 2026-09-01] [LIVE] floating -30.7 pips | harga=4369.34 | PINE=FLAT RSI=23.6
[16:37:10 WIB 2026-09-01] [A] SELL LIMIT 4538 belum kena | harga=4369.34 | PINE=FLAT RSI=23.6
[16:37:10 WIB 2026-09-01] >>> BUY LIMIT B KENA @4400 | harga=4369.34 | PINE=FLAT RSI=23.6
[16:37:10 WIB 2026-09-01] >>> PERINGATAN MISS #12: PINE belum konfirmasi BUY — posisi AGRESIF, siap cut cepat!
[16:37:10 WIB 2026-09-01] === TRACKING B: SL 4355 | TP1 4450 (L1 close) | TP2 4538 (L2 runner) ===
[16:37:10 WIB 2026-09-01] [B] floating -30.7 pips | harga=4369.34 | PINE=FLAT RSI=23.6
[16:38:10 WIB 2026-09-01] [LIVE] floating -30.8 pips | harga=4369.25 | PINE=FLAT RSI=23.5
[16:38:10 WIB 2026-09-01] [A] SELL LIMIT 4538 belum kena | harga=4369.25 | PINE=FLAT RSI=23.5
[16:38:10 WIB 2026-09-01] >>> BUY LIMIT B KENA @4400 | harga=4369.25 | PINE=FLAT RSI=23.5
[16:38:10 WIB 2026-09-01] >>> PERINGATAN MISS #12: PINE belum konfirmasi BUY — posisi AGRESIF, siap cut cepat!
[16:38:10 WIB 2026-09-01] === TRACKING B: SL 4355 | TP1 4450 (L1 close) | TP2 4538 (L2 runner) ===
[16:38:10 WIB 2026-09-01] [B] floating -30.8 pips | harga=4369.25 | PINE=FLAT RSI=23.5
[16:39:10 WIB 2026-09-01] [LIVE] floating -32.8 pips | harga=4367.15 | PINE=FLAT RSI=23.1
[16:39:10 WIB 2026-09-01] [A] SELL LIMIT 4538 belum kena | harga=4367.15 | PINE=FLAT RSI=23.1
[16:39:10 WIB 2026-09-01] >>> BUY LIMIT B KENA @4400 | harga=4367.15 | PINE=FLAT RSI=23.1
[16:39:10 WIB 2026-09-01] >>> PERINGATAN MISS #12: PINE belum konfirmasi BUY — posisi AGRESIF, siap cut cepat!
[16:39:10 WIB 2026-09-01] === TRACKING B: SL 4355 | TP1 4450 (L1 close) | TP2 4538 (L2 runner) ===
[16:39:10 WIB 2026-09-01] [B] floating -32.8 pips | harga=4367.15 | PINE=FLAT RSI=23.1
[16:40:10 WIB 2026-09-01] [LIVE] floating -31.9 pips | harga=4368.07 | PINE=FLAT RSI=23.3
[16:40:10 WIB 2026-09-01] [A] SELL LIMIT 4538 belum kena | harga=4368.07 | PINE=FLAT RSI=23.3
[16:40:10 WIB 2026-09-01] >>> BUY LIMIT B KENA @4400 | harga=4368.07 | PINE=FLAT RSI=23.3
[16:40:10 WIB 2026-09-01] >>> PERINGATAN MISS #12: PINE belum konfirmasi BUY — posisi AGRESIF, siap cut cepat!
[16:40:10 WIB 2026-09-01] === TRACKING B: SL 4355 | TP1 4450 (L1 close) | TP2 4538 (L2 runner) ===
[16:40:10 WIB 2026-09-01] [B] floating -31.9 pips | harga=4368.07 | PINE=FLAT RSI=23.3
[16:41:10 WIB 2026-09-01] [LIVE] floating -31.6 pips | harga=4368.44 | PINE=FLAT RSI=23.4
[16:41:10 WIB 2026-09-01] [A] SELL LIMIT 4538 belum kena | harga=4368.44 | PINE=FLAT RSI=23.4
[16:41:10 WIB 2026-09-01] >>> BUY LIMIT B KENA @4400 | harga=4368.44 | PINE=FLAT RSI=23.4
[16:41:10 WIB 2026-09-01] >>> PERINGATAN MISS #12: PINE belum konfirmasi BUY — posisi AGRESIF, siap cut cepat!
[16:41:10 WIB 2026-09-01] === TRACKING B: SL 4355 | TP1 4450 (L1 close) | TP2 4538 (L2 runner) ===
[16:41:10 WIB 2026-09-01] [B] floating -31.6 pips | harga=4368.44 | PINE=FLAT RSI=23.4
[16:42:10 WIB 2026-09-01] [LIVE] floating -32.1 pips | harga=4367.89 | PINE=FLAT RSI=23.4
[16:42:10 WIB 2026-09-01] [A] SELL LIMIT 4538 belum kena | harga=4367.89 | PINE=FLAT RSI=23.4
[16:42:10 WIB 2026-09-01] >>> BUY LIMIT B KENA @4400 | harga=4367.89 | PINE=FLAT RSI=23.4
[16:42:10 WIB 2026-09-01] >>> PERINGATAN MISS #12: PINE belum konfirmasi BUY — posisi AGRESIF, siap cut cepat!
[16:42:10 WIB 2026-09-01] === TRACKING B: SL 4355 | TP1 4450 (L1 close) | TP2 4538 (L2 runner) ===
[16:42:10 WIB 2026-09-01] [B] floating -32.1 pips | harga=4367.89 | PINE=FLAT RSI=23.4
[16:43:10 WIB 2026-09-01] [LIVE] floating -31.5 pips | harga=4368.47 | PINE=FLAT RSI=23.4
[16:43:10 WIB 2026-09-01] [A] SELL LIMIT 4538 belum kena | harga=4368.47 | PINE=FLAT RSI=23.4
[16:43:10 WIB 2026-09-01] >>> BUY LIMIT B KENA @4400 | harga=4368.47 | PINE=FLAT RSI=23.4
[16:43:10 WIB 2026-09-01] >>> PERINGATAN MISS #12: PINE belum konfirmasi BUY — posisi AGRESIF, siap cut cepat!
[16:43:10 WIB 2026-09-01] === TRACKING B: SL 4355 | TP1 4450 (L1 close) | TP2 4538 (L2 runner) ===
[16:43:10 WIB 2026-09-01] [B] floating -31.5 pips | harga=4368.47 | PINE=FLAT RSI=23.4
[16:44:10 WIB 2026-09-01] [LIVE] floating -30.0 pips | harga=4370.00 | PINE=FLAT RSI=23.9
[16:44:10 WIB 2026-09-01] [A] SELL LIMIT 4538 belum kena | harga=4370.00 | PINE=FLAT RSI=23.9
[16:44:10 WIB 2026-09-01] >>> BUY LIMIT B KENA @4400 | harga=4370.00 | PINE=FLAT RSI=23.9
[16:44:10 WIB 2026-09-01] >>> PERINGATAN MISS #12: PINE belum konfirmasi BUY — posisi AGRESIF, siap cut cepat!
[16:44:10 WIB 2026-09-01] === TRACKING B: SL 4355 | TP1 4450 (L1 close) | TP2 4538 (L2 runner) ===
[16:44:10 WIB 2026-09-01] [B] floating -30.0 pips | harga=4370.00 | PINE=FLAT RSI=23.9
[16:45:10 WIB 2026-09-01] [LIVE] floating -28.9 pips | harga=4371.06 | PINE=FLAT RSI=24.1
[16:45:10 WIB 2026-09-01] [A] SELL LIMIT 4538 belum kena | harga=4371.06 | PINE=FLAT RSI=24.1
[16:45:10 WIB 2026-09-01] >>> BUY LIMIT B KENA @4400 | harga=4371.06 | PINE=FLAT RSI=24.1
[16:45:10 WIB 2026-09-01] >>> PERINGATAN MISS #12: PINE belum konfirmasi BUY — posisi AGRESIF, siap cut cepat!
[16:45:10 WIB 2026-09-01] === TRACKING B: SL 4355 | TP1 4450 (L1 close) | TP2 4538 (L2 runner) ===
[16:45:10 WIB 2026-09-01] [B] floating -28.9 pips | harga=4371.06 | PINE=FLAT RSI=24.1
[16:46:10 WIB 2026-09-01] [LIVE] floating -28.7 pips | harga=4371.26 | PINE=FLAT RSI=24.5
[16:46:10 WIB 2026-09-01] [A] SELL LIMIT 4538 belum kena | harga=4371.26 | PINE=FLAT RSI=24.5
[16:46:10 WIB 2026-09-01] >>> BUY LIMIT B KENA @4400 | harga=4371.26 | PINE=FLAT RSI=24.5
[16:46:10 WIB 2026-09-01] >>> PERINGATAN MISS #12: PINE belum konfirmasi BUY — posisi AGRESIF, siap cut cepat!
[16:46:10 WIB 2026-09-01] === TRACKING B: SL 4355 | TP1 4450 (L1 close) | TP2 4538 (L2 runner) ===
[16:46:10 WIB 2026-09-01] [B] floating -28.7 pips | harga=4371.26 | PINE=FLAT RSI=24.5
[16:47:10 WIB 2026-09-01] [LIVE] floating -27.1 pips | harga=4372.86 | PINE=FLAT RSI=25.6
[16:47:10 WIB 2026-09-01] [A] SELL LIMIT 4538 belum kena | harga=4372.86 | PINE=FLAT RSI=25.6
[16:47:10 WIB 2026-09-01] >>> BUY LIMIT B KENA @4400 | harga=4372.86 | PINE=FLAT RSI=25.6
[16:47:10 WIB 2026-09-01] >>> PERINGATAN MISS #12: PINE belum konfirmasi BUY — posisi AGRESIF, siap cut cepat!
[16:47:10 WIB 2026-09-01] === TRACKING B: SL 4355 | TP1 4450 (L1 close) | TP2 4538 (L2 runner) ===
[16:47:10 WIB 2026-09-01] [B] floating -27.1 pips | harga=4372.86 | PINE=FLAT RSI=25.6
[16:48:10 WIB 2026-09-01] [LIVE] floating -27.6 pips | harga=4372.41 | PINE=FLAT RSI=25.4
[16:48:10 WIB 2026-09-01] [A] SELL LIMIT 4538 belum kena | harga=4372.41 | PINE=FLAT RSI=25.4
[16:48:10 WIB 2026-09-01] >>> BUY LIMIT B KENA @4400 | harga=4372.41 | PINE=FLAT RSI=25.4
[16:48:10 WIB 2026-09-01] >>> PERINGATAN MISS #12: PINE belum konfirmasi BUY — posisi AGRESIF, siap cut cepat!
[16:48:10 WIB 2026-09-01] === TRACKING B: SL 4355 | TP1 4450 (L1 close) | TP2 4538 (L2 runner) ===
[16:48:10 WIB 2026-09-01] [B] floating -27.6 pips | harga=4372.41 | PINE=FLAT RSI=25.4
[16:49:10 WIB 2026-09-01] [LIVE] floating -28.3 pips | harga=4371.74 | PINE=FLAT RSI=24.4
[16:49:10 WIB 2026-09-01] [A] SELL LIMIT 4538 belum kena | harga=4371.74 | PINE=FLAT RSI=24.4
[16:49:10 WIB 2026-09-01] >>> BUY LIMIT B KENA @4400 | harga=4371.74 | PINE=FLAT RSI=24.4
[16:49:10 WIB 2026-09-01] >>> PERINGATAN MISS #12: PINE belum konfirmasi BUY — posisi AGRESIF, siap cut cepat!
[16:49:10 WIB 2026-09-01] === TRACKING B: SL 4355 | TP1 4450 (L1 close) | TP2 4538 (L2 runner) ===
[16:49:10 WIB 2026-09-01] [B] floating -28.3 pips | harga=4371.74 | PINE=FLAT RSI=24.4
[16:50:10 WIB 2026-09-01] [LIVE] floating -29.4 pips | harga=4370.65 | PINE=FLAT RSI=24
[16:50:10 WIB 2026-09-01] [A] SELL LIMIT 4538 belum kena | harga=4370.65 | PINE=FLAT RSI=24
[16:50:10 WIB 2026-09-01] >>> BUY LIMIT B KENA @4400 | harga=4370.65 | PINE=FLAT RSI=24
[16:50:10 WIB 2026-09-01] >>> PERINGATAN MISS #12: PINE belum konfirmasi BUY — posisi AGRESIF, siap cut cepat!
[16:50:10 WIB 2026-09-01] === TRACKING B: SL 4355 | TP1 4450 (L1 close) | TP2 4538 (L2 runner) ===
[16:50:10 WIB 2026-09-01] [B] floating -29.4 pips | harga=4370.65 | PINE=FLAT RSI=24
[16:51:10 WIB 2026-09-01] [LIVE] floating -30.1 pips | harga=4369.89 | PINE=FLAT RSI=23.9
[16:51:10 WIB 2026-09-01] [A] SELL LIMIT 4538 belum kena | harga=4369.89 | PINE=FLAT RSI=23.9
[16:51:10 WIB 2026-09-01] >>> BUY LIMIT B KENA @4400 | harga=4369.89 | PINE=FLAT RSI=23.9
[16:51:10 WIB 2026-09-01] >>> PERINGATAN MISS #12: PINE belum konfirmasi BUY — posisi AGRESIF, siap cut cepat!
[16:51:10 WIB 2026-09-01] === TRACKING B: SL 4355 | TP1 4450 (L1 close) | TP2 4538 (L2 runner) ===
[16:51:10 WIB 2026-09-01] [B] floating -30.1 pips | harga=4369.89 | PINE=FLAT RSI=23.9
[16:52:10 WIB 2026-09-01] [LIVE] floating -30.4 pips | harga=4369.61 | PINE=FLAT RSI=23.9
[16:52:10 WIB 2026-09-01] [A] SELL LIMIT 4538 belum kena | harga=4369.61 | PINE=FLAT RSI=23.9
[16:52:10 WIB 2026-09-01] >>> BUY LIMIT B KENA @4400 | harga=4369.61 | PINE=FLAT RSI=23.9
[16:52:10 WIB 2026-09-01] >>> PERINGATAN MISS #12: PINE belum konfirmasi BUY — posisi AGRESIF, siap cut cepat!
[16:52:10 WIB 2026-09-01] === TRACKING B: SL 4355 | TP1 4450 (L1 close) | TP2 4538 (L2 runner) ===
[16:52:10 WIB 2026-09-01] [B] floating -30.4 pips | harga=4369.61 | PINE=FLAT RSI=23.9
[16:53:10 WIB 2026-09-01] [LIVE] floating -29.5 pips | harga=4370.52 | PINE=FLAT RSI=24
[16:53:10 WIB 2026-09-01] [A] SELL LIMIT 4538 belum kena | harga=4370.52 | PINE=FLAT RSI=24
[16:53:10 WIB 2026-09-01] >>> BUY LIMIT B KENA @4400 | harga=4370.52 | PINE=FLAT RSI=24
[16:53:10 WIB 2026-09-01] >>> PERINGATAN MISS #12: PINE belum konfirmasi BUY — posisi AGRESIF, siap cut cepat!
[16:53:10 WIB 2026-09-01] === TRACKING B: SL 4355 | TP1 4450 (L1 close) | TP2 4538 (L2 runner) ===
[16:53:10 WIB 2026-09-01] [B] floating -29.5 pips | harga=4370.52 | PINE=FLAT RSI=24
[16:54:10 WIB 2026-09-01] [LIVE] floating -29.7 pips | harga=4370.32 | PINE=FLAT RSI=24.2
[16:54:10 WIB 2026-09-01] [A] SELL LIMIT 4538 belum kena | harga=4370.32 | PINE=FLAT RSI=24.2
[16:54:10 WIB 2026-09-01] >>> BUY LIMIT B KENA @4400 | harga=4370.32 | PINE=FLAT RSI=24.2
[16:54:10 WIB 2026-09-01] >>> PERINGATAN MISS #12: PINE belum konfirmasi BUY — posisi AGRESIF, siap cut cepat!
[16:54:10 WIB 2026-09-01] === TRACKING B: SL 4355 | TP1 4450 (L1 close) | TP2 4538 (L2 runner) ===
[16:54:10 WIB 2026-09-01] [B] floating -29.7 pips | harga=4370.32 | PINE=FLAT RSI=24.2
[16:55:10 WIB 2026-09-01] [LIVE] floating -29.4 pips | harga=4370.56 | PINE=FLAT RSI=24
[16:55:10 WIB 2026-09-01] [A] SELL LIMIT 4538 belum kena | harga=4370.56 | PINE=FLAT RSI=24
[16:55:10 WIB 2026-09-01] >>> BUY LIMIT B KENA @4400 | harga=4370.56 | PINE=FLAT RSI=24
[16:55:10 WIB 2026-09-01] >>> PERINGATAN MISS #12: PINE belum konfirmasi BUY — posisi AGRESIF, siap cut cepat!
[16:55:10 WIB 2026-09-01] === TRACKING B: SL 4355 | TP1 4450 (L1 close) | TP2 4538 (L2 runner) ===
[16:55:10 WIB 2026-09-01] [B] floating -29.4 pips | harga=4370.56 | PINE=FLAT RSI=24
[16:56:10 WIB 2026-09-01] [LIVE] floating -27.6 pips | harga=4372.40 | PINE=FLAT RSI=24.3
[16:56:10 WIB 2026-09-01] [A] SELL LIMIT 4538 belum kena | harga=4372.40 | PINE=FLAT RSI=24.3
[16:56:10 WIB 2026-09-01] >>> BUY LIMIT B KENA @4400 | harga=4372.40 | PINE=FLAT RSI=24.3
[16:56:10 WIB 2026-09-01] >>> PERINGATAN MISS #12: PINE belum konfirmasi BUY — posisi AGRESIF, siap cut cepat!
[16:56:10 WIB 2026-09-01] === TRACKING B: SL 4355 | TP1 4450 (L1 close) | TP2 4538 (L2 runner) ===
[16:56:10 WIB 2026-09-01] [B] floating -27.6 pips | harga=4372.40 | PINE=FLAT RSI=24.3
[16:57:10 WIB 2026-09-01] [LIVE] floating -31.4 pips | harga=4368.56 | PINE=FLAT RSI=23.5
[16:57:10 WIB 2026-09-01] [A] SELL LIMIT 4538 belum kena | harga=4368.56 | PINE=FLAT RSI=23.5
[16:57:10 WIB 2026-09-01] >>> BUY LIMIT B KENA @4400 | harga=4368.56 | PINE=FLAT RSI=23.5
[16:57:10 WIB 2026-09-01] >>> PERINGATAN MISS #12: PINE belum konfirmasi BUY — posisi AGRESIF, siap cut cepat!
[16:57:10 WIB 2026-09-01] === TRACKING B: SL 4355 | TP1 4450 (L1 close) | TP2 4538 (L2 runner) ===
[16:57:10 WIB 2026-09-01] [B] floating -31.4 pips | harga=4368.56 | PINE=FLAT RSI=23.5
[16:58:10 WIB 2026-09-01] [LIVE] floating -31.6 pips | harga=4368.40 | PINE=FLAT RSI=23.7
[16:58:10 WIB 2026-09-01] [A] SELL LIMIT 4538 belum kena | harga=4368.40 | PINE=FLAT RSI=23.7
[16:58:10 WIB 2026-09-01] >>> BUY LIMIT B KENA @4400 | harga=4368.40 | PINE=FLAT RSI=23.7
[16:58:10 WIB 2026-09-01] >>> PERINGATAN MISS #12: PINE belum konfirmasi BUY — posisi AGRESIF, siap cut cepat!
[16:58:10 WIB 2026-09-01] === TRACKING B: SL 4355 | TP1 4450 (L1 close) | TP2 4538 (L2 runner) ===
[16:58:10 WIB 2026-09-01] [B] floating -31.6 pips | harga=4368.40 | PINE=FLAT RSI=23.7
[16:59:10 WIB 2026-09-01] [LIVE] floating -31.4 pips | harga=4368.65 | PINE=FLAT RSI=23.5
[16:59:10 WIB 2026-09-01] [A] SELL LIMIT 4538 belum kena | harga=4368.65 | PINE=FLAT RSI=23.5
[16:59:10 WIB 2026-09-01] >>> BUY LIMIT B KENA @4400 | harga=4368.65 | PINE=FLAT RSI=23.5
[16:59:10 WIB 2026-09-01] >>> PERINGATAN MISS #12: PINE belum konfirmasi BUY — posisi AGRESIF, siap cut cepat!
[16:59:10 WIB 2026-09-01] === TRACKING B: SL 4355 | TP1 4450 (L1 close) | TP2 4538 (L2 runner) ===
[16:59:10 WIB 2026-09-01] [B] floating -31.4 pips | harga=4368.65 | PINE=FLAT RSI=23.5
[17:00:10 WIB 2026-09-01] [LIVE] floating -35.0 pips | harga=4365.01 | PINE=FLAT RSI=22.6
[17:00:10 WIB 2026-09-01] [A] SELL LIMIT 4538 belum kena | harga=4365.01 | PINE=FLAT RSI=22.6
[17:00:10 WIB 2026-09-01] >>> BUY LIMIT B KENA @4400 | harga=4365.01 | PINE=FLAT RSI=22.6
[17:00:10 WIB 2026-09-01] >>> PERINGATAN MISS #12: PINE belum konfirmasi BUY — posisi AGRESIF, siap cut cepat!
[17:00:10 WIB 2026-09-01] === TRACKING B: SL 4355 | TP1 4450 (L1 close) | TP2 4538 (L2 runner) ===
[17:00:10 WIB 2026-09-01] [B] floating -35.0 pips | harga=4365.01 | PINE=FLAT RSI=22.6
[17:01:10 WIB 2026-09-01] [LIVE] floating -32.8 pips | harga=4367.23 | PINE=FLAT RSI=23.8
[17:01:10 WIB 2026-09-01] [A] SELL LIMIT 4538 belum kena | harga=4367.23 | PINE=FLAT RSI=23.8
[17:01:10 WIB 2026-09-01] >>> BUY LIMIT B KENA @4400 | harga=4367.23 | PINE=FLAT RSI=23.8
[17:01:10 WIB 2026-09-01] >>> PERINGATAN MISS #12: PINE belum konfirmasi BUY — posisi AGRESIF, siap cut cepat!
[17:01:10 WIB 2026-09-01] === TRACKING B: SL 4355 | TP1 4450 (L1 close) | TP2 4538 (L2 runner) ===
[17:01:10 WIB 2026-09-01] [B] floating -32.8 pips | harga=4367.23 | PINE=FLAT RSI=23.8
[17:02:10 WIB 2026-09-01] [LIVE] floating -30.9 pips | harga=4369.15 | PINE=FLAT RSI=26.5
[17:02:10 WIB 2026-09-01] [A] SELL LIMIT 4538 belum kena | harga=4369.15 | PINE=FLAT RSI=26.5
[17:02:10 WIB 2026-09-01] >>> BUY LIMIT B KENA @4400 | harga=4369.15 | PINE=FLAT RSI=26.5
[17:02:10 WIB 2026-09-01] >>> PERINGATAN MISS #12: PINE belum konfirmasi BUY — posisi AGRESIF, siap cut cepat!
[17:02:10 WIB 2026-09-01] === TRACKING B: SL 4355 | TP1 4450 (L1 close) | TP2 4538 (L2 runner) ===
[17:02:10 WIB 2026-09-01] [B] floating -30.9 pips | harga=4369.15 | PINE=FLAT RSI=26.5
[17:03:10 WIB 2026-09-01] [LIVE] floating -29.4 pips | harga=4370.63 | PINE=FLAT RSI=28.1
[17:03:10 WIB 2026-09-01] [A] SELL LIMIT 4538 belum kena | harga=4370.63 | PINE=FLAT RSI=28.1
[17:03:10 WIB 2026-09-01] >>> BUY LIMIT B KENA @4400 | harga=4370.63 | PINE=FLAT RSI=28.1
[17:03:10 WIB 2026-09-01] >>> PERINGATAN MISS #12: PINE belum konfirmasi BUY — posisi AGRESIF, siap cut cepat!
[17:03:10 WIB 2026-09-01] === TRACKING B: SL 4355 | TP1 4450 (L1 close) | TP2 4538 (L2 runner) ===
[17:03:10 WIB 2026-09-01] [B] floating -29.4 pips | harga=4370.63 | PINE=FLAT RSI=28.1
[17:04:10 WIB 2026-09-01] [LIVE] floating -30.3 pips | harga=4369.71 | PINE=FLAT RSI=27
[17:04:10 WIB 2026-09-01] [A] SELL LIMIT 4538 belum kena | harga=4369.71 | PINE=FLAT RSI=27
[17:04:10 WIB 2026-09-01] >>> BUY LIMIT B KENA @4400 | harga=4369.71 | PINE=FLAT RSI=27
[17:04:10 WIB 2026-09-01] >>> PERINGATAN MISS #12: PINE belum konfirmasi BUY — posisi AGRESIF, siap cut cepat!
[17:04:10 WIB 2026-09-01] === TRACKING B: SL 4355 | TP1 4450 (L1 close) | TP2 4538 (L2 runner) ===
[17:04:10 WIB 2026-09-01] [B] floating -30.3 pips | harga=4369.71 | PINE=FLAT RSI=27
[17:05:10 WIB 2026-09-01] [LIVE] floating -32.2 pips | harga=4367.76 | PINE=FLAT RSI=24.3
[17:05:10 WIB 2026-09-01] [A] SELL LIMIT 4538 belum kena | harga=4367.76 | PINE=FLAT RSI=24.3
[17:05:10 WIB 2026-09-01] >>> BUY LIMIT B KENA @4400 | harga=4367.76 | PINE=FLAT RSI=24.3
[17:05:10 WIB 2026-09-01] >>> PERINGATAN MISS #12: PINE belum konfirmasi BUY — posisi AGRESIF, siap cut cepat!
[17:05:10 WIB 2026-09-01] === TRACKING B: SL 4355 | TP1 4450 (L1 close) | TP2 4538 (L2 runner) ===
[17:05:10 WIB 2026-09-01] [B] floating -32.2 pips | harga=4367.76 | PINE=FLAT RSI=24.3
[17:06:10 WIB 2026-09-01] [LIVE] floating -29.9 pips | harga=4370.06 | PINE=FLAT RSI=27.2
[17:06:10 WIB 2026-09-01] [A] SELL LIMIT 4538 belum kena | harga=4370.06 | PINE=FLAT RSI=27.2
[17:06:10 WIB 2026-09-01] >>> BUY LIMIT B KENA @4400 | harga=4370.06 | PINE=FLAT RSI=27.2
[17:06:10 WIB 2026-09-01] >>> PERINGATAN MISS #12: PINE belum konfirmasi BUY — posisi AGRESIF, siap cut cepat!
[17:06:10 WIB 2026-09-01] === TRACKING B: SL 4355 | TP1 4450 (L1 close) | TP2 4538 (L2 runner) ===
[17:06:10 WIB 2026-09-01] [B] floating -29.9 pips | harga=4370.06 | PINE=FLAT RSI=27.2
[17:07:10 WIB 2026-09-01] [LIVE] floating -29.6 pips | harga=4370.41 | PINE=FLAT RSI=27.2
[17:07:10 WIB 2026-09-01] [A] SELL LIMIT 4538 belum kena | harga=4370.41 | PINE=FLAT RSI=27.2
[17:07:10 WIB 2026-09-01] >>> BUY LIMIT B KENA @4400 | harga=4370.41 | PINE=FLAT RSI=27.2
[17:07:10 WIB 2026-09-01] >>> PERINGATAN MISS #12: PINE belum konfirmasi BUY — posisi AGRESIF, siap cut cepat!
[17:07:10 WIB 2026-09-01] === TRACKING B: SL 4355 | TP1 4450 (L1 close) | TP2 4538 (L2 runner) ===
[17:07:10 WIB 2026-09-01] [B] floating -29.6 pips | harga=4370.41 | PINE=FLAT RSI=27.2
[17:08:10 WIB 2026-09-01] [LIVE] floating -26.7 pips | harga=4373.27 | PINE=FLAT RSI=28.5
[17:08:10 WIB 2026-09-01] [A] SELL LIMIT 4538 belum kena | harga=4373.27 | PINE=FLAT RSI=28.5
[17:08:10 WIB 2026-09-01] >>> BUY LIMIT B KENA @4400 | harga=4373.27 | PINE=FLAT RSI=28.5
[17:08:10 WIB 2026-09-01] >>> PERINGATAN MISS #12: PINE belum konfirmasi BUY — posisi AGRESIF, siap cut cepat!
[17:08:10 WIB 2026-09-01] === TRACKING B: SL 4355 | TP1 4450 (L1 close) | TP2 4538 (L2 runner) ===
[17:08:10 WIB 2026-09-01] [B] floating -26.7 pips | harga=4373.27 | PINE=FLAT RSI=28.5
[17:09:10 WIB 2026-09-01] [LIVE] floating -27.1 pips | harga=4372.94 | PINE=FLAT RSI=30
[17:09:10 WIB 2026-09-01] [A] SELL LIMIT 4538 belum kena | harga=4372.94 | PINE=FLAT RSI=30
[17:09:10 WIB 2026-09-01] >>> BUY LIMIT B KENA @4400 | harga=4372.94 | PINE=FLAT RSI=30
[17:09:10 WIB 2026-09-01] >>> PERINGATAN MISS #12: PINE belum konfirmasi BUY — posisi AGRESIF, siap cut cepat!
[17:09:10 WIB 2026-09-01] === TRACKING B: SL 4355 | TP1 4450 (L1 close) | TP2 4538 (L2 runner) ===
[17:09:10 WIB 2026-09-01] [B] floating -27.1 pips | harga=4372.94 | PINE=FLAT RSI=30
[17:10:10 WIB 2026-09-01] [LIVE] floating -27.2 pips | harga=4372.78 | PINE=FLAT RSI=29.6
[17:10:10 WIB 2026-09-01] [A] SELL LIMIT 4538 belum kena | harga=4372.78 | PINE=FLAT RSI=29.6
[17:10:10 WIB 2026-09-01] >>> BUY LIMIT B KENA @4400 | harga=4372.78 | PINE=FLAT RSI=29.6
[17:10:10 WIB 2026-09-01] >>> PERINGATAN MISS #12: PINE belum konfirmasi BUY — posisi AGRESIF, siap cut cepat!
[17:10:10 WIB 2026-09-01] === TRACKING B: SL 4355 | TP1 4450 (L1 close) | TP2 4538 (L2 runner) ===
[17:10:10 WIB 2026-09-01] [B] floating -27.2 pips | harga=4372.78 | PINE=FLAT RSI=29.6
[17:11:10 WIB 2026-09-01] [LIVE] floating -25.5 pips | harga=4374.47 | PINE=FLAT RSI=31
[17:11:10 WIB 2026-09-01] [A] SELL LIMIT 4538 belum kena | harga=4374.47 | PINE=FLAT RSI=31
[17:11:10 WIB 2026-09-01] >>> BUY LIMIT B KENA @4400 | harga=4374.47 | PINE=FLAT RSI=31
[17:11:10 WIB 2026-09-01] >>> PERINGATAN MISS #12: PINE belum konfirmasi BUY — posisi AGRESIF, siap cut cepat!
[17:11:10 WIB 2026-09-01] === TRACKING B: SL 4355 | TP1 4450 (L1 close) | TP2 4538 (L2 runner) ===
[17:11:10 WIB 2026-09-01] [B] floating -25.5 pips | harga=4374.47 | PINE=FLAT RSI=31
[17:12:10 WIB 2026-09-01] [LIVE] floating -23.4 pips | harga=4376.65 | PINE=FLAT RSI=32.5
[17:12:10 WIB 2026-09-01] [A] SELL LIMIT 4538 belum kena | harga=4376.65 | PINE=FLAT RSI=32.5
[17:12:10 WIB 2026-09-01] >>> BUY LIMIT B KENA @4400 | harga=4376.65 | PINE=FLAT RSI=32.5
[17:12:10 WIB 2026-09-01] >>> PERINGATAN MISS #12: PINE belum konfirmasi BUY — posisi AGRESIF, siap cut cepat!
[17:12:10 WIB 2026-09-01] === TRACKING B: SL 4355 | TP1 4450 (L1 close) | TP2 4538 (L2 runner) ===
[17:12:10 WIB 2026-09-01] [B] floating -23.4 pips | harga=4376.65 | PINE=FLAT RSI=32.5
[17:13:10 WIB 2026-09-01] [LIVE] floating -22.4 pips | harga=4377.63 | PINE=FLAT RSI=33.8
[17:13:10 WIB 2026-09-01] [A] SELL LIMIT 4538 belum kena | harga=4377.63 | PINE=FLAT RSI=33.8
[17:13:10 WIB 2026-09-01] >>> BUY LIMIT B KENA @4400 | harga=4377.63 | PINE=FLAT RSI=33.8
[17:13:10 WIB 2026-09-01] >>> PERINGATAN MISS #12: PINE belum konfirmasi BUY — posisi AGRESIF, siap cut cepat!
[17:13:10 WIB 2026-09-01] === TRACKING B: SL 4355 | TP1 4450 (L1 close) | TP2 4538 (L2 runner) ===
[17:13:10 WIB 2026-09-01] [B] floating -22.4 pips | harga=4377.63 | PINE=FLAT RSI=33.8
[17:14:10 WIB 2026-09-01] [LIVE] floating -20.2 pips | harga=4379.78 | PINE=FLAT RSI=34.3
[17:14:10 WIB 2026-09-01] [A] SELL LIMIT 4538 belum kena | harga=4379.78 | PINE=FLAT RSI=34.3
[17:14:10 WIB 2026-09-01] >>> BUY LIMIT B KENA @4400 | harga=4379.78 | PINE=FLAT RSI=34.3
[17:14:10 WIB 2026-09-01] >>> PERINGATAN MISS #12: PINE belum konfirmasi BUY — posisi AGRESIF, siap cut cepat!
[17:14:10 WIB 2026-09-01] === TRACKING B: SL 4355 | TP1 4450 (L1 close) | TP2 4538 (L2 runner) ===
[17:14:10 WIB 2026-09-01] [B] floating -20.2 pips | harga=4379.78 | PINE=FLAT RSI=34.3
[17:15:10 WIB 2026-09-01] [LIVE] floating -20.9 pips | harga=4379.10 | PINE=FLAT RSI=34.7
[17:15:10 WIB 2026-09-01] [A] SELL LIMIT 4538 belum kena | harga=4379.10 | PINE=FLAT RSI=34.7
[17:15:10 WIB 2026-09-01] >>> BUY LIMIT B KENA @4400 | harga=4379.10 | PINE=FLAT RSI=34.7
[17:15:10 WIB 2026-09-01] >>> PERINGATAN MISS #12: PINE belum konfirmasi BUY — posisi AGRESIF, siap cut cepat!
[17:15:10 WIB 2026-09-01] === TRACKING B: SL 4355 | TP1 4450 (L1 close) | TP2 4538 (L2 runner) ===
[17:15:10 WIB 2026-09-01] [B] floating -20.9 pips | harga=4379.10 | PINE=FLAT RSI=34.7
[17:16:10 WIB 2026-09-01] [LIVE] floating -19.7 pips | harga=4380.28 | PINE=FLAT RSI=35.4
[17:16:10 WIB 2026-09-01] [A] SELL LIMIT 4538 belum kena | harga=4380.28 | PINE=FLAT RSI=35.4
[17:16:10 WIB 2026-09-01] >>> BUY LIMIT B KENA @4400 | harga=4380.28 | PINE=FLAT RSI=35.4
[17:16:10 WIB 2026-09-01] >>> PERINGATAN MISS #12: PINE belum konfirmasi BUY — posisi AGRESIF, siap cut cepat!
[17:16:10 WIB 2026-09-01] === TRACKING B: SL 4355 | TP1 4450 (L1 close) | TP2 4538 (L2 runner) ===
[17:16:10 WIB 2026-09-01] [B] floating -19.7 pips | harga=4380.28 | PINE=FLAT RSI=35.4
[17:17:10 WIB 2026-09-01] [LIVE] floating -16.7 pips | harga=4383.32 | PINE=FLAT RSI=37.2
[17:17:10 WIB 2026-09-01] [A] SELL LIMIT 4538 belum kena | harga=4383.32 | PINE=FLAT RSI=37.2
[17:17:10 WIB 2026-09-01] >>> BUY LIMIT B KENA @4400 | harga=4383.32 | PINE=FLAT RSI=37.2
[17:17:10 WIB 2026-09-01] >>> PERINGATAN MISS #12: PINE belum konfirmasi BUY — posisi AGRESIF, siap cut cepat!
[17:17:10 WIB 2026-09-01] === TRACKING B: SL 4355 | TP1 4450 (L1 close) | TP2 4538 (L2 runner) ===
[17:17:10 WIB 2026-09-01] [B] floating -16.7 pips | harga=4383.32 | PINE=FLAT RSI=37.2
[17:18:10 WIB 2026-09-01] [LIVE] floating -18.2 pips | harga=4381.84 | PINE=FLAT RSI=36.3
[17:18:10 WIB 2026-09-01] [A] SELL LIMIT 4538 belum kena | harga=4381.84 | PINE=FLAT RSI=36.3
[17:18:10 WIB 2026-09-01] >>> BUY LIMIT B KENA @4400 | harga=4381.84 | PINE=FLAT RSI=36.3
[17:18:10 WIB 2026-09-01] >>> PERINGATAN MISS #12: PINE belum konfirmasi BUY — posisi AGRESIF, siap cut cepat!
[17:18:10 WIB 2026-09-01] === TRACKING B: SL 4355 | TP1 4450 (L1 close) | TP2 4538 (L2 runner) ===
[17:18:10 WIB 2026-09-01] [B] floating -18.2 pips | harga=4381.84 | PINE=FLAT RSI=36.3
[17:19:10 WIB 2026-09-01] [LIVE] floating -18.8 pips | harga=4381.25 | PINE=FLAT RSI=35.9
[17:19:10 WIB 2026-09-01] [A] SELL LIMIT 4538 belum kena | harga=4381.25 | PINE=FLAT RSI=35.9
[17:19:10 WIB 2026-09-01] >>> BUY LIMIT B KENA @4400 | harga=4381.25 | PINE=FLAT RSI=35.9
[17:19:10 WIB 2026-09-01] >>> PERINGATAN MISS #12: PINE belum konfirmasi BUY — posisi AGRESIF, siap cut cepat!
[17:19:10 WIB 2026-09-01] === TRACKING B: SL 4355 | TP1 4450 (L1 close) | TP2 4538 (L2 runner) ===
[17:19:10 WIB 2026-09-01] [B] floating -18.8 pips | harga=4381.25 | PINE=FLAT RSI=35.9
[17:20:10 WIB 2026-09-01] [LIVE] floating -18.6 pips | harga=4381.38 | PINE=FLAT RSI=36.3
[17:20:10 WIB 2026-09-01] [A] SELL LIMIT 4538 belum kena | harga=4381.38 | PINE=FLAT RSI=36.3
[17:20:10 WIB 2026-09-01] >>> BUY LIMIT B KENA @4400 | harga=4381.38 | PINE=FLAT RSI=36.3
[17:20:10 WIB 2026-09-01] >>> PERINGATAN MISS #12: PINE belum konfirmasi BUY — posisi AGRESIF, siap cut cepat!
[17:20:10 WIB 2026-09-01] === TRACKING B: SL 4355 | TP1 4450 (L1 close) | TP2 4538 (L2 runner) ===
[17:20:10 WIB 2026-09-01] [B] floating -18.6 pips | harga=4381.38 | PINE=FLAT RSI=36.3
[17:21:10 WIB 2026-09-01] [LIVE] floating -18.2 pips | harga=4381.77 | PINE=FLAT RSI=35.9
[17:21:10 WIB 2026-09-01] [A] SELL LIMIT 4538 belum kena | harga=4381.77 | PINE=FLAT RSI=35.9
[17:21:10 WIB 2026-09-01] >>> BUY LIMIT B KENA @4400 | harga=4381.77 | PINE=FLAT RSI=35.9
[17:21:10 WIB 2026-09-01] >>> PERINGATAN MISS #12: PINE belum konfirmasi BUY — posisi AGRESIF, siap cut cepat!
[17:21:10 WIB 2026-09-01] === TRACKING B: SL 4355 | TP1 4450 (L1 close) | TP2 4538 (L2 runner) ===
[17:21:10 WIB 2026-09-01] [B] floating -18.2 pips | harga=4381.77 | PINE=FLAT RSI=35.9
[17:22:10 WIB 2026-09-01] [LIVE] floating -15.5 pips | harga=4384.52 | PINE=FLAT RSI=38.4
[17:22:10 WIB 2026-09-01] [A] SELL LIMIT 4538 belum kena | harga=4384.52 | PINE=FLAT RSI=38.4
[17:22:10 WIB 2026-09-01] >>> BUY LIMIT B KENA @4400 | harga=4384.52 | PINE=FLAT RSI=38.4
[17:22:10 WIB 2026-09-01] >>> PERINGATAN MISS #12: PINE belum konfirmasi BUY — posisi AGRESIF, siap cut cepat!
[17:22:10 WIB 2026-09-01] === TRACKING B: SL 4355 | TP1 4450 (L1 close) | TP2 4538 (L2 runner) ===
[17:22:10 WIB 2026-09-01] [B] floating -15.5 pips | harga=4384.52 | PINE=FLAT RSI=38.4
[17:23:10 WIB 2026-09-01] [LIVE] floating -15.2 pips | harga=4384.77 | PINE=FLAT RSI=38.5
[17:23:10 WIB 2026-09-01] [A] SELL LIMIT 4538 belum kena | harga=4384.77 | PINE=FLAT RSI=38.5
[17:23:10 WIB 2026-09-01] >>> BUY LIMIT B KENA @4400 | harga=4384.77 | PINE=FLAT RSI=38.5
[17:23:10 WIB 2026-09-01] >>> PERINGATAN MISS #12: PINE belum konfirmasi BUY — posisi AGRESIF, siap cut cepat!
[17:23:10 WIB 2026-09-01] === TRACKING B: SL 4355 | TP1 4450 (L1 close) | TP2 4538 (L2 runner) ===
[17:23:10 WIB 2026-09-01] [B] floating -15.2 pips | harga=4384.77 | PINE=FLAT RSI=38.5
[17:24:10 WIB 2026-09-01] [LIVE] floating -15.8 pips | harga=4384.20 | PINE=FLAT RSI=37.9
[17:24:10 WIB 2026-09-01] [A] SELL LIMIT 4538 belum kena | harga=4384.20 | PINE=FLAT RSI=37.9
[17:24:10 WIB 2026-09-01] >>> BUY LIMIT B KENA @4400 | harga=4384.20 | PINE=FLAT RSI=37.9
[17:24:10 WIB 2026-09-01] >>> PERINGATAN MISS #12: PINE belum konfirmasi BUY — posisi AGRESIF, siap cut cepat!
[17:24:10 WIB 2026-09-01] === TRACKING B: SL 4355 | TP1 4450 (L1 close) | TP2 4538 (L2 runner) ===
[17:24:10 WIB 2026-09-01] [B] floating -15.8 pips | harga=4384.20 | PINE=FLAT RSI=37.9
[17:25:10 WIB 2026-09-01] [LIVE] floating -15.6 pips | harga=4384.44 | PINE=FLAT RSI=38.3
[17:25:10 WIB 2026-09-01] [A] SELL LIMIT 4538 belum kena | harga=4384.44 | PINE=FLAT RSI=38.3
[17:25:10 WIB 2026-09-01] >>> BUY LIMIT B KENA @4400 | harga=4384.44 | PINE=FLAT RSI=38.3
[17:25:10 WIB 2026-09-01] >>> PERINGATAN MISS #12: PINE belum konfirmasi BUY — posisi AGRESIF, siap cut cepat!
[17:25:10 WIB 2026-09-01] === TRACKING B: SL 4355 | TP1 4450 (L1 close) | TP2 4538 (L2 runner) ===
[17:25:10 WIB 2026-09-01] [B] floating -15.6 pips | harga=4384.44 | PINE=FLAT RSI=38.3
[17:26:10 WIB 2026-09-01] [LIVE] floating -15.7 pips | harga=4384.26 | PINE=FLAT RSI=38.2
[17:26:10 WIB 2026-09-01] [A] SELL LIMIT 4538 belum kena | harga=4384.26 | PINE=FLAT RSI=38.2
[17:26:10 WIB 2026-09-01] >>> BUY LIMIT B KENA @4400 | harga=4384.26 | PINE=FLAT RSI=38.2
[17:26:10 WIB 2026-09-01] >>> PERINGATAN MISS #12: PINE belum konfirmasi BUY — posisi AGRESIF, siap cut cepat!
[17:26:10 WIB 2026-09-01] === TRACKING B: SL 4355 | TP1 4450 (L1 close) | TP2 4538 (L2 runner) ===
[17:26:10 WIB 2026-09-01] [B] floating -15.7 pips | harga=4384.26 | PINE=FLAT RSI=38.2
[17:27:10 WIB 2026-09-01] [LIVE] floating -16.1 pips | harga=4383.86 | PINE=FLAT RSI=37.9
[17:27:10 WIB 2026-09-01] [A] SELL LIMIT 4538 belum kena | harga=4383.86 | PINE=FLAT RSI=37.9
[17:27:10 WIB 2026-09-01] >>> BUY LIMIT B KENA @4400 | harga=4383.86 | PINE=FLAT RSI=37.9
[17:27:10 WIB 2026-09-01] >>> PERINGATAN MISS #12: PINE belum konfirmasi BUY — posisi AGRESIF, siap cut cepat!
[17:27:10 WIB 2026-09-01] === TRACKING B: SL 4355 | TP1 4450 (L1 close) | TP2 4538 (L2 runner) ===
[17:27:10 WIB 2026-09-01] [B] floating -16.1 pips | harga=4383.86 | PINE=FLAT RSI=37.9
[17:28:10 WIB 2026-09-01] [LIVE] floating -16.2 pips | harga=4383.81 | PINE=FLAT RSI=37.9
[17:28:10 WIB 2026-09-01] [A] SELL LIMIT 4538 belum kena | harga=4383.81 | PINE=FLAT RSI=37.9
[17:28:10 WIB 2026-09-01] >>> BUY LIMIT B KENA @4400 | harga=4383.81 | PINE=FLAT RSI=37.9
[17:28:10 WIB 2026-09-01] >>> PERINGATAN MISS #12: PINE belum konfirmasi BUY — posisi AGRESIF, siap cut cepat!
[17:28:10 WIB 2026-09-01] === TRACKING B: SL 4355 | TP1 4450 (L1 close) | TP2 4538 (L2 runner) ===
[17:28:10 WIB 2026-09-01] [B] floating -16.2 pips | harga=4383.81 | PINE=FLAT RSI=37.9
[17:29:10 WIB 2026-09-01] [LIVE] floating -15.7 pips | harga=4384.32 | PINE=FLAT RSI=38.3
[17:29:10 WIB 2026-09-01] [A] SELL LIMIT 4538 belum kena | harga=4384.32 | PINE=FLAT RSI=38.3
[17:29:10 WIB 2026-09-01] >>> BUY LIMIT B KENA @4400 | harga=4384.32 | PINE=FLAT RSI=38.3
[17:29:10 WIB 2026-09-01] >>> PERINGATAN MISS #12: PINE belum konfirmasi BUY — posisi AGRESIF, siap cut cepat!
[17:29:10 WIB 2026-09-01] === TRACKING B: SL 4355 | TP1 4450 (L1 close) | TP2 4538 (L2 runner) ===
[17:29:10 WIB 2026-09-01] [B] floating -15.7 pips | harga=4384.32 | PINE=FLAT RSI=38.3
[17:30:10 WIB 2026-09-01] [LIVE] floating -15.6 pips | harga=4384.42 | PINE=FLAT RSI=38.3
[17:30:10 WIB 2026-09-01] [A] SELL LIMIT 4538 belum kena | harga=4384.42 | PINE=FLAT RSI=38.3
[17:30:10 WIB 2026-09-01] >>> BUY LIMIT B KENA @4400 | harga=4384.42 | PINE=FLAT RSI=38.3
[17:30:10 WIB 2026-09-01] >>> PERINGATAN MISS #12: PINE belum konfirmasi BUY — posisi AGRESIF, siap cut cepat!
[17:30:10 WIB 2026-09-01] === TRACKING B: SL 4355 | TP1 4450 (L1 close) | TP2 4538 (L2 runner) ===
[17:30:10 WIB 2026-09-01] [B] floating -15.6 pips | harga=4384.42 | PINE=FLAT RSI=38.3
[17:31:10 WIB 2026-09-01] [LIVE] floating -14.9 pips | harga=4385.10 | PINE=FLAT RSI=38.8
[17:31:10 WIB 2026-09-01] [A] SELL LIMIT 4538 belum kena | harga=4385.10 | PINE=FLAT RSI=38.8
[17:31:10 WIB 2026-09-01] >>> BUY LIMIT B KENA @4400 | harga=4385.10 | PINE=FLAT RSI=38.8
[17:31:10 WIB 2026-09-01] >>> PERINGATAN MISS #12: PINE belum konfirmasi BUY — posisi AGRESIF, siap cut cepat!
[17:31:10 WIB 2026-09-01] === TRACKING B: SL 4355 | TP1 4450 (L1 close) | TP2 4538 (L2 runner) ===
[17:31:10 WIB 2026-09-01] [B] floating -14.9 pips | harga=4385.10 | PINE=FLAT RSI=38.8
[17:32:10 WIB 2026-09-01] [LIVE] floating -16.2 pips | harga=4383.76 | PINE=FLAT RSI=38.2
[17:32:10 WIB 2026-09-01] [A] SELL LIMIT 4538 belum kena | harga=4383.76 | PINE=FLAT RSI=38.2
[17:32:10 WIB 2026-09-01] >>> BUY LIMIT B KENA @4400 | harga=4383.76 | PINE=FLAT RSI=38.2
[17:32:10 WIB 2026-09-01] >>> PERINGATAN MISS #12: PINE belum konfirmasi BUY — posisi AGRESIF, siap cut cepat!
[17:32:10 WIB 2026-09-01] === TRACKING B: SL 4355 | TP1 4450 (L1 close) | TP2 4538 (L2 runner) ===
[17:32:10 WIB 2026-09-01] [B] floating -16.2 pips | harga=4383.76 | PINE=FLAT RSI=38.2
[17:33:10 WIB 2026-09-01] [LIVE] floating -17.2 pips | harga=4382.77 | PINE=FLAT RSI=37.7
[17:33:10 WIB 2026-09-01] [A] SELL LIMIT 4538 belum kena | harga=4382.77 | PINE=FLAT RSI=37.7
[17:33:10 WIB 2026-09-01] >>> BUY LIMIT B KENA @4400 | harga=4382.77 | PINE=FLAT RSI=37.7
[17:33:10 WIB 2026-09-01] >>> PERINGATAN MISS #12: PINE belum konfirmasi BUY — posisi AGRESIF, siap cut cepat!
[17:33:10 WIB 2026-09-01] === TRACKING B: SL 4355 | TP1 4450 (L1 close) | TP2 4538 (L2 runner) ===
[17:33:10 WIB 2026-09-01] [B] floating -17.2 pips | harga=4382.77 | PINE=FLAT RSI=37.7
[17:34:10 WIB 2026-09-01] [LIVE] floating -17.2 pips | harga=4382.80 | PINE=FLAT RSI=37.7
[17:34:10 WIB 2026-09-01] [A] SELL LIMIT 4538 belum kena | harga=4382.80 | PINE=FLAT RSI=37.7
[17:34:10 WIB 2026-09-01] >>> BUY LIMIT B KENA @4400 | harga=4382.80 | PINE=FLAT RSI=37.7
[17:34:10 WIB 2026-09-01] >>> PERINGATAN MISS #12: PINE belum konfirmasi BUY — posisi AGRESIF, siap cut cepat!
[17:34:10 WIB 2026-09-01] === TRACKING B: SL 4355 | TP1 4450 (L1 close) | TP2 4538 (L2 runner) ===
[17:34:10 WIB 2026-09-01] [B] floating -17.2 pips | harga=4382.80 | PINE=FLAT RSI=37.7
[17:35:10 WIB 2026-09-01] [LIVE] floating -16.7 pips | harga=4383.34 | PINE=FLAT RSI=38
[17:35:10 WIB 2026-09-01] [A] SELL LIMIT 4538 belum kena | harga=4383.34 | PINE=FLAT RSI=38
[17:35:10 WIB 2026-09-01] >>> BUY LIMIT B KENA @4400 | harga=4383.34 | PINE=FLAT RSI=38
[17:35:10 WIB 2026-09-01] >>> PERINGATAN MISS #12: PINE belum konfirmasi BUY — posisi AGRESIF, siap cut cepat!
[17:35:10 WIB 2026-09-01] === TRACKING B: SL 4355 | TP1 4450 (L1 close) | TP2 4538 (L2 runner) ===
[17:35:10 WIB 2026-09-01] [B] floating -16.7 pips | harga=4383.34 | PINE=FLAT RSI=38
[17:36:10 WIB 2026-09-01] [LIVE] floating -16.4 pips | harga=4383.63 | PINE=FLAT RSI=38.1
[17:36:10 WIB 2026-09-01] [A] SELL LIMIT 4538 belum kena | harga=4383.63 | PINE=FLAT RSI=38.1
[17:36:10 WIB 2026-09-01] >>> BUY LIMIT B KENA @4400 | harga=4383.63 | PINE=FLAT RSI=38.1
[17:36:10 WIB 2026-09-01] >>> PERINGATAN MISS #12: PINE belum konfirmasi BUY — posisi AGRESIF, siap cut cepat!
[17:36:10 WIB 2026-09-01] === TRACKING B: SL 4355 | TP1 4450 (L1 close) | TP2 4538 (L2 runner) ===
[17:36:10 WIB 2026-09-01] [B] floating -16.4 pips | harga=4383.63 | PINE=FLAT RSI=38.1
[17:37:10 WIB 2026-09-01] [LIVE] floating -16.7 pips | harga=4383.34 | PINE=FLAT RSI=38
[17:37:10 WIB 2026-09-01] [A] SELL LIMIT 4538 belum kena | harga=4383.34 | PINE=FLAT RSI=38
[17:37:10 WIB 2026-09-01] >>> BUY LIMIT B KENA @4400 | harga=4383.34 | PINE=FLAT RSI=38
[17:37:10 WIB 2026-09-01] >>> PERINGATAN MISS #12: PINE belum konfirmasi BUY — posisi AGRESIF, siap cut cepat!
[17:37:10 WIB 2026-09-01] === TRACKING B: SL 4355 | TP1 4450 (L1 close) | TP2 4538 (L2 runner) ===
[17:37:10 WIB 2026-09-01] [B] floating -16.7 pips | harga=4383.34 | PINE=FLAT RSI=38
[17:38:10 WIB 2026-09-01] [LIVE] floating -14.7 pips | harga=4385.31 | PINE=FLAT RSI=38.9
[17:38:10 WIB 2026-09-01] [A] SELL LIMIT 4538 belum kena | harga=4385.31 | PINE=FLAT RSI=38.9
[17:38:10 WIB 2026-09-01] >>> BUY LIMIT B KENA @4400 | harga=4385.31 | PINE=FLAT RSI=38.9
[17:38:10 WIB 2026-09-01] >>> PERINGATAN MISS #12: PINE belum konfirmasi BUY — posisi AGRESIF, siap cut cepat!
[17:38:10 WIB 2026-09-01] === TRACKING B: SL 4355 | TP1 4450 (L1 close) | TP2 4538 (L2 runner) ===
[17:38:10 WIB 2026-09-01] [B] floating -14.7 pips | harga=4385.31 | PINE=FLAT RSI=38.9
[17:39:10 WIB 2026-09-01] [LIVE] floating -14.4 pips | harga=4385.63 | PINE=FLAT RSI=39.2
[17:39:10 WIB 2026-09-01] [A] SELL LIMIT 4538 belum kena | harga=4385.63 | PINE=FLAT RSI=39.2
[17:39:10 WIB 2026-09-01] >>> BUY LIMIT B KENA @4400 | harga=4385.63 | PINE=FLAT RSI=39.2
[17:39:10 WIB 2026-09-01] >>> PERINGATAN MISS #12: PINE belum konfirmasi BUY — posisi AGRESIF, siap cut cepat!
[17:39:10 WIB 2026-09-01] === TRACKING B: SL 4355 | TP1 4450 (L1 close) | TP2 4538 (L2 runner) ===
[17:39:10 WIB 2026-09-01] [B] floating -14.4 pips | harga=4385.63 | PINE=FLAT RSI=39.2
[17:40:10 WIB 2026-09-01] [LIVE] floating -15.6 pips | harga=4384.38 | PINE=FLAT RSI=38.4
[17:40:10 WIB 2026-09-01] [A] SELL LIMIT 4538 belum kena | harga=4384.38 | PINE=FLAT RSI=38.4
[17:40:10 WIB 2026-09-01] >>> BUY LIMIT B KENA @4400 | harga=4384.38 | PINE=FLAT RSI=38.4
[17:40:10 WIB 2026-09-01] >>> PERINGATAN MISS #12: PINE belum konfirmasi BUY — posisi AGRESIF, siap cut cepat!
[17:40:10 WIB 2026-09-01] === TRACKING B: SL 4355 | TP1 4450 (L1 close) | TP2 4538 (L2 runner) ===
[17:40:10 WIB 2026-09-01] [B] floating -15.6 pips | harga=4384.38 | PINE=FLAT RSI=38.4
[17:41:10 WIB 2026-09-01] [LIVE] floating -15.3 pips | harga=4384.73 | PINE=FLAT RSI=38.6
[17:41:10 WIB 2026-09-01] [A] SELL LIMIT 4538 belum kena | harga=4384.73 | PINE=FLAT RSI=38.6
[17:41:10 WIB 2026-09-01] >>> BUY LIMIT B KENA @4400 | harga=4384.73 | PINE=FLAT RSI=38.6
[17:41:10 WIB 2026-09-01] >>> PERINGATAN MISS #12: PINE belum konfirmasi BUY — posisi AGRESIF, siap cut cepat!
[17:41:10 WIB 2026-09-01] === TRACKING B: SL 4355 | TP1 4450 (L1 close) | TP2 4538 (L2 runner) ===
[17:41:10 WIB 2026-09-01] [B] floating -15.3 pips | harga=4384.73 | PINE=FLAT RSI=38.6
[17:42:10 WIB 2026-09-01] [LIVE] floating -15.5 pips | harga=4384.52 | PINE=FLAT RSI=38.5
[17:42:10 WIB 2026-09-01] [A] SELL LIMIT 4538 belum kena | harga=4384.52 | PINE=FLAT RSI=38.5
[17:42:10 WIB 2026-09-01] >>> BUY LIMIT B KENA @4400 | harga=4384.52 | PINE=FLAT RSI=38.5
[17:42:10 WIB 2026-09-01] >>> PERINGATAN MISS #12: PINE belum konfirmasi BUY — posisi AGRESIF, siap cut cepat!
[17:42:10 WIB 2026-09-01] === TRACKING B: SL 4355 | TP1 4450 (L1 close) | TP2 4538 (L2 runner) ===
[17:42:10 WIB 2026-09-01] [B] floating -15.5 pips | harga=4384.52 | PINE=FLAT RSI=38.5
[17:43:10 WIB 2026-09-01] [LIVE] floating -14.2 pips | harga=4385.79 | PINE=FLAT RSI=39.3
[17:43:10 WIB 2026-09-01] [A] SELL LIMIT 4538 belum kena | harga=4385.79 | PINE=FLAT RSI=39.3
[17:43:10 WIB 2026-09-01] >>> BUY LIMIT B KENA @4400 | harga=4385.79 | PINE=FLAT RSI=39.3
[17:43:10 WIB 2026-09-01] >>> PERINGATAN MISS #12: PINE belum konfirmasi BUY — posisi AGRESIF, siap cut cepat!
[17:43:10 WIB 2026-09-01] === TRACKING B: SL 4355 | TP1 4450 (L1 close) | TP2 4538 (L2 runner) ===
[17:43:10 WIB 2026-09-01] [B] floating -14.2 pips | harga=4385.79 | PINE=FLAT RSI=39.3
[17:44:10 WIB 2026-09-01] [LIVE] floating -16.4 pips | harga=4383.60 | PINE=FLAT RSI=38.1
[17:44:10 WIB 2026-09-01] [A] SELL LIMIT 4538 belum kena | harga=4383.60 | PINE=FLAT RSI=38.1
[17:44:10 WIB 2026-09-01] >>> BUY LIMIT B KENA @4400 | harga=4383.60 | PINE=FLAT RSI=38.1
[17:44:10 WIB 2026-09-01] >>> PERINGATAN MISS #12: PINE belum konfirmasi BUY — posisi AGRESIF, siap cut cepat!
[17:44:10 WIB 2026-09-01] === TRACKING B: SL 4355 | TP1 4450 (L1 close) | TP2 4538 (L2 runner) ===
[17:44:10 WIB 2026-09-01] [B] floating -16.4 pips | harga=4383.60 | PINE=FLAT RSI=38.1
[17:45:10 WIB 2026-09-01] [LIVE] floating -17.7 pips | harga=4382.34 | PINE=FLAT RSI=37.5
[17:45:10 WIB 2026-09-01] [A] SELL LIMIT 4538 belum kena | harga=4382.34 | PINE=FLAT RSI=37.5
[17:45:10 WIB 2026-09-01] >>> BUY LIMIT B KENA @4400 | harga=4382.34 | PINE=FLAT RSI=37.5
[17:45:10 WIB 2026-09-01] >>> PERINGATAN MISS #12: PINE belum konfirmasi BUY — posisi AGRESIF, siap cut cepat!
[17:45:10 WIB 2026-09-01] === TRACKING B: SL 4355 | TP1 4450 (L1 close) | TP2 4538 (L2 runner) ===
[17:45:10 WIB 2026-09-01] [B] floating -17.7 pips | harga=4382.34 | PINE=FLAT RSI=37.5
[17:46:10 WIB 2026-09-01] [LIVE] floating -20.7 pips | harga=4379.35 | PINE=FLAT RSI=36.2
[17:46:10 WIB 2026-09-01] [A] SELL LIMIT 4538 belum kena | harga=4379.35 | PINE=FLAT RSI=36.2
[17:46:10 WIB 2026-09-01] >>> BUY LIMIT B KENA @4400 | harga=4379.35 | PINE=FLAT RSI=36.2
[17:46:10 WIB 2026-09-01] >>> PERINGATAN MISS #12: PINE belum konfirmasi BUY — posisi AGRESIF, siap cut cepat!
[17:46:10 WIB 2026-09-01] === TRACKING B: SL 4355 | TP1 4450 (L1 close) | TP2 4538 (L2 runner) ===
[17:46:10 WIB 2026-09-01] [B] floating -20.7 pips | harga=4379.35 | PINE=FLAT RSI=36.2
[17:47:10 WIB 2026-09-01] [LIVE] floating -20.1 pips | harga=4379.94 | PINE=FLAT RSI=36.5
[17:47:10 WIB 2026-09-01] [A] SELL LIMIT 4538 belum kena | harga=4379.94 | PINE=FLAT RSI=36.5
[17:47:10 WIB 2026-09-01] >>> BUY LIMIT B KENA @4400 | harga=4379.94 | PINE=FLAT RSI=36.5
[17:47:10 WIB 2026-09-01] >>> PERINGATAN MISS #12: PINE belum konfirmasi BUY — posisi AGRESIF, siap cut cepat!
[17:47:10 WIB 2026-09-01] === TRACKING B: SL 4355 | TP1 4450 (L1 close) | TP2 4538 (L2 runner) ===
[17:47:10 WIB 2026-09-01] [B] floating -20.1 pips | harga=4379.94 | PINE=FLAT RSI=36.5
[17:48:10 WIB 2026-09-01] [LIVE] floating -22.4 pips | harga=4377.56 | PINE=FLAT RSI=35.5
[17:48:10 WIB 2026-09-01] [A] SELL LIMIT 4538 belum kena | harga=4377.56 | PINE=FLAT RSI=35.5
[17:48:10 WIB 2026-09-01] >>> BUY LIMIT B KENA @4400 | harga=4377.56 | PINE=FLAT RSI=35.5
[17:48:10 WIB 2026-09-01] >>> PERINGATAN MISS #12: PINE belum konfirmasi BUY — posisi AGRESIF, siap cut cepat!
[17:48:10 WIB 2026-09-01] === TRACKING B: SL 4355 | TP1 4450 (L1 close) | TP2 4538 (L2 runner) ===
[17:48:10 WIB 2026-09-01] [B] floating -22.4 pips | harga=4377.56 | PINE=FLAT RSI=35.5
[17:49:10 WIB 2026-09-01] [LIVE] floating -19.6 pips | harga=4380.45 | PINE=FLAT RSI=36.7
[17:49:10 WIB 2026-09-01] [A] SELL LIMIT 4538 belum kena | harga=4380.45 | PINE=FLAT RSI=36.7
[17:49:10 WIB 2026-09-01] >>> BUY LIMIT B KENA @4400 | harga=4380.45 | PINE=FLAT RSI=36.7
[17:49:10 WIB 2026-09-01] >>> PERINGATAN MISS #12: PINE belum konfirmasi BUY — posisi AGRESIF, siap cut cepat!
[17:49:10 WIB 2026-09-01] === TRACKING B: SL 4355 | TP1 4450 (L1 close) | TP2 4538 (L2 runner) ===
[17:49:10 WIB 2026-09-01] [B] floating -19.6 pips | harga=4380.45 | PINE=FLAT RSI=36.7
[17:50:10 WIB 2026-09-01] [LIVE] floating -21.4 pips | harga=4378.64 | PINE=FLAT RSI=35.9
[17:50:10 WIB 2026-09-01] [A] SELL LIMIT 4538 belum kena | harga=4378.64 | PINE=FLAT RSI=35.9
[17:50:10 WIB 2026-09-01] >>> BUY LIMIT B KENA @4400 | harga=4378.64 | PINE=FLAT RSI=35.9
[17:50:10 WIB 2026-09-01] >>> PERINGATAN MISS #12: PINE belum konfirmasi BUY — posisi AGRESIF, siap cut cepat!
[17:50:10 WIB 2026-09-01] === TRACKING B: SL 4355 | TP1 4450 (L1 close) | TP2 4538 (L2 runner) ===
[17:50:10 WIB 2026-09-01] [B] floating -21.4 pips | harga=4378.64 | PINE=FLAT RSI=35.9
[17:51:10 WIB 2026-09-01] [LIVE] floating -24.0 pips | harga=4375.97 | PINE=FLAT RSI=34.8
[17:51:10 WIB 2026-09-01] [A] SELL LIMIT 4538 belum kena | harga=4375.97 | PINE=FLAT RSI=34.8
[17:51:10 WIB 2026-09-01] >>> BUY LIMIT B KENA @4400 | harga=4375.97 | PINE=FLAT RSI=34.8
[17:51:10 WIB 2026-09-01] >>> PERINGATAN MISS #12: PINE belum konfirmasi BUY — posisi AGRESIF, siap cut cepat!
[17:51:10 WIB 2026-09-01] === TRACKING B: SL 4355 | TP1 4450 (L1 close) | TP2 4538 (L2 runner) ===
[17:51:10 WIB 2026-09-01] [B] floating -24.0 pips | harga=4375.97 | PINE=FLAT RSI=34.8
[17:52:10 WIB 2026-09-01] [LIVE] floating -23.3 pips | harga=4376.72 | PINE=FLAT RSI=35.1
[17:52:10 WIB 2026-09-01] [A] SELL LIMIT 4538 belum kena | harga=4376.72 | PINE=FLAT RSI=35.1
[17:52:10 WIB 2026-09-01] >>> BUY LIMIT B KENA @4400 | harga=4376.72 | PINE=FLAT RSI=35.1
[17:52:10 WIB 2026-09-01] >>> PERINGATAN MISS #12: PINE belum konfirmasi BUY — posisi AGRESIF, siap cut cepat!
[17:52:10 WIB 2026-09-01] === TRACKING B: SL 4355 | TP1 4450 (L1 close) | TP2 4538 (L2 runner) ===
[17:52:10 WIB 2026-09-01] [B] floating -23.3 pips | harga=4376.72 | PINE=FLAT RSI=35.1
[17:53:10 WIB 2026-09-01] [LIVE] floating -24.0 pips | harga=4375.96 | PINE=FLAT RSI=34.8
[17:53:10 WIB 2026-09-01] [A] SELL LIMIT 4538 belum kena | harga=4375.96 | PINE=FLAT RSI=34.8
[17:53:10 WIB 2026-09-01] >>> BUY LIMIT B KENA @4400 | harga=4375.96 | PINE=FLAT RSI=34.8
[17:53:10 WIB 2026-09-01] >>> PERINGATAN MISS #12: PINE belum konfirmasi BUY — posisi AGRESIF, siap cut cepat!
[17:53:10 WIB 2026-09-01] === TRACKING B: SL 4355 | TP1 4450 (L1 close) | TP2 4538 (L2 runner) ===
[17:53:10 WIB 2026-09-01] [B] floating -24.0 pips | harga=4375.96 | PINE=FLAT RSI=34.8
[17:54:10 WIB 2026-09-01] [LIVE] floating -24.5 pips | harga=4375.54 | PINE=FLAT RSI=34.7
[17:54:10 WIB 2026-09-01] [A] SELL LIMIT 4538 belum kena | harga=4375.54 | PINE=FLAT RSI=34.7
[17:54:10 WIB 2026-09-01] >>> BUY LIMIT B KENA @4400 | harga=4375.54 | PINE=FLAT RSI=34.7
[17:54:10 WIB 2026-09-01] >>> PERINGATAN MISS #12: PINE belum konfirmasi BUY — posisi AGRESIF, siap cut cepat!
[17:54:10 WIB 2026-09-01] === TRACKING B: SL 4355 | TP1 4450 (L1 close) | TP2 4538 (L2 runner) ===
[17:54:10 WIB 2026-09-01] [B] floating -24.5 pips | harga=4375.54 | PINE=FLAT RSI=34.7
[17:55:10 WIB 2026-09-01] GUARD TF: chart tidak di M15 (interval bar 240 mnt) — auto-set M15, siklus ini dilewati
[17:56:10 WIB 2026-09-01] [LIVE] floating -24.0 pips | harga=4375.97 | PINE=FLAT RSI=34.8
[17:56:10 WIB 2026-09-01] [A] SELL LIMIT 4538 belum kena | harga=4375.97 | PINE=FLAT RSI=34.8
[17:56:10 WIB 2026-09-01] >>> BUY LIMIT B KENA @4400 | harga=4375.97 | PINE=FLAT RSI=34.8
[17:56:10 WIB 2026-09-01] >>> PERINGATAN MISS #12: PINE belum konfirmasi BUY — posisi AGRESIF, siap cut cepat!
[17:56:10 WIB 2026-09-01] === TRACKING B: SL 4355 | TP1 4450 (L1 close) | TP2 4538 (L2 runner) ===
[17:56:10 WIB 2026-09-01] [B] floating -24.0 pips | harga=4375.97 | PINE=FLAT RSI=34.8
[17:57:10 WIB 2026-09-01] [LIVE] floating -23.7 pips | harga=4376.32 | PINE=FLAT RSI=35
[17:57:10 WIB 2026-09-01] [A] SELL LIMIT 4538 belum kena | harga=4376.32 | PINE=FLAT RSI=35
[17:57:10 WIB 2026-09-01] >>> BUY LIMIT B KENA @4400 | harga=4376.32 | PINE=FLAT RSI=35
[17:57:10 WIB 2026-09-01] >>> PERINGATAN MISS #12: PINE belum konfirmasi BUY — posisi AGRESIF, siap cut cepat!
[17:57:10 WIB 2026-09-01] === TRACKING B: SL 4355 | TP1 4450 (L1 close) | TP2 4538 (L2 runner) ===
[17:57:10 WIB 2026-09-01] [B] floating -23.7 pips | harga=4376.32 | PINE=FLAT RSI=35
[17:58:10 WIB 2026-09-01] [LIVE] floating -23.3 pips | harga=4376.73 | PINE=FLAT RSI=35.1
[17:58:10 WIB 2026-09-01] [A] SELL LIMIT 4538 belum kena | harga=4376.73 | PINE=FLAT RSI=35.1
[17:58:10 WIB 2026-09-01] >>> BUY LIMIT B KENA @4400 | harga=4376.73 | PINE=FLAT RSI=35.1
[17:58:10 WIB 2026-09-01] >>> PERINGATAN MISS #12: PINE belum konfirmasi BUY — posisi AGRESIF, siap cut cepat!
[17:58:10 WIB 2026-09-01] === TRACKING B: SL 4355 | TP1 4450 (L1 close) | TP2 4538 (L2 runner) ===
[17:58:10 WIB 2026-09-01] [B] floating -23.3 pips | harga=4376.73 | PINE=FLAT RSI=35.1
[17:59:10 WIB 2026-09-01] [LIVE] floating -20.8 pips | harga=4379.23 | PINE=FLAT RSI=36.2
[17:59:10 WIB 2026-09-01] [A] SELL LIMIT 4538 belum kena | harga=4379.23 | PINE=FLAT RSI=36.2
[17:59:10 WIB 2026-09-01] >>> BUY LIMIT B KENA @4400 | harga=4379.23 | PINE=FLAT RSI=36.2
[17:59:10 WIB 2026-09-01] >>> PERINGATAN MISS #12: PINE belum konfirmasi BUY — posisi AGRESIF, siap cut cepat!
[17:59:10 WIB 2026-09-01] === TRACKING B: SL 4355 | TP1 4450 (L1 close) | TP2 4538 (L2 runner) ===
[17:59:10 WIB 2026-09-01] [B] floating -20.8 pips | harga=4379.23 | PINE=FLAT RSI=36.2
[18:00:10 WIB 2026-09-01] [LIVE] floating -20.6 pips | harga=4379.39 | PINE=FLAT RSI=36.3
[18:00:10 WIB 2026-09-01] [A] SELL LIMIT 4538 belum kena | harga=4379.39 | PINE=FLAT RSI=36.3
[18:00:10 WIB 2026-09-01] >>> BUY LIMIT B KENA @4400 | harga=4379.39 | PINE=FLAT RSI=36.3
[18:00:10 WIB 2026-09-01] >>> PERINGATAN MISS #12: PINE belum konfirmasi BUY — posisi AGRESIF, siap cut cepat!
[18:00:10 WIB 2026-09-01] === TRACKING B: SL 4355 | TP1 4450 (L1 close) | TP2 4538 (L2 runner) ===
[18:00:10 WIB 2026-09-01] [B] floating -20.6 pips | harga=4379.39 | PINE=FLAT RSI=36.3
[18:01:10 WIB 2026-09-01] [LIVE] floating -23.0 pips | harga=4377.01 | PINE=FLAT RSI=35.2
[18:01:10 WIB 2026-09-01] [A] SELL LIMIT 4538 belum kena | harga=4377.01 | PINE=FLAT RSI=35.2
[18:01:10 WIB 2026-09-01] >>> BUY LIMIT B KENA @4400 | harga=4377.01 | PINE=FLAT RSI=35.2
[18:01:10 WIB 2026-09-01] >>> PERINGATAN MISS #12: PINE belum konfirmasi BUY — posisi AGRESIF, siap cut cepat!
[18:01:10 WIB 2026-09-01] === TRACKING B: SL 4355 | TP1 4450 (L1 close) | TP2 4538 (L2 runner) ===
[18:01:10 WIB 2026-09-01] [B] floating -23.0 pips | harga=4377.01 | PINE=FLAT RSI=35.2
[18:02:10 WIB 2026-09-01] [LIVE] floating -23.8 pips | harga=4376.23 | PINE=FLAT RSI=34.9
[18:02:10 WIB 2026-09-01] [A] SELL LIMIT 4538 belum kena | harga=4376.23 | PINE=FLAT RSI=34.9
[18:02:10 WIB 2026-09-01] >>> BUY LIMIT B KENA @4400 | harga=4376.23 | PINE=FLAT RSI=34.9
[18:02:10 WIB 2026-09-01] >>> PERINGATAN MISS #12: PINE belum konfirmasi BUY — posisi AGRESIF, siap cut cepat!
[18:02:10 WIB 2026-09-01] === TRACKING B: SL 4355 | TP1 4450 (L1 close) | TP2 4538 (L2 runner) ===
[18:02:10 WIB 2026-09-01] [B] floating -23.8 pips | harga=4376.23 | PINE=FLAT RSI=34.9
[18:03:10 WIB 2026-09-01] [LIVE] floating -21.7 pips | harga=4378.31 | PINE=FLAT RSI=35.8
[18:03:10 WIB 2026-09-01] [A] SELL LIMIT 4538 belum kena | harga=4378.31 | PINE=FLAT RSI=35.8
[18:03:10 WIB 2026-09-01] >>> BUY LIMIT B KENA @4400 | harga=4378.31 | PINE=FLAT RSI=35.8
[18:03:10 WIB 2026-09-01] >>> PERINGATAN MISS #12: PINE belum konfirmasi BUY — posisi AGRESIF, siap cut cepat!
[18:03:10 WIB 2026-09-01] === TRACKING B: SL 4355 | TP1 4450 (L1 close) | TP2 4538 (L2 runner) ===
[18:03:10 WIB 2026-09-01] [B] floating -21.7 pips | harga=4378.31 | PINE=FLAT RSI=35.8
[18:04:10 WIB 2026-09-01] [LIVE] floating -20.4 pips | harga=4379.59 | PINE=FLAT RSI=36.8
[18:04:10 WIB 2026-09-01] [A] SELL LIMIT 4538 belum kena | harga=4379.59 | PINE=FLAT RSI=36.8
[18:04:10 WIB 2026-09-01] >>> BUY LIMIT B KENA @4400 | harga=4379.59 | PINE=FLAT RSI=36.8
[18:04:10 WIB 2026-09-01] >>> PERINGATAN MISS #12: PINE belum konfirmasi BUY — posisi AGRESIF, siap cut cepat!
[18:04:10 WIB 2026-09-01] === TRACKING B: SL 4355 | TP1 4450 (L1 close) | TP2 4538 (L2 runner) ===
[18:04:10 WIB 2026-09-01] [B] floating -20.4 pips | harga=4379.59 | PINE=FLAT RSI=36.8
[18:05:10 WIB 2026-09-01] [LIVE] floating -19.7 pips | harga=4380.29 | PINE=FLAT RSI=37.4
[18:05:10 WIB 2026-09-01] [A] SELL LIMIT 4538 belum kena | harga=4380.29 | PINE=FLAT RSI=37.4
[18:05:10 WIB 2026-09-01] >>> BUY LIMIT B KENA @4400 | harga=4380.29 | PINE=FLAT RSI=37.4
[18:05:10 WIB 2026-09-01] >>> PERINGATAN MISS #12: PINE belum konfirmasi BUY — posisi AGRESIF, siap cut cepat!
[18:05:10 WIB 2026-09-01] === TRACKING B: SL 4355 | TP1 4450 (L1 close) | TP2 4538 (L2 runner) ===
[18:05:10 WIB 2026-09-01] [B] floating -19.7 pips | harga=4380.29 | PINE=FLAT RSI=37.4
[18:06:10 WIB 2026-09-01] [LIVE] floating -22.5 pips | harga=4377.53 | PINE=FLAT RSI=35.4
[18:06:10 WIB 2026-09-01] [A] SELL LIMIT 4538 belum kena | harga=4377.53 | PINE=FLAT RSI=35.4
[18:06:10 WIB 2026-09-01] >>> BUY LIMIT B KENA @4400 | harga=4377.53 | PINE=FLAT RSI=35.4
[18:06:10 WIB 2026-09-01] >>> PERINGATAN MISS #12: PINE belum konfirmasi BUY — posisi AGRESIF, siap cut cepat!
[18:06:10 WIB 2026-09-01] === TRACKING B: SL 4355 | TP1 4450 (L1 close) | TP2 4538 (L2 runner) ===
[18:06:10 WIB 2026-09-01] [B] floating -22.5 pips | harga=4377.53 | PINE=FLAT RSI=35.4
[18:07:10 WIB 2026-09-01] [LIVE] floating -22.4 pips | harga=4377.64 | PINE=FLAT RSI=35.5
[18:07:10 WIB 2026-09-01] [A] SELL LIMIT 4538 belum kena | harga=4377.64 | PINE=FLAT RSI=35.5
[18:07:10 WIB 2026-09-01] >>> BUY LIMIT B KENA @4400 | harga=4377.64 | PINE=FLAT RSI=35.5
[18:07:10 WIB 2026-09-01] >>> PERINGATAN MISS #12: PINE belum konfirmasi BUY — posisi AGRESIF, siap cut cepat!
[18:07:10 WIB 2026-09-01] === TRACKING B: SL 4355 | TP1 4450 (L1 close) | TP2 4538 (L2 runner) ===
[18:07:10 WIB 2026-09-01] [B] floating -22.4 pips | harga=4377.64 | PINE=FLAT RSI=35.5
[18:08:10 WIB 2026-09-01] [LIVE] floating -19.6 pips | harga=4380.36 | PINE=FLAT RSI=37.4
[18:08:10 WIB 2026-09-01] [A] SELL LIMIT 4538 belum kena | harga=4380.36 | PINE=FLAT RSI=37.4
[18:08:10 WIB 2026-09-01] >>> BUY LIMIT B KENA @4400 | harga=4380.36 | PINE=FLAT RSI=37.4
[18:08:10 WIB 2026-09-01] >>> PERINGATAN MISS #12: PINE belum konfirmasi BUY — posisi AGRESIF, siap cut cepat!
[18:08:10 WIB 2026-09-01] === TRACKING B: SL 4355 | TP1 4450 (L1 close) | TP2 4538 (L2 runner) ===
[18:08:10 WIB 2026-09-01] [B] floating -19.6 pips | harga=4380.36 | PINE=FLAT RSI=37.4
[18:09:10 WIB 2026-09-01] [LIVE] floating -19.6 pips | harga=4380.40 | PINE=FLAT RSI=37.5
[18:09:10 WIB 2026-09-01] [A] SELL LIMIT 4538 belum kena | harga=4380.40 | PINE=FLAT RSI=37.5
[18:09:10 WIB 2026-09-01] >>> BUY LIMIT B KENA @4400 | harga=4380.40 | PINE=FLAT RSI=37.5
[18:09:10 WIB 2026-09-01] >>> PERINGATAN MISS #12: PINE belum konfirmasi BUY — posisi AGRESIF, siap cut cepat!
[18:09:10 WIB 2026-09-01] === TRACKING B: SL 4355 | TP1 4450 (L1 close) | TP2 4538 (L2 runner) ===
[18:09:10 WIB 2026-09-01] [B] floating -19.6 pips | harga=4380.40 | PINE=FLAT RSI=37.5
[18:10:10 WIB 2026-09-01] [LIVE] floating -18.0 pips | harga=4382.01 | PINE=FLAT RSI=38.7
[18:10:10 WIB 2026-09-01] [A] SELL LIMIT 4538 belum kena | harga=4382.01 | PINE=FLAT RSI=38.7
[18:10:10 WIB 2026-09-01] >>> BUY LIMIT B KENA @4400 | harga=4382.01 | PINE=FLAT RSI=38.7
[18:10:10 WIB 2026-09-01] >>> PERINGATAN MISS #12: PINE belum konfirmasi BUY — posisi AGRESIF, siap cut cepat!
[18:10:10 WIB 2026-09-01] === TRACKING B: SL 4355 | TP1 4450 (L1 close) | TP2 4538 (L2 runner) ===
[18:10:10 WIB 2026-09-01] [B] floating -18.0 pips | harga=4382.01 | PINE=FLAT RSI=38.7
[18:11:10 WIB 2026-09-01] [LIVE] floating -18.5 pips | harga=4381.47 | PINE=FLAT RSI=38.3
[18:11:10 WIB 2026-09-01] [A] SELL LIMIT 4538 belum kena | harga=4381.47 | PINE=FLAT RSI=38.3
[18:11:10 WIB 2026-09-01] >>> BUY LIMIT B KENA @4400 | harga=4381.47 | PINE=FLAT RSI=38.3
[18:11:10 WIB 2026-09-01] >>> PERINGATAN MISS #12: PINE belum konfirmasi BUY — posisi AGRESIF, siap cut cepat!
[18:11:10 WIB 2026-09-01] === TRACKING B: SL 4355 | TP1 4450 (L1 close) | TP2 4538 (L2 runner) ===
[18:11:10 WIB 2026-09-01] [B] floating -18.5 pips | harga=4381.47 | PINE=FLAT RSI=38.3
[18:12:11 WIB 2026-09-01] [LIVE] floating -18.9 pips | harga=4381.08 | PINE=FLAT RSI=38
[18:12:11 WIB 2026-09-01] [A] SELL LIMIT 4538 belum kena | harga=4381.08 | PINE=FLAT RSI=38
[18:12:11 WIB 2026-09-01] >>> BUY LIMIT B KENA @4400 | harga=4381.08 | PINE=FLAT RSI=38
[18:12:11 WIB 2026-09-01] >>> PERINGATAN MISS #12: PINE belum konfirmasi BUY — posisi AGRESIF, siap cut cepat!
[18:12:11 WIB 2026-09-01] === TRACKING B: SL 4355 | TP1 4450 (L1 close) | TP2 4538 (L2 runner) ===
[18:12:11 WIB 2026-09-01] [B] floating -18.9 pips | harga=4381.08 | PINE=FLAT RSI=38
[18:13:11 WIB 2026-09-01] [LIVE] floating -18.0 pips | harga=4382.03 | PINE=FLAT RSI=38.7
[18:13:11 WIB 2026-09-01] [A] SELL LIMIT 4538 belum kena | harga=4382.03 | PINE=FLAT RSI=38.7
[18:13:11 WIB 2026-09-01] >>> BUY LIMIT B KENA @4400 | harga=4382.03 | PINE=FLAT RSI=38.7
[18:13:11 WIB 2026-09-01] >>> PERINGATAN MISS #12: PINE belum konfirmasi BUY — posisi AGRESIF, siap cut cepat!
[18:13:11 WIB 2026-09-01] === TRACKING B: SL 4355 | TP1 4450 (L1 close) | TP2 4538 (L2 runner) ===
[18:13:11 WIB 2026-09-01] [B] floating -18.0 pips | harga=4382.03 | PINE=FLAT RSI=38.7
[18:14:11 WIB 2026-09-01] [LIVE] floating -19.1 pips | harga=4380.90 | PINE=FLAT RSI=37.8
[18:14:11 WIB 2026-09-01] [A] SELL LIMIT 4538 belum kena | harga=4380.90 | PINE=FLAT RSI=37.8
[18:14:11 WIB 2026-09-01] >>> BUY LIMIT B KENA @4400 | harga=4380.90 | PINE=FLAT RSI=37.8
[18:14:11 WIB 2026-09-01] >>> PERINGATAN MISS #12: PINE belum konfirmasi BUY — posisi AGRESIF, siap cut cepat!
[18:14:11 WIB 2026-09-01] === TRACKING B: SL 4355 | TP1 4450 (L1 close) | TP2 4538 (L2 runner) ===
[18:14:11 WIB 2026-09-01] [B] floating -19.1 pips | harga=4380.90 | PINE=FLAT RSI=37.8
[18:15:10 WIB 2026-09-01] [LIVE] floating -22.9 pips | harga=4377.11 | PINE=FLAT RSI=35.2
[18:15:10 WIB 2026-09-01] [A] SELL LIMIT 4538 belum kena | harga=4377.11 | PINE=FLAT RSI=35.2
[18:15:10 WIB 2026-09-01] >>> BUY LIMIT B KENA @4400 | harga=4377.11 | PINE=FLAT RSI=35.2
[18:15:10 WIB 2026-09-01] >>> PERINGATAN MISS #12: PINE belum konfirmasi BUY — posisi AGRESIF, siap cut cepat!
[18:15:10 WIB 2026-09-01] === TRACKING B: SL 4355 | TP1 4450 (L1 close) | TP2 4538 (L2 runner) ===
[18:15:10 WIB 2026-09-01] [B] floating -22.9 pips | harga=4377.11 | PINE=FLAT RSI=35.2
[18:16:10 WIB 2026-09-01] [LIVE] floating -23.2 pips | harga=4376.76 | PINE=FLAT RSI=35.1
[18:16:10 WIB 2026-09-01] [A] SELL LIMIT 4538 belum kena | harga=4376.76 | PINE=FLAT RSI=35.1
[18:16:10 WIB 2026-09-01] >>> BUY LIMIT B KENA @4400 | harga=4376.76 | PINE=FLAT RSI=35.1
[18:16:10 WIB 2026-09-01] >>> PERINGATAN MISS #12: PINE belum konfirmasi BUY — posisi AGRESIF, siap cut cepat!
[18:16:10 WIB 2026-09-01] === TRACKING B: SL 4355 | TP1 4450 (L1 close) | TP2 4538 (L2 runner) ===
[18:16:10 WIB 2026-09-01] [B] floating -23.2 pips | harga=4376.76 | PINE=FLAT RSI=35.1
[18:17:10 WIB 2026-09-01] [LIVE] floating -24.2 pips | harga=4375.76 | PINE=FLAT RSI=34.6
[18:17:10 WIB 2026-09-01] [A] SELL LIMIT 4538 belum kena | harga=4375.76 | PINE=FLAT RSI=34.6
[18:17:10 WIB 2026-09-01] >>> BUY LIMIT B KENA @4400 | harga=4375.76 | PINE=FLAT RSI=34.6
[18:17:10 WIB 2026-09-01] >>> PERINGATAN MISS #12: PINE belum konfirmasi BUY — posisi AGRESIF, siap cut cepat!
[18:17:10 WIB 2026-09-01] === TRACKING B: SL 4355 | TP1 4450 (L1 close) | TP2 4538 (L2 runner) ===
[18:17:10 WIB 2026-09-01] [B] floating -24.2 pips | harga=4375.76 | PINE=FLAT RSI=34.6
[18:18:10 WIB 2026-09-01] [LIVE] floating -24.6 pips | harga=4375.45 | PINE=FLAT RSI=34.5
[18:18:10 WIB 2026-09-01] [A] SELL LIMIT 4538 belum kena | harga=4375.45 | PINE=FLAT RSI=34.5
[18:18:10 WIB 2026-09-01] >>> BUY LIMIT B KENA @4400 | harga=4375.45 | PINE=FLAT RSI=34.5
[18:18:10 WIB 2026-09-01] >>> PERINGATAN MISS #12: PINE belum konfirmasi BUY — posisi AGRESIF, siap cut cepat!
[18:18:10 WIB 2026-09-01] === TRACKING B: SL 4355 | TP1 4450 (L1 close) | TP2 4538 (L2 runner) ===
[18:18:10 WIB 2026-09-01] [B] floating -24.6 pips | harga=4375.45 | PINE=FLAT RSI=34.5
[18:19:10 WIB 2026-09-01] [LIVE] floating -23.8 pips | harga=4376.23 | PINE=FLAT RSI=34.8
[18:19:10 WIB 2026-09-01] [A] SELL LIMIT 4538 belum kena | harga=4376.23 | PINE=FLAT RSI=34.8
[18:19:10 WIB 2026-09-01] >>> BUY LIMIT B KENA @4400 | harga=4376.23 | PINE=FLAT RSI=34.8
[18:19:10 WIB 2026-09-01] >>> PERINGATAN MISS #12: PINE belum konfirmasi BUY — posisi AGRESIF, siap cut cepat!
[18:19:10 WIB 2026-09-01] === TRACKING B: SL 4355 | TP1 4450 (L1 close) | TP2 4538 (L2 runner) ===
[18:19:10 WIB 2026-09-01] [B] floating -23.8 pips | harga=4376.23 | PINE=FLAT RSI=34.8
[18:20:10 WIB 2026-09-01] [LIVE] floating -23.3 pips | harga=4376.73 | PINE=FLAT RSI=35.1
[18:20:10 WIB 2026-09-01] [A] SELL LIMIT 4538 belum kena | harga=4376.73 | PINE=FLAT RSI=35.1
[18:20:10 WIB 2026-09-01] >>> BUY LIMIT B KENA @4400 | harga=4376.73 | PINE=FLAT RSI=35.1
[18:20:10 WIB 2026-09-01] >>> PERINGATAN MISS #12: PINE belum konfirmasi BUY — posisi AGRESIF, siap cut cepat!
[18:20:10 WIB 2026-09-01] === TRACKING B: SL 4355 | TP1 4450 (L1 close) | TP2 4538 (L2 runner) ===
[18:20:10 WIB 2026-09-01] [B] floating -23.3 pips | harga=4376.73 | PINE=FLAT RSI=35.1
[18:21:10 WIB 2026-09-01] [LIVE] floating -23.9 pips | harga=4376.11 | PINE=FLAT RSI=34.8
[18:21:10 WIB 2026-09-01] [A] SELL LIMIT 4538 belum kena | harga=4376.11 | PINE=FLAT RSI=34.8
[18:21:10 WIB 2026-09-01] >>> BUY LIMIT B KENA @4400 | harga=4376.11 | PINE=FLAT RSI=34.8
[18:21:10 WIB 2026-09-01] >>> PERINGATAN MISS #12: PINE belum konfirmasi BUY — posisi AGRESIF, siap cut cepat!
[18:21:10 WIB 2026-09-01] === TRACKING B: SL 4355 | TP1 4450 (L1 close) | TP2 4538 (L2 runner) ===
[18:21:10 WIB 2026-09-01] [B] floating -23.9 pips | harga=4376.11 | PINE=FLAT RSI=34.8
[18:22:10 WIB 2026-09-01] [LIVE] floating -21.4 pips | harga=4378.60 | PINE=FLAT RSI=36.4
[18:22:10 WIB 2026-09-01] [A] SELL LIMIT 4538 belum kena | harga=4378.60 | PINE=FLAT RSI=36.4
[18:22:10 WIB 2026-09-01] >>> BUY LIMIT B KENA @4400 | harga=4378.60 | PINE=FLAT RSI=36.4
[18:22:10 WIB 2026-09-01] >>> PERINGATAN MISS #12: PINE belum konfirmasi BUY — posisi AGRESIF, siap cut cepat!
[18:22:10 WIB 2026-09-01] === TRACKING B: SL 4355 | TP1 4450 (L1 close) | TP2 4538 (L2 runner) ===
[18:22:10 WIB 2026-09-01] [B] floating -21.4 pips | harga=4378.60 | PINE=FLAT RSI=36.4
[18:23:10 WIB 2026-09-01] [LIVE] floating -22.7 pips | harga=4377.33 | PINE=FLAT RSI=35.4
[18:23:10 WIB 2026-09-01] [A] SELL LIMIT 4538 belum kena | harga=4377.33 | PINE=FLAT RSI=35.4
[18:23:10 WIB 2026-09-01] >>> BUY LIMIT B KENA @4400 | harga=4377.33 | PINE=FLAT RSI=35.4
[18:23:10 WIB 2026-09-01] >>> PERINGATAN MISS #12: PINE belum konfirmasi BUY — posisi AGRESIF, siap cut cepat!
[18:23:10 WIB 2026-09-01] === TRACKING B: SL 4355 | TP1 4450 (L1 close) | TP2 4538 (L2 runner) ===
[18:23:10 WIB 2026-09-01] [B] floating -22.7 pips | harga=4377.33 | PINE=FLAT RSI=35.4
[18:24:10 WIB 2026-09-01] [LIVE] floating -22.1 pips | harga=4377.93 | PINE=FLAT RSI=35.9
[18:24:10 WIB 2026-09-01] [A] SELL LIMIT 4538 belum kena | harga=4377.93 | PINE=FLAT RSI=35.9
[18:24:10 WIB 2026-09-01] >>> BUY LIMIT B KENA @4400 | harga=4377.93 | PINE=FLAT RSI=35.9
[18:24:10 WIB 2026-09-01] >>> PERINGATAN MISS #12: PINE belum konfirmasi BUY — posisi AGRESIF, siap cut cepat!
[18:24:10 WIB 2026-09-01] === TRACKING B: SL 4355 | TP1 4450 (L1 close) | TP2 4538 (L2 runner) ===
[18:24:10 WIB 2026-09-01] [B] floating -22.1 pips | harga=4377.93 | PINE=FLAT RSI=35.9
[18:25:10 WIB 2026-09-01] [LIVE] floating -22.1 pips | harga=4377.93 | PINE=FLAT RSI=35.9
[18:25:10 WIB 2026-09-01] [A] SELL LIMIT 4538 belum kena | harga=4377.93 | PINE=FLAT RSI=35.9
[18:25:10 WIB 2026-09-01] >>> BUY LIMIT B KENA @4400 | harga=4377.93 | PINE=FLAT RSI=35.9
[18:25:10 WIB 2026-09-01] >>> PERINGATAN MISS #12: PINE belum konfirmasi BUY — posisi AGRESIF, siap cut cepat!
[18:25:10 WIB 2026-09-01] === TRACKING B: SL 4355 | TP1 4450 (L1 close) | TP2 4538 (L2 runner) ===
[18:25:10 WIB 2026-09-01] [B] floating -22.1 pips | harga=4377.93 | PINE=FLAT RSI=35.9
[18:26:10 WIB 2026-09-01] [LIVE] floating -22.8 pips | harga=4377.19 | PINE=FLAT RSI=35.3
[18:26:10 WIB 2026-09-01] [A] SELL LIMIT 4538 belum kena | harga=4377.19 | PINE=FLAT RSI=35.3
[18:26:10 WIB 2026-09-01] >>> BUY LIMIT B KENA @4400 | harga=4377.19 | PINE=FLAT RSI=35.3
[18:26:10 WIB 2026-09-01] >>> PERINGATAN MISS #12: PINE belum konfirmasi BUY — posisi AGRESIF, siap cut cepat!
[18:26:10 WIB 2026-09-01] === TRACKING B: SL 4355 | TP1 4450 (L1 close) | TP2 4538 (L2 runner) ===
[18:26:10 WIB 2026-09-01] [B] floating -22.8 pips | harga=4377.19 | PINE=FLAT RSI=35.3
[18:27:10 WIB 2026-09-01] [LIVE] floating -21.9 pips | harga=4378.07 | PINE=FLAT RSI=35.8
[18:27:10 WIB 2026-09-01] [A] SELL LIMIT 4538 belum kena | harga=4378.07 | PINE=FLAT RSI=35.8
[18:27:10 WIB 2026-09-01] >>> BUY LIMIT B KENA @4400 | harga=4378.07 | PINE=FLAT RSI=35.8
[18:27:10 WIB 2026-09-01] >>> PERINGATAN MISS #12: PINE belum konfirmasi BUY — posisi AGRESIF, siap cut cepat!
[18:27:10 WIB 2026-09-01] === TRACKING B: SL 4355 | TP1 4450 (L1 close) | TP2 4538 (L2 runner) ===
[18:27:10 WIB 2026-09-01] [B] floating -21.9 pips | harga=4378.07 | PINE=FLAT RSI=35.8
[18:28:10 WIB 2026-09-01] [LIVE] floating -20.6 pips | harga=4379.41 | PINE=FLAT RSI=37.1
[18:28:10 WIB 2026-09-01] [A] SELL LIMIT 4538 belum kena | harga=4379.41 | PINE=FLAT RSI=37.1
[18:28:10 WIB 2026-09-01] >>> BUY LIMIT B KENA @4400 | harga=4379.41 | PINE=FLAT RSI=37.1
[18:28:10 WIB 2026-09-01] >>> PERINGATAN MISS #12: PINE belum konfirmasi BUY — posisi AGRESIF, siap cut cepat!
[18:28:10 WIB 2026-09-01] === TRACKING B: SL 4355 | TP1 4450 (L1 close) | TP2 4538 (L2 runner) ===
[18:28:10 WIB 2026-09-01] [B] floating -20.6 pips | harga=4379.41 | PINE=FLAT RSI=37.1
[18:29:11 WIB 2026-09-01] [LIVE] floating -19.8 pips | harga=4380.21 | PINE=FLAT RSI=38.6
[18:29:11 WIB 2026-09-01] [A] SELL LIMIT 4538 belum kena | harga=4380.21 | PINE=FLAT RSI=38.6
[18:29:11 WIB 2026-09-01] >>> BUY LIMIT B KENA @4400 | harga=4380.21 | PINE=FLAT RSI=38.6
[18:29:11 WIB 2026-09-01] >>> PERINGATAN MISS #12: PINE belum konfirmasi BUY — posisi AGRESIF, siap cut cepat!
[18:29:11 WIB 2026-09-01] === TRACKING B: SL 4355 | TP1 4450 (L1 close) | TP2 4538 (L2 runner) ===
[18:29:11 WIB 2026-09-01] [B] floating -19.8 pips | harga=4380.21 | PINE=FLAT RSI=38.6
[18:30:11 WIB 2026-09-01] [LIVE] floating -18.9 pips | harga=4381.10 | PINE=FLAT RSI=38.5
[18:30:11 WIB 2026-09-01] [A] SELL LIMIT 4538 belum kena | harga=4381.10 | PINE=FLAT RSI=38.5
[18:30:11 WIB 2026-09-01] >>> BUY LIMIT B KENA @4400 | harga=4381.10 | PINE=FLAT RSI=38.5
[18:30:11 WIB 2026-09-01] >>> PERINGATAN MISS #12: PINE belum konfirmasi BUY — posisi AGRESIF, siap cut cepat!
[18:30:11 WIB 2026-09-01] === TRACKING B: SL 4355 | TP1 4450 (L1 close) | TP2 4538 (L2 runner) ===
[18:30:11 WIB 2026-09-01] [B] floating -18.9 pips | harga=4381.10 | PINE=FLAT RSI=38.5
[18:31:11 WIB 2026-09-01] [LIVE] floating -18.5 pips | harga=4381.52 | PINE=FLAT RSI=38.8
[18:31:11 WIB 2026-09-01] [A] SELL LIMIT 4538 belum kena | harga=4381.52 | PINE=FLAT RSI=38.8
[18:31:11 WIB 2026-09-01] >>> BUY LIMIT B KENA @4400 | harga=4381.52 | PINE=FLAT RSI=38.8
[18:31:11 WIB 2026-09-01] >>> PERINGATAN MISS #12: PINE belum konfirmasi BUY — posisi AGRESIF, siap cut cepat!
[18:31:11 WIB 2026-09-01] === TRACKING B: SL 4355 | TP1 4450 (L1 close) | TP2 4538 (L2 runner) ===
[18:31:11 WIB 2026-09-01] [B] floating -18.5 pips | harga=4381.52 | PINE=FLAT RSI=38.8
[18:32:11 WIB 2026-09-01] [LIVE] floating -19.0 pips | harga=4381.05 | PINE=FLAT RSI=38.4
[18:32:11 WIB 2026-09-01] [A] SELL LIMIT 4538 belum kena | harga=4381.05 | PINE=FLAT RSI=38.4
[18:32:11 WIB 2026-09-01] >>> BUY LIMIT B KENA @4400 | harga=4381.05 | PINE=FLAT RSI=38.4
[18:32:11 WIB 2026-09-01] >>> PERINGATAN MISS #12: PINE belum konfirmasi BUY — posisi AGRESIF, siap cut cepat!
[18:32:11 WIB 2026-09-01] === TRACKING B: SL 4355 | TP1 4450 (L1 close) | TP2 4538 (L2 runner) ===
[18:32:11 WIB 2026-09-01] [B] floating -19.0 pips | harga=4381.05 | PINE=FLAT RSI=38.4
[18:33:11 WIB 2026-09-01] [LIVE] floating -18.1 pips | harga=4381.94 | PINE=FLAT RSI=39.2
[18:33:11 WIB 2026-09-01] [A] SELL LIMIT 4538 belum kena | harga=4381.94 | PINE=FLAT RSI=39.2
[18:33:11 WIB 2026-09-01] >>> BUY LIMIT B KENA @4400 | harga=4381.94 | PINE=FLAT RSI=39.2
[18:33:11 WIB 2026-09-01] >>> PERINGATAN MISS #12: PINE belum konfirmasi BUY — posisi AGRESIF, siap cut cepat!
[18:33:11 WIB 2026-09-01] === TRACKING B: SL 4355 | TP1 4450 (L1 close) | TP2 4538 (L2 runner) ===
[18:33:11 WIB 2026-09-01] [B] floating -18.1 pips | harga=4381.94 | PINE=FLAT RSI=39.2
[18:34:11 WIB 2026-09-01] [LIVE] floating -18.8 pips | harga=4381.23 | PINE=FLAT RSI=38.6
[18:34:11 WIB 2026-09-01] [A] SELL LIMIT 4538 belum kena | harga=4381.23 | PINE=FLAT RSI=38.6
[18:34:11 WIB 2026-09-01] >>> BUY LIMIT B KENA @4400 | harga=4381.23 | PINE=FLAT RSI=38.6
[18:34:11 WIB 2026-09-01] >>> PERINGATAN MISS #12: PINE belum konfirmasi BUY — posisi AGRESIF, siap cut cepat!
[18:34:11 WIB 2026-09-01] === TRACKING B: SL 4355 | TP1 4450 (L1 close) | TP2 4538 (L2 runner) ===
[18:34:11 WIB 2026-09-01] [B] floating -18.8 pips | harga=4381.23 | PINE=FLAT RSI=38.6
[18:35:11 WIB 2026-09-01] [LIVE] floating -18.3 pips | harga=4381.73 | PINE=FLAT RSI=39
[18:35:11 WIB 2026-09-01] [A] SELL LIMIT 4538 belum kena | harga=4381.73 | PINE=FLAT RSI=39
[18:35:11 WIB 2026-09-01] >>> BUY LIMIT B KENA @4400 | harga=4381.73 | PINE=FLAT RSI=39
[18:35:11 WIB 2026-09-01] >>> PERINGATAN MISS #12: PINE belum konfirmasi BUY — posisi AGRESIF, siap cut cepat!
[18:35:11 WIB 2026-09-01] === TRACKING B: SL 4355 | TP1 4450 (L1 close) | TP2 4538 (L2 runner) ===
[18:35:11 WIB 2026-09-01] [B] floating -18.3 pips | harga=4381.73 | PINE=FLAT RSI=39
[18:36:11 WIB 2026-09-01] [LIVE] floating -20.7 pips | harga=4379.33 | PINE=FLAT RSI=37.4
[18:36:11 WIB 2026-09-01] [A] SELL LIMIT 4538 belum kena | harga=4379.33 | PINE=FLAT RSI=37.4
[18:36:11 WIB 2026-09-01] >>> BUY LIMIT B KENA @4400 | harga=4379.33 | PINE=FLAT RSI=37.4
[18:36:11 WIB 2026-09-01] >>> PERINGATAN MISS #12: PINE belum konfirmasi BUY — posisi AGRESIF, siap cut cepat!
[18:36:11 WIB 2026-09-01] === TRACKING B: SL 4355 | TP1 4450 (L1 close) | TP2 4538 (L2 runner) ===
[18:36:11 WIB 2026-09-01] [B] floating -20.7 pips | harga=4379.33 | PINE=FLAT RSI=37.4
[18:37:11 WIB 2026-09-01] [LIVE] floating -18.8 pips | harga=4381.19 | PINE=FLAT RSI=38.6
[18:37:11 WIB 2026-09-01] [A] SELL LIMIT 4538 belum kena | harga=4381.19 | PINE=FLAT RSI=38.6
[18:37:11 WIB 2026-09-01] >>> BUY LIMIT B KENA @4400 | harga=4381.19 | PINE=FLAT RSI=38.6
[18:37:11 WIB 2026-09-01] >>> PERINGATAN MISS #12: PINE belum konfirmasi BUY — posisi AGRESIF, siap cut cepat!
[18:37:11 WIB 2026-09-01] === TRACKING B: SL 4355 | TP1 4450 (L1 close) | TP2 4538 (L2 runner) ===
[18:37:11 WIB 2026-09-01] [B] floating -18.8 pips | harga=4381.19 | PINE=FLAT RSI=38.6
[18:38:11 WIB 2026-09-01] [LIVE] floating -20.3 pips | harga=4379.74 | PINE=FLAT RSI=37.6
[18:38:11 WIB 2026-09-01] [A] SELL LIMIT 4538 belum kena | harga=4379.74 | PINE=FLAT RSI=37.6
[18:38:11 WIB 2026-09-01] >>> BUY LIMIT B KENA @4400 | harga=4379.74 | PINE=FLAT RSI=37.6
[18:38:11 WIB 2026-09-01] >>> PERINGATAN MISS #12: PINE belum konfirmasi BUY — posisi AGRESIF, siap cut cepat!
[18:38:11 WIB 2026-09-01] === TRACKING B: SL 4355 | TP1 4450 (L1 close) | TP2 4538 (L2 runner) ===
[18:38:11 WIB 2026-09-01] [B] floating -20.3 pips | harga=4379.74 | PINE=FLAT RSI=37.6
[18:39:11 WIB 2026-09-01] [LIVE] floating -17.0 pips | harga=4383.02 | PINE=FLAT RSI=40.1
[18:39:11 WIB 2026-09-01] [A] SELL LIMIT 4538 belum kena | harga=4383.02 | PINE=FLAT RSI=40.1
[18:39:11 WIB 2026-09-01] >>> BUY LIMIT B KENA @4400 | harga=4383.02 | PINE=FLAT RSI=40.1
[18:39:11 WIB 2026-09-01] >>> PERINGATAN MISS #12: PINE belum konfirmasi BUY — posisi AGRESIF, siap cut cepat!
[18:39:11 WIB 2026-09-01] === TRACKING B: SL 4355 | TP1 4450 (L1 close) | TP2 4538 (L2 runner) ===
[18:39:11 WIB 2026-09-01] [B] floating -17.0 pips | harga=4383.02 | PINE=FLAT RSI=40.1
[18:40:11 WIB 2026-09-01] [LIVE] floating -16.5 pips | harga=4383.50 | PINE=FLAT RSI=40.5
[18:40:11 WIB 2026-09-01] [A] SELL LIMIT 4538 belum kena | harga=4383.50 | PINE=FLAT RSI=40.5
[18:40:11 WIB 2026-09-01] >>> BUY LIMIT B KENA @4400 | harga=4383.50 | PINE=FLAT RSI=40.5
[18:40:11 WIB 2026-09-01] >>> PERINGATAN MISS #12: PINE belum konfirmasi BUY — posisi AGRESIF, siap cut cepat!
[18:40:11 WIB 2026-09-01] === TRACKING B: SL 4355 | TP1 4450 (L1 close) | TP2 4538 (L2 runner) ===
[18:40:11 WIB 2026-09-01] [B] floating -16.5 pips | harga=4383.50 | PINE=FLAT RSI=40.5
[18:41:11 WIB 2026-09-01] [LIVE] floating -16.6 pips | harga=4383.42 | PINE=FLAT RSI=40.7
[18:41:11 WIB 2026-09-01] [A] SELL LIMIT 4538 belum kena | harga=4383.42 | PINE=FLAT RSI=40.7
[18:41:11 WIB 2026-09-01] >>> BUY LIMIT B KENA @4400 | harga=4383.42 | PINE=FLAT RSI=40.7
[18:41:11 WIB 2026-09-01] >>> PERINGATAN MISS #12: PINE belum konfirmasi BUY — posisi AGRESIF, siap cut cepat!
[18:41:11 WIB 2026-09-01] === TRACKING B: SL 4355 | TP1 4450 (L1 close) | TP2 4538 (L2 runner) ===
[18:41:11 WIB 2026-09-01] [B] floating -16.6 pips | harga=4383.42 | PINE=FLAT RSI=40.7
[18:42:11 WIB 2026-09-01] [LIVE] floating -16.5 pips | harga=4383.52 | PINE=FLAT RSI=40.5
[18:42:11 WIB 2026-09-01] [A] SELL LIMIT 4538 belum kena | harga=4383.52 | PINE=FLAT RSI=40.5
[18:42:11 WIB 2026-09-01] >>> BUY LIMIT B KENA @4400 | harga=4383.52 | PINE=FLAT RSI=40.5
[18:42:11 WIB 2026-09-01] >>> PERINGATAN MISS #12: PINE belum konfirmasi BUY — posisi AGRESIF, siap cut cepat!
[18:42:11 WIB 2026-09-01] === TRACKING B: SL 4355 | TP1 4450 (L1 close) | TP2 4538 (L2 runner) ===
[18:42:11 WIB 2026-09-01] [B] floating -16.5 pips | harga=4383.52 | PINE=FLAT RSI=40.5
[18:43:11 WIB 2026-09-01] [LIVE] floating -16.0 pips | harga=4383.98 | PINE=FLAT RSI=40.8
[18:43:11 WIB 2026-09-01] [A] SELL LIMIT 4538 belum kena | harga=4383.98 | PINE=FLAT RSI=40.8
[18:43:11 WIB 2026-09-01] >>> BUY LIMIT B KENA @4400 | harga=4383.98 | PINE=FLAT RSI=40.8
[18:43:11 WIB 2026-09-01] >>> PERINGATAN MISS #12: PINE belum konfirmasi BUY — posisi AGRESIF, siap cut cepat!
[18:43:11 WIB 2026-09-01] === TRACKING B: SL 4355 | TP1 4450 (L1 close) | TP2 4538 (L2 runner) ===
[18:43:11 WIB 2026-09-01] [B] floating -16.0 pips | harga=4383.98 | PINE=FLAT RSI=40.8
[18:44:11 WIB 2026-09-01] [LIVE] floating -15.8 pips | harga=4384.15 | PINE=FLAT RSI=41
[18:44:11 WIB 2026-09-01] [A] SELL LIMIT 4538 belum kena | harga=4384.15 | PINE=FLAT RSI=41
[18:44:11 WIB 2026-09-01] >>> BUY LIMIT B KENA @4400 | harga=4384.15 | PINE=FLAT RSI=41
[18:44:11 WIB 2026-09-01] >>> PERINGATAN MISS #12: PINE belum konfirmasi BUY — posisi AGRESIF, siap cut cepat!
[18:44:11 WIB 2026-09-01] === TRACKING B: SL 4355 | TP1 4450 (L1 close) | TP2 4538 (L2 runner) ===
[18:44:11 WIB 2026-09-01] [B] floating -15.8 pips | harga=4384.15 | PINE=FLAT RSI=41
[18:45:11 WIB 2026-09-01] [LIVE] floating -15.7 pips | harga=4384.27 | PINE=FLAT RSI=41.1
[18:45:11 WIB 2026-09-01] [A] SELL LIMIT 4538 belum kena | harga=4384.27 | PINE=FLAT RSI=41.1
[18:45:11 WIB 2026-09-01] >>> BUY LIMIT B KENA @4400 | harga=4384.27 | PINE=FLAT RSI=41.1
[18:45:11 WIB 2026-09-01] >>> PERINGATAN MISS #12: PINE belum konfirmasi BUY — posisi AGRESIF, siap cut cepat!
[18:45:11 WIB 2026-09-01] === TRACKING B: SL 4355 | TP1 4450 (L1 close) | TP2 4538 (L2 runner) ===
[18:45:11 WIB 2026-09-01] [B] floating -15.7 pips | harga=4384.27 | PINE=FLAT RSI=41.1
[18:46:11 WIB 2026-09-01] [LIVE] floating -15.2 pips | harga=4384.77 | PINE=FLAT RSI=41.5
[18:46:11 WIB 2026-09-01] [A] SELL LIMIT 4538 belum kena | harga=4384.77 | PINE=FLAT RSI=41.5
[18:46:11 WIB 2026-09-01] >>> BUY LIMIT B KENA @4400 | harga=4384.77 | PINE=FLAT RSI=41.5
[18:46:11 WIB 2026-09-01] >>> PERINGATAN MISS #12: PINE belum konfirmasi BUY — posisi AGRESIF, siap cut cepat!
[18:46:11 WIB 2026-09-01] === TRACKING B: SL 4355 | TP1 4450 (L1 close) | TP2 4538 (L2 runner) ===
[18:46:11 WIB 2026-09-01] [B] floating -15.2 pips | harga=4384.77 | PINE=FLAT RSI=41.5
[18:47:11 WIB 2026-09-01] [LIVE] floating -14.2 pips | harga=4385.80 | PINE=FLAT RSI=42.3
[18:47:11 WIB 2026-09-01] [A] SELL LIMIT 4538 belum kena | harga=4385.80 | PINE=FLAT RSI=42.3
[18:47:11 WIB 2026-09-01] >>> BUY LIMIT B KENA @4400 | harga=4385.80 | PINE=FLAT RSI=42.3
[18:47:11 WIB 2026-09-01] >>> PERINGATAN MISS #12: PINE belum konfirmasi BUY — posisi AGRESIF, siap cut cepat!
[18:47:11 WIB 2026-09-01] === TRACKING B: SL 4355 | TP1 4450 (L1 close) | TP2 4538 (L2 runner) ===
[18:47:11 WIB 2026-09-01] [B] floating -14.2 pips | harga=4385.80 | PINE=FLAT RSI=42.3
[18:48:11 WIB 2026-09-01] [LIVE] floating -14.5 pips | harga=4385.48 | PINE=FLAT RSI=42.1
[18:48:11 WIB 2026-09-01] [A] SELL LIMIT 4538 belum kena | harga=4385.48 | PINE=FLAT RSI=42.1
[18:48:11 WIB 2026-09-01] >>> BUY LIMIT B KENA @4400 | harga=4385.48 | PINE=FLAT RSI=42.1
[18:48:11 WIB 2026-09-01] >>> PERINGATAN MISS #12: PINE belum konfirmasi BUY — posisi AGRESIF, siap cut cepat!
[18:48:11 WIB 2026-09-01] === TRACKING B: SL 4355 | TP1 4450 (L1 close) | TP2 4538 (L2 runner) ===
[18:48:11 WIB 2026-09-01] [B] floating -14.5 pips | harga=4385.48 | PINE=FLAT RSI=42.1
[18:49:11 WIB 2026-09-01] [LIVE] floating -12.8 pips | harga=4387.19 | PINE=FLAT RSI=43.4
[18:49:11 WIB 2026-09-01] [A] SELL LIMIT 4538 belum kena | harga=4387.19 | PINE=FLAT RSI=43.4
[18:49:11 WIB 2026-09-01] >>> BUY LIMIT B KENA @4400 | harga=4387.19 | PINE=FLAT RSI=43.4
[18:49:11 WIB 2026-09-01] >>> PERINGATAN MISS #12: PINE belum konfirmasi BUY — posisi AGRESIF, siap cut cepat!
[18:49:11 WIB 2026-09-01] === TRACKING B: SL 4355 | TP1 4450 (L1 close) | TP2 4538 (L2 runner) ===
[18:49:11 WIB 2026-09-01] [B] floating -12.8 pips | harga=4387.19 | PINE=FLAT RSI=43.4
[18:50:11 WIB 2026-09-01] [LIVE] floating -14.0 pips | harga=4386.03 | PINE=FLAT RSI=42.5
[18:50:11 WIB 2026-09-01] [A] SELL LIMIT 4538 belum kena | harga=4386.03 | PINE=FLAT RSI=42.5
[18:50:11 WIB 2026-09-01] >>> BUY LIMIT B KENA @4400 | harga=4386.03 | PINE=FLAT RSI=42.5
[18:50:11 WIB 2026-09-01] >>> PERINGATAN MISS #12: PINE belum konfirmasi BUY — posisi AGRESIF, siap cut cepat!
[18:50:11 WIB 2026-09-01] === TRACKING B: SL 4355 | TP1 4450 (L1 close) | TP2 4538 (L2 runner) ===
[18:50:11 WIB 2026-09-01] [B] floating -14.0 pips | harga=4386.03 | PINE=FLAT RSI=42.5
[18:51:11 WIB 2026-09-01] [LIVE] floating -14.6 pips | harga=4385.44 | PINE=FLAT RSI=42
[18:51:11 WIB 2026-09-01] [A] SELL LIMIT 4538 belum kena | harga=4385.44 | PINE=FLAT RSI=42
[18:51:11 WIB 2026-09-01] >>> BUY LIMIT B KENA @4400 | harga=4385.44 | PINE=FLAT RSI=42
[18:51:11 WIB 2026-09-01] >>> PERINGATAN MISS #12: PINE belum konfirmasi BUY — posisi AGRESIF, siap cut cepat!
[18:51:11 WIB 2026-09-01] === TRACKING B: SL 4355 | TP1 4450 (L1 close) | TP2 4538 (L2 runner) ===
[18:51:11 WIB 2026-09-01] [B] floating -14.6 pips | harga=4385.44 | PINE=FLAT RSI=42
[18:52:11 WIB 2026-09-01] [LIVE] floating -14.3 pips | harga=4385.71 | PINE=FLAT RSI=41.9
[18:52:11 WIB 2026-09-01] [A] SELL LIMIT 4538 belum kena | harga=4385.71 | PINE=FLAT RSI=41.9
[18:52:11 WIB 2026-09-01] >>> BUY LIMIT B KENA @4400 | harga=4385.71 | PINE=FLAT RSI=41.9
[18:52:11 WIB 2026-09-01] >>> PERINGATAN MISS #12: PINE belum konfirmasi BUY — posisi AGRESIF, siap cut cepat!
[18:52:11 WIB 2026-09-01] === TRACKING B: SL 4355 | TP1 4450 (L1 close) | TP2 4538 (L2 runner) ===
[18:52:11 WIB 2026-09-01] [B] floating -14.3 pips | harga=4385.71 | PINE=FLAT RSI=41.9
[18:53:11 WIB 2026-09-01] [LIVE] floating -17.3 pips | harga=4382.65 | PINE=FLAT RSI=40.1
[18:53:11 WIB 2026-09-01] [A] SELL LIMIT 4538 belum kena | harga=4382.65 | PINE=FLAT RSI=40.1
[18:53:11 WIB 2026-09-01] >>> BUY LIMIT B KENA @4400 | harga=4382.65 | PINE=FLAT RSI=40.1
[18:53:11 WIB 2026-09-01] >>> PERINGATAN MISS #12: PINE belum konfirmasi BUY — posisi AGRESIF, siap cut cepat!
[18:53:11 WIB 2026-09-01] === TRACKING B: SL 4355 | TP1 4450 (L1 close) | TP2 4538 (L2 runner) ===
[18:53:11 WIB 2026-09-01] [B] floating -17.3 pips | harga=4382.65 | PINE=FLAT RSI=40.1
[18:54:11 WIB 2026-09-01] [LIVE] floating -18.0 pips | harga=4381.95 | PINE=FLAT RSI=39.7
[18:54:11 WIB 2026-09-01] [A] SELL LIMIT 4538 belum kena | harga=4381.95 | PINE=FLAT RSI=39.7
[18:54:11 WIB 2026-09-01] >>> BUY LIMIT B KENA @4400 | harga=4381.95 | PINE=FLAT RSI=39.7
[18:54:11 WIB 2026-09-01] >>> PERINGATAN MISS #12: PINE belum konfirmasi BUY — posisi AGRESIF, siap cut cepat!
[18:54:11 WIB 2026-09-01] === TRACKING B: SL 4355 | TP1 4450 (L1 close) | TP2 4538 (L2 runner) ===
[18:54:11 WIB 2026-09-01] [B] floating -18.0 pips | harga=4381.95 | PINE=FLAT RSI=39.7
[18:55:11 WIB 2026-09-01] [LIVE] floating -20.7 pips | harga=4379.31 | PINE=FLAT RSI=38.3
[18:55:11 WIB 2026-09-01] [A] SELL LIMIT 4538 belum kena | harga=4379.31 | PINE=FLAT RSI=38.3
[18:55:11 WIB 2026-09-01] >>> BUY LIMIT B KENA @4400 | harga=4379.31 | PINE=FLAT RSI=38.3
[18:55:11 WIB 2026-09-01] >>> PERINGATAN MISS #12: PINE belum konfirmasi BUY — posisi AGRESIF, siap cut cepat!
[18:55:11 WIB 2026-09-01] === TRACKING B: SL 4355 | TP1 4450 (L1 close) | TP2 4538 (L2 runner) ===
[18:55:11 WIB 2026-09-01] [B] floating -20.7 pips | harga=4379.31 | PINE=FLAT RSI=38.3
[18:56:11 WIB 2026-09-01] [LIVE] floating -22.6 pips | harga=4377.36 | PINE=FLAT RSI=37.4
[18:56:11 WIB 2026-09-01] [A] SELL LIMIT 4538 belum kena | harga=4377.36 | PINE=FLAT RSI=37.4
[18:56:11 WIB 2026-09-01] >>> BUY LIMIT B KENA @4400 | harga=4377.36 | PINE=FLAT RSI=37.4
[18:56:11 WIB 2026-09-01] >>> PERINGATAN MISS #12: PINE belum konfirmasi BUY — posisi AGRESIF, siap cut cepat!
[18:56:11 WIB 2026-09-01] === TRACKING B: SL 4355 | TP1 4450 (L1 close) | TP2 4538 (L2 runner) ===
[18:56:11 WIB 2026-09-01] [B] floating -22.6 pips | harga=4377.36 | PINE=FLAT RSI=37.4
[18:57:11 WIB 2026-09-01] [LIVE] floating -23.1 pips | harga=4376.86 | PINE=FLAT RSI=37.1
[18:57:11 WIB 2026-09-01] [A] SELL LIMIT 4538 belum kena | harga=4376.86 | PINE=FLAT RSI=37.1
[18:57:11 WIB 2026-09-01] >>> BUY LIMIT B KENA @4400 | harga=4376.86 | PINE=FLAT RSI=37.1
[18:57:11 WIB 2026-09-01] >>> PERINGATAN MISS #12: PINE belum konfirmasi BUY — posisi AGRESIF, siap cut cepat!
[18:57:11 WIB 2026-09-01] === TRACKING B: SL 4355 | TP1 4450 (L1 close) | TP2 4538 (L2 runner) ===
[18:57:11 WIB 2026-09-01] [B] floating -23.1 pips | harga=4376.86 | PINE=FLAT RSI=37.1
[18:58:11 WIB 2026-09-01] [LIVE] floating -24.4 pips | harga=4375.57 | PINE=FLAT RSI=36.5
[18:58:11 WIB 2026-09-01] [A] SELL LIMIT 4538 belum kena | harga=4375.57 | PINE=FLAT RSI=36.5
[18:58:11 WIB 2026-09-01] >>> BUY LIMIT B KENA @4400 | harga=4375.57 | PINE=FLAT RSI=36.5
[18:58:11 WIB 2026-09-01] >>> PERINGATAN MISS #12: PINE belum konfirmasi BUY — posisi AGRESIF, siap cut cepat!
[18:58:11 WIB 2026-09-01] === TRACKING B: SL 4355 | TP1 4450 (L1 close) | TP2 4538 (L2 runner) ===
[18:58:11 WIB 2026-09-01] [B] floating -24.4 pips | harga=4375.57 | PINE=FLAT RSI=36.5
[18:59:11 WIB 2026-09-01] [LIVE] floating -26.7 pips | harga=4373.28 | PINE=FLAT RSI=35.5
[18:59:11 WIB 2026-09-01] [A] SELL LIMIT 4538 belum kena | harga=4373.28 | PINE=FLAT RSI=35.5
[18:59:11 WIB 2026-09-01] >>> BUY LIMIT B KENA @4400 | harga=4373.28 | PINE=FLAT RSI=35.5
[18:59:11 WIB 2026-09-01] >>> PERINGATAN MISS #12: PINE belum konfirmasi BUY — posisi AGRESIF, siap cut cepat!
[18:59:11 WIB 2026-09-01] === TRACKING B: SL 4355 | TP1 4450 (L1 close) | TP2 4538 (L2 runner) ===
[18:59:11 WIB 2026-09-01] [B] floating -26.7 pips | harga=4373.28 | PINE=FLAT RSI=35.5
[19:00:11 WIB 2026-09-01] [LIVE] floating -24.9 pips | harga=4375.15 | PINE=FLAT RSI=36.3
[19:00:11 WIB 2026-09-01] [A] SELL LIMIT 4538 belum kena | harga=4375.15 | PINE=FLAT RSI=36.3
[19:00:11 WIB 2026-09-01] >>> BUY LIMIT B KENA @4400 | harga=4375.15 | PINE=FLAT RSI=36.3
[19:00:11 WIB 2026-09-01] >>> PERINGATAN MISS #12: PINE belum konfirmasi BUY — posisi AGRESIF, siap cut cepat!
[19:00:11 WIB 2026-09-01] === TRACKING B: SL 4355 | TP1 4450 (L1 close) | TP2 4538 (L2 runner) ===
[19:00:11 WIB 2026-09-01] [B] floating -24.9 pips | harga=4375.15 | PINE=FLAT RSI=36.3
[19:01:11 WIB 2026-09-01] [LIVE] floating -28.3 pips | harga=4371.71 | PINE=FLAT RSI=34.7
[19:01:11 WIB 2026-09-01] [A] SELL LIMIT 4538 belum kena | harga=4371.71 | PINE=FLAT RSI=34.7
[19:01:11 WIB 2026-09-01] >>> BUY LIMIT B KENA @4400 | harga=4371.71 | PINE=FLAT RSI=34.7
[19:01:11 WIB 2026-09-01] >>> PERINGATAN MISS #12: PINE belum konfirmasi BUY — posisi AGRESIF, siap cut cepat!
[19:01:11 WIB 2026-09-01] === TRACKING B: SL 4355 | TP1 4450 (L1 close) | TP2 4538 (L2 runner) ===
[19:01:11 WIB 2026-09-01] [B] floating -28.3 pips | harga=4371.71 | PINE=FLAT RSI=34.7
[19:02:11 WIB 2026-09-01] [LIVE] floating -29.1 pips | harga=4370.87 | PINE=FLAT RSI=34.3
[19:02:11 WIB 2026-09-01] [A] SELL LIMIT 4538 belum kena | harga=4370.87 | PINE=FLAT RSI=34.3
[19:02:11 WIB 2026-09-01] >>> BUY LIMIT B KENA @4400 | harga=4370.87 | PINE=FLAT RSI=34.3
[19:02:11 WIB 2026-09-01] >>> PERINGATAN MISS #12: PINE belum konfirmasi BUY — posisi AGRESIF, siap cut cepat!
[19:02:11 WIB 2026-09-01] === TRACKING B: SL 4355 | TP1 4450 (L1 close) | TP2 4538 (L2 runner) ===
[19:02:11 WIB 2026-09-01] [B] floating -29.1 pips | harga=4370.87 | PINE=FLAT RSI=34.3
[19:03:11 WIB 2026-09-01] [LIVE] floating -28.2 pips | harga=4371.81 | PINE=FLAT RSI=34.8
[19:03:11 WIB 2026-09-01] [A] SELL LIMIT 4538 belum kena | harga=4371.81 | PINE=FLAT RSI=34.8
[19:03:11 WIB 2026-09-01] >>> BUY LIMIT B KENA @4400 | harga=4371.81 | PINE=FLAT RSI=34.8
[19:03:11 WIB 2026-09-01] >>> PERINGATAN MISS #12: PINE belum konfirmasi BUY — posisi AGRESIF, siap cut cepat!
[19:03:11 WIB 2026-09-01] === TRACKING B: SL 4355 | TP1 4450 (L1 close) | TP2 4538 (L2 runner) ===
[19:03:11 WIB 2026-09-01] [B] floating -28.2 pips | harga=4371.81 | PINE=FLAT RSI=34.8
[19:04:11 WIB 2026-09-01] [LIVE] floating -27.5 pips | harga=4372.52 | PINE=FLAT RSI=35.1
[19:04:11 WIB 2026-09-01] [A] SELL LIMIT 4538 belum kena | harga=4372.52 | PINE=FLAT RSI=35.1
[19:04:11 WIB 2026-09-01] >>> BUY LIMIT B KENA @4400 | harga=4372.52 | PINE=FLAT RSI=35.1
[19:04:11 WIB 2026-09-01] >>> PERINGATAN MISS #12: PINE belum konfirmasi BUY — posisi AGRESIF, siap cut cepat!
[19:04:11 WIB 2026-09-01] === TRACKING B: SL 4355 | TP1 4450 (L1 close) | TP2 4538 (L2 runner) ===
[19:04:11 WIB 2026-09-01] [B] floating -27.5 pips | harga=4372.52 | PINE=FLAT RSI=35.1
[19:05:11 WIB 2026-09-01] [LIVE] floating -27.6 pips | harga=4372.42 | PINE=FLAT RSI=35
[19:05:11 WIB 2026-09-01] [A] SELL LIMIT 4538 belum kena | harga=4372.42 | PINE=FLAT RSI=35
[19:05:11 WIB 2026-09-01] >>> BUY LIMIT B KENA @4400 | harga=4372.42 | PINE=FLAT RSI=35
[19:05:11 WIB 2026-09-01] >>> PERINGATAN MISS #12: PINE belum konfirmasi BUY — posisi AGRESIF, siap cut cepat!
[19:05:11 WIB 2026-09-01] === TRACKING B: SL 4355 | TP1 4450 (L1 close) | TP2 4538 (L2 runner) ===
[19:05:11 WIB 2026-09-01] [B] floating -27.6 pips | harga=4372.42 | PINE=FLAT RSI=35
[19:06:11 WIB 2026-09-01] [LIVE] floating -28.2 pips | harga=4371.76 | PINE=FLAT RSI=34.7
[19:06:11 WIB 2026-09-01] [A] SELL LIMIT 4538 belum kena | harga=4371.76 | PINE=FLAT RSI=34.7
[19:06:11 WIB 2026-09-01] >>> BUY LIMIT B KENA @4400 | harga=4371.76 | PINE=FLAT RSI=34.7
[19:06:11 WIB 2026-09-01] >>> PERINGATAN MISS #12: PINE belum konfirmasi BUY — posisi AGRESIF, siap cut cepat!
[19:06:11 WIB 2026-09-01] === TRACKING B: SL 4355 | TP1 4450 (L1 close) | TP2 4538 (L2 runner) ===
[19:06:11 WIB 2026-09-01] [B] floating -28.2 pips | harga=4371.76 | PINE=FLAT RSI=34.7
[19:07:11 WIB 2026-09-01] [LIVE] floating -28.5 pips | harga=4371.51 | PINE=FLAT RSI=34.6
[19:07:11 WIB 2026-09-01] [A] SELL LIMIT 4538 belum kena | harga=4371.51 | PINE=FLAT RSI=34.6
[19:07:11 WIB 2026-09-01] >>> BUY LIMIT B KENA @4400 | harga=4371.51 | PINE=FLAT RSI=34.6
[19:07:11 WIB 2026-09-01] >>> PERINGATAN MISS #12: PINE belum konfirmasi BUY — posisi AGRESIF, siap cut cepat!
[19:07:11 WIB 2026-09-01] === TRACKING B: SL 4355 | TP1 4450 (L1 close) | TP2 4538 (L2 runner) ===
[19:07:11 WIB 2026-09-01] [B] floating -28.5 pips | harga=4371.51 | PINE=FLAT RSI=34.6
[19:08:11 WIB 2026-09-01] [LIVE] floating -28.5 pips | harga=4371.46 | PINE=FLAT RSI=34.6
[19:08:11 WIB 2026-09-01] [A] SELL LIMIT 4538 belum kena | harga=4371.46 | PINE=FLAT RSI=34.6
[19:08:11 WIB 2026-09-01] >>> BUY LIMIT B KENA @4400 | harga=4371.46 | PINE=FLAT RSI=34.6
[19:08:11 WIB 2026-09-01] >>> PERINGATAN MISS #12: PINE belum konfirmasi BUY — posisi AGRESIF, siap cut cepat!
[19:08:11 WIB 2026-09-01] === TRACKING B: SL 4355 | TP1 4450 (L1 close) | TP2 4538 (L2 runner) ===
[19:08:11 WIB 2026-09-01] [B] floating -28.5 pips | harga=4371.46 | PINE=FLAT RSI=34.6
[19:09:11 WIB 2026-09-01] [LIVE] floating -28.7 pips | harga=4371.31 | PINE=FLAT RSI=34.5
[19:09:11 WIB 2026-09-01] [A] SELL LIMIT 4538 belum kena | harga=4371.31 | PINE=FLAT RSI=34.5
[19:09:11 WIB 2026-09-01] >>> BUY LIMIT B KENA @4400 | harga=4371.31 | PINE=FLAT RSI=34.5
[19:09:11 WIB 2026-09-01] >>> PERINGATAN MISS #12: PINE belum konfirmasi BUY — posisi AGRESIF, siap cut cepat!
[19:09:11 WIB 2026-09-01] === TRACKING B: SL 4355 | TP1 4450 (L1 close) | TP2 4538 (L2 runner) ===
[19:09:11 WIB 2026-09-01] [B] floating -28.7 pips | harga=4371.31 | PINE=FLAT RSI=34.5
[19:10:11 WIB 2026-09-01] [LIVE] floating -29.0 pips | harga=4370.97 | PINE=FLAT RSI=34.4
[19:10:11 WIB 2026-09-01] [A] SELL LIMIT 4538 belum kena | harga=4370.97 | PINE=FLAT RSI=34.4
[19:10:11 WIB 2026-09-01] >>> BUY LIMIT B KENA @4400 | harga=4370.97 | PINE=FLAT RSI=34.4
[19:10:11 WIB 2026-09-01] >>> PERINGATAN MISS #12: PINE belum konfirmasi BUY — posisi AGRESIF, siap cut cepat!
[19:10:11 WIB 2026-09-01] === TRACKING B: SL 4355 | TP1 4450 (L1 close) | TP2 4538 (L2 runner) ===
[19:10:11 WIB 2026-09-01] [B] floating -29.0 pips | harga=4370.97 | PINE=FLAT RSI=34.4
[19:11:11 WIB 2026-09-01] [LIVE] floating -30.7 pips | harga=4369.32 | PINE=FLAT RSI=33.7
[19:11:11 WIB 2026-09-01] [A] SELL LIMIT 4538 belum kena | harga=4369.32 | PINE=FLAT RSI=33.7
[19:11:11 WIB 2026-09-01] >>> BUY LIMIT B KENA @4400 | harga=4369.32 | PINE=FLAT RSI=33.7
[19:11:11 WIB 2026-09-01] >>> PERINGATAN MISS #12: PINE belum konfirmasi BUY — posisi AGRESIF, siap cut cepat!
[19:11:11 WIB 2026-09-01] === TRACKING B: SL 4355 | TP1 4450 (L1 close) | TP2 4538 (L2 runner) ===
[19:11:11 WIB 2026-09-01] [B] floating -30.7 pips | harga=4369.32 | PINE=FLAT RSI=33.7
[19:12:11 WIB 2026-09-01] [LIVE] floating -31.6 pips | harga=4368.37 | PINE=FLAT RSI=33.3
[19:12:11 WIB 2026-09-01] [A] SELL LIMIT 4538 belum kena | harga=4368.37 | PINE=FLAT RSI=33.3
[19:12:11 WIB 2026-09-01] >>> BUY LIMIT B KENA @4400 | harga=4368.37 | PINE=FLAT RSI=33.3
[19:12:11 WIB 2026-09-01] >>> PERINGATAN MISS #12: PINE belum konfirmasi BUY — posisi AGRESIF, siap cut cepat!
[19:12:11 WIB 2026-09-01] === TRACKING B: SL 4355 | TP1 4450 (L1 close) | TP2 4538 (L2 runner) ===
[19:12:11 WIB 2026-09-01] [B] floating -31.6 pips | harga=4368.37 | PINE=FLAT RSI=33.3
[19:13:11 WIB 2026-09-01] [LIVE] floating -29.8 pips | harga=4370.24 | PINE=FLAT RSI=34.1
[19:13:11 WIB 2026-09-01] [A] SELL LIMIT 4538 belum kena | harga=4370.24 | PINE=FLAT RSI=34.1
[19:13:11 WIB 2026-09-01] >>> BUY LIMIT B KENA @4400 | harga=4370.24 | PINE=FLAT RSI=34.1
[19:13:11 WIB 2026-09-01] >>> PERINGATAN MISS #12: PINE belum konfirmasi BUY — posisi AGRESIF, siap cut cepat!
[19:13:11 WIB 2026-09-01] === TRACKING B: SL 4355 | TP1 4450 (L1 close) | TP2 4538 (L2 runner) ===
[19:13:11 WIB 2026-09-01] [B] floating -29.8 pips | harga=4370.24 | PINE=FLAT RSI=34.1
[19:14:11 WIB 2026-09-01] [LIVE] floating -28.6 pips | harga=4371.41 | PINE=FLAT RSI=34.6
[19:14:11 WIB 2026-09-01] [A] SELL LIMIT 4538 belum kena | harga=4371.41 | PINE=FLAT RSI=34.6
[19:14:11 WIB 2026-09-01] >>> BUY LIMIT B KENA @4400 | harga=4371.41 | PINE=FLAT RSI=34.6
[19:14:11 WIB 2026-09-01] >>> PERINGATAN MISS #12: PINE belum konfirmasi BUY — posisi AGRESIF, siap cut cepat!
[19:14:11 WIB 2026-09-01] === TRACKING B: SL 4355 | TP1 4450 (L1 close) | TP2 4538 (L2 runner) ===
[19:14:11 WIB 2026-09-01] [B] floating -28.6 pips | harga=4371.41 | PINE=FLAT RSI=34.6
[19:15:11 WIB 2026-09-01] [LIVE] floating -29.2 pips | harga=4370.82 | PINE=FLAT RSI=34.3
[19:15:11 WIB 2026-09-01] [A] SELL LIMIT 4538 belum kena | harga=4370.82 | PINE=FLAT RSI=34.3
[19:15:11 WIB 2026-09-01] >>> BUY LIMIT B KENA @4400 | harga=4370.82 | PINE=FLAT RSI=34.3
[19:15:11 WIB 2026-09-01] >>> PERINGATAN MISS #12: PINE belum konfirmasi BUY — posisi AGRESIF, siap cut cepat!
[19:15:11 WIB 2026-09-01] === TRACKING B: SL 4355 | TP1 4450 (L1 close) | TP2 4538 (L2 runner) ===
[19:15:11 WIB 2026-09-01] [B] floating -29.2 pips | harga=4370.82 | PINE=FLAT RSI=34.3
[19:16:11 WIB 2026-09-01] [LIVE] floating -29.4 pips | harga=4370.64 | PINE=FLAT RSI=34.2
[19:16:11 WIB 2026-09-01] [A] SELL LIMIT 4538 belum kena | harga=4370.64 | PINE=FLAT RSI=34.2
[19:16:11 WIB 2026-09-01] >>> BUY LIMIT B KENA @4400 | harga=4370.64 | PINE=FLAT RSI=34.2
[19:16:11 WIB 2026-09-01] >>> PERINGATAN MISS #12: PINE belum konfirmasi BUY — posisi AGRESIF, siap cut cepat!
[19:16:11 WIB 2026-09-01] === TRACKING B: SL 4355 | TP1 4450 (L1 close) | TP2 4538 (L2 runner) ===
[19:16:11 WIB 2026-09-01] [B] floating -29.4 pips | harga=4370.64 | PINE=FLAT RSI=34.2
[19:17:11 WIB 2026-09-01] [LIVE] floating -28.7 pips | harga=4371.26 | PINE=FLAT RSI=34.6
[19:17:11 WIB 2026-09-01] [A] SELL LIMIT 4538 belum kena | harga=4371.26 | PINE=FLAT RSI=34.6
[19:17:11 WIB 2026-09-01] >>> BUY LIMIT B KENA @4400 | harga=4371.26 | PINE=FLAT RSI=34.6
[19:17:11 WIB 2026-09-01] >>> PERINGATAN MISS #12: PINE belum konfirmasi BUY — posisi AGRESIF, siap cut cepat!
[19:17:11 WIB 2026-09-01] === TRACKING B: SL 4355 | TP1 4450 (L1 close) | TP2 4538 (L2 runner) ===
[19:17:11 WIB 2026-09-01] [B] floating -28.7 pips | harga=4371.26 | PINE=FLAT RSI=34.6
[19:18:11 WIB 2026-09-01] [LIVE] floating -27.1 pips | harga=4372.86 | PINE=FLAT RSI=36
[19:18:11 WIB 2026-09-01] [A] SELL LIMIT 4538 belum kena | harga=4372.86 | PINE=FLAT RSI=36
[19:18:11 WIB 2026-09-01] >>> BUY LIMIT B KENA @4400 | harga=4372.86 | PINE=FLAT RSI=36
[19:18:11 WIB 2026-09-01] >>> PERINGATAN MISS #12: PINE belum konfirmasi BUY — posisi AGRESIF, siap cut cepat!
[19:18:11 WIB 2026-09-01] === TRACKING B: SL 4355 | TP1 4450 (L1 close) | TP2 4538 (L2 runner) ===
[19:18:11 WIB 2026-09-01] [B] floating -27.1 pips | harga=4372.86 | PINE=FLAT RSI=36
[19:19:11 WIB 2026-09-01] [LIVE] floating -27.5 pips | harga=4372.52 | PINE=FLAT RSI=35.7
[19:19:11 WIB 2026-09-01] [A] SELL LIMIT 4538 belum kena | harga=4372.52 | PINE=FLAT RSI=35.7
[19:19:11 WIB 2026-09-01] >>> BUY LIMIT B KENA @4400 | harga=4372.52 | PINE=FLAT RSI=35.7
[19:19:11 WIB 2026-09-01] >>> PERINGATAN MISS #12: PINE belum konfirmasi BUY — posisi AGRESIF, siap cut cepat!
[19:19:11 WIB 2026-09-01] === TRACKING B: SL 4355 | TP1 4450 (L1 close) | TP2 4538 (L2 runner) ===
[19:19:11 WIB 2026-09-01] [B] floating -27.5 pips | harga=4372.52 | PINE=FLAT RSI=35.7
[19:20:11 WIB 2026-09-01] [LIVE] floating -27.3 pips | harga=4372.73 | PINE=FLAT RSI=35.9
[19:20:11 WIB 2026-09-01] [A] SELL LIMIT 4538 belum kena | harga=4372.73 | PINE=FLAT RSI=35.9
[19:20:11 WIB 2026-09-01] >>> BUY LIMIT B KENA @4400 | harga=4372.73 | PINE=FLAT RSI=35.9
[19:20:11 WIB 2026-09-01] >>> PERINGATAN MISS #12: PINE belum konfirmasi BUY — posisi AGRESIF, siap cut cepat!
[19:20:11 WIB 2026-09-01] === TRACKING B: SL 4355 | TP1 4450 (L1 close) | TP2 4538 (L2 runner) ===
[19:20:11 WIB 2026-09-01] [B] floating -27.3 pips | harga=4372.73 | PINE=FLAT RSI=35.9
[19:21:11 WIB 2026-09-01] [LIVE] floating -29.1 pips | harga=4370.88 | PINE=FLAT RSI=34.3
[19:21:11 WIB 2026-09-01] [A] SELL LIMIT 4538 belum kena | harga=4370.88 | PINE=FLAT RSI=34.3
[19:21:11 WIB 2026-09-01] >>> BUY LIMIT B KENA @4400 | harga=4370.88 | PINE=FLAT RSI=34.3
[19:21:11 WIB 2026-09-01] >>> PERINGATAN MISS #12: PINE belum konfirmasi BUY — posisi AGRESIF, siap cut cepat!
[19:21:11 WIB 2026-09-01] === TRACKING B: SL 4355 | TP1 4450 (L1 close) | TP2 4538 (L2 runner) ===
[19:21:11 WIB 2026-09-01] [B] floating -29.1 pips | harga=4370.88 | PINE=FLAT RSI=34.3
[19:22:11 WIB 2026-09-01] [LIVE] floating -31.6 pips | harga=4368.38 | PINE=FLAT RSI=33.2
[19:22:11 WIB 2026-09-01] [A] SELL LIMIT 4538 belum kena | harga=4368.38 | PINE=FLAT RSI=33.2
[19:22:11 WIB 2026-09-01] >>> BUY LIMIT B KENA @4400 | harga=4368.38 | PINE=FLAT RSI=33.2
[19:22:11 WIB 2026-09-01] >>> PERINGATAN MISS #12: PINE belum konfirmasi BUY — posisi AGRESIF, siap cut cepat!
[19:22:11 WIB 2026-09-01] === TRACKING B: SL 4355 | TP1 4450 (L1 close) | TP2 4538 (L2 runner) ===
[19:22:11 WIB 2026-09-01] [B] floating -31.6 pips | harga=4368.38 | PINE=FLAT RSI=33.2
[19:23:11 WIB 2026-09-01] [LIVE] floating -29.8 pips | harga=4370.20 | PINE=FLAT RSI=34
[19:23:11 WIB 2026-09-01] [A] SELL LIMIT 4538 belum kena | harga=4370.20 | PINE=FLAT RSI=34
[19:23:11 WIB 2026-09-01] >>> BUY LIMIT B KENA @4400 | harga=4370.20 | PINE=FLAT RSI=34
[19:23:11 WIB 2026-09-01] >>> PERINGATAN MISS #12: PINE belum konfirmasi BUY — posisi AGRESIF, siap cut cepat!
[19:23:11 WIB 2026-09-01] === TRACKING B: SL 4355 | TP1 4450 (L1 close) | TP2 4538 (L2 runner) ===
[19:23:11 WIB 2026-09-01] [B] floating -29.8 pips | harga=4370.20 | PINE=FLAT RSI=34
[19:24:11 WIB 2026-09-01] [LIVE] floating -31.4 pips | harga=4368.57 | PINE=FLAT RSI=33.3
[19:24:11 WIB 2026-09-01] [A] SELL LIMIT 4538 belum kena | harga=4368.57 | PINE=FLAT RSI=33.3
[19:24:11 WIB 2026-09-01] >>> BUY LIMIT B KENA @4400 | harga=4368.57 | PINE=FLAT RSI=33.3
[19:24:11 WIB 2026-09-01] >>> PERINGATAN MISS #12: PINE belum konfirmasi BUY — posisi AGRESIF, siap cut cepat!
[19:24:11 WIB 2026-09-01] === TRACKING B: SL 4355 | TP1 4450 (L1 close) | TP2 4538 (L2 runner) ===
[19:24:11 WIB 2026-09-01] [B] floating -31.4 pips | harga=4368.57 | PINE=FLAT RSI=33.3
[19:25:11 WIB 2026-09-01] [LIVE] floating -32.4 pips | harga=4367.64 | PINE=FLAT RSI=32.4
[19:25:11 WIB 2026-09-01] [A] SELL LIMIT 4538 belum kena | harga=4367.64 | PINE=FLAT RSI=32.4
[19:25:11 WIB 2026-09-01] >>> BUY LIMIT B KENA @4400 | harga=4367.64 | PINE=FLAT RSI=32.4
[19:25:11 WIB 2026-09-01] >>> PERINGATAN MISS #12: PINE belum konfirmasi BUY — posisi AGRESIF, siap cut cepat!
[19:25:11 WIB 2026-09-01] === TRACKING B: SL 4355 | TP1 4450 (L1 close) | TP2 4538 (L2 runner) ===
[19:25:11 WIB 2026-09-01] [B] floating -32.4 pips | harga=4367.64 | PINE=FLAT RSI=32.4
[19:26:11 WIB 2026-09-01] [LIVE] floating -29.6 pips | harga=4370.38 | PINE=FLAT RSI=34.1
[19:26:11 WIB 2026-09-01] [A] SELL LIMIT 4538 belum kena | harga=4370.38 | PINE=FLAT RSI=34.1
[19:26:11 WIB 2026-09-01] >>> BUY LIMIT B KENA @4400 | harga=4370.38 | PINE=FLAT RSI=34.1
[19:26:11 WIB 2026-09-01] >>> PERINGATAN MISS #12: PINE belum konfirmasi BUY — posisi AGRESIF, siap cut cepat!
[19:26:11 WIB 2026-09-01] === TRACKING B: SL 4355 | TP1 4450 (L1 close) | TP2 4538 (L2 runner) ===
[19:26:11 WIB 2026-09-01] [B] floating -29.6 pips | harga=4370.38 | PINE=FLAT RSI=34.1
[19:27:11 WIB 2026-09-01] [LIVE] floating -24.7 pips | harga=4375.30 | PINE=FLAT RSI=38
[19:27:11 WIB 2026-09-01] [A] SELL LIMIT 4538 belum kena | harga=4375.30 | PINE=FLAT RSI=38
[19:27:11 WIB 2026-09-01] >>> BUY LIMIT B KENA @4400 | harga=4375.30 | PINE=FLAT RSI=38
[19:27:11 WIB 2026-09-01] >>> PERINGATAN MISS #12: PINE belum konfirmasi BUY — posisi AGRESIF, siap cut cepat!
[19:27:11 WIB 2026-09-01] === TRACKING B: SL 4355 | TP1 4450 (L1 close) | TP2 4538 (L2 runner) ===
[19:27:11 WIB 2026-09-01] [B] floating -24.7 pips | harga=4375.30 | PINE=FLAT RSI=38
[19:28:11 WIB 2026-09-01] [LIVE] floating -26.3 pips | harga=4373.66 | PINE=FLAT RSI=36.7
[19:28:11 WIB 2026-09-01] [A] SELL LIMIT 4538 belum kena | harga=4373.66 | PINE=FLAT RSI=36.7
[19:28:11 WIB 2026-09-01] >>> BUY LIMIT B KENA @4400 | harga=4373.66 | PINE=FLAT RSI=36.7
[19:28:11 WIB 2026-09-01] >>> PERINGATAN MISS #12: PINE belum konfirmasi BUY — posisi AGRESIF, siap cut cepat!
[19:28:11 WIB 2026-09-01] === TRACKING B: SL 4355 | TP1 4450 (L1 close) | TP2 4538 (L2 runner) ===
[19:28:11 WIB 2026-09-01] [B] floating -26.3 pips | harga=4373.66 | PINE=FLAT RSI=36.7
[19:29:11 WIB 2026-09-01] [LIVE] floating -26.5 pips | harga=4373.48 | PINE=FLAT RSI=36.5
[19:29:11 WIB 2026-09-01] [A] SELL LIMIT 4538 belum kena | harga=4373.48 | PINE=FLAT RSI=36.5
[19:29:11 WIB 2026-09-01] >>> BUY LIMIT B KENA @4400 | harga=4373.48 | PINE=FLAT RSI=36.5
[19:29:11 WIB 2026-09-01] >>> PERINGATAN MISS #12: PINE belum konfirmasi BUY — posisi AGRESIF, siap cut cepat!
[19:29:11 WIB 2026-09-01] === TRACKING B: SL 4355 | TP1 4450 (L1 close) | TP2 4538 (L2 runner) ===
[19:29:11 WIB 2026-09-01] [B] floating -26.5 pips | harga=4373.48 | PINE=FLAT RSI=36.5
[19:30:11 WIB 2026-09-01] [LIVE] floating -31.7 pips | harga=4368.29 | PINE=FLAT RSI=33.2
[19:30:11 WIB 2026-09-01] [A] SELL LIMIT 4538 belum kena | harga=4368.29 | PINE=FLAT RSI=33.2
[19:30:11 WIB 2026-09-01] >>> BUY LIMIT B KENA @4400 | harga=4368.29 | PINE=FLAT RSI=33.2
[19:30:11 WIB 2026-09-01] >>> PERINGATAN MISS #12: PINE belum konfirmasi BUY — posisi AGRESIF, siap cut cepat!
[19:30:11 WIB 2026-09-01] === TRACKING B: SL 4355 | TP1 4450 (L1 close) | TP2 4538 (L2 runner) ===
[19:30:11 WIB 2026-09-01] [B] floating -31.7 pips | harga=4368.29 | PINE=FLAT RSI=33.2
[19:31:11 WIB 2026-09-01] [LIVE] floating -32.3 pips | harga=4367.71 | PINE=FLAT RSI=32.9
[19:31:11 WIB 2026-09-01] [A] SELL LIMIT 4538 belum kena | harga=4367.71 | PINE=FLAT RSI=32.9
[19:31:11 WIB 2026-09-01] >>> BUY LIMIT B KENA @4400 | harga=4367.71 | PINE=FLAT RSI=32.9
[19:31:11 WIB 2026-09-01] >>> PERINGATAN MISS #12: PINE belum konfirmasi BUY — posisi AGRESIF, siap cut cepat!
[19:31:11 WIB 2026-09-01] === TRACKING B: SL 4355 | TP1 4450 (L1 close) | TP2 4538 (L2 runner) ===
[19:31:11 WIB 2026-09-01] [B] floating -32.3 pips | harga=4367.71 | PINE=FLAT RSI=32.9
[19:32:11 WIB 2026-09-01] [LIVE] floating -32.2 pips | harga=4367.81 | PINE=FLAT RSI=32.8
[19:32:11 WIB 2026-09-01] [A] SELL LIMIT 4538 belum kena | harga=4367.81 | PINE=FLAT RSI=32.8
[19:32:11 WIB 2026-09-01] >>> BUY LIMIT B KENA @4400 | harga=4367.81 | PINE=FLAT RSI=32.8
[19:32:11 WIB 2026-09-01] >>> PERINGATAN MISS #12: PINE belum konfirmasi BUY — posisi AGRESIF, siap cut cepat!
[19:32:11 WIB 2026-09-01] === TRACKING B: SL 4355 | TP1 4450 (L1 close) | TP2 4538 (L2 runner) ===
[19:32:11 WIB 2026-09-01] [B] floating -32.2 pips | harga=4367.81 | PINE=FLAT RSI=32.8
[19:33:11 WIB 2026-09-01] [LIVE] floating -36.8 pips | harga=4363.23 | PINE=FLAT RSI=30.9
[19:33:11 WIB 2026-09-01] [A] SELL LIMIT 4538 belum kena | harga=4363.23 | PINE=FLAT RSI=30.9
[19:33:11 WIB 2026-09-01] >>> BUY LIMIT B KENA @4400 | harga=4363.23 | PINE=FLAT RSI=30.9
[19:33:11 WIB 2026-09-01] >>> PERINGATAN MISS #12: PINE belum konfirmasi BUY — posisi AGRESIF, siap cut cepat!
[19:33:11 WIB 2026-09-01] === TRACKING B: SL 4355 | TP1 4450 (L1 close) | TP2 4538 (L2 runner) ===
[19:33:11 WIB 2026-09-01] [B] floating -36.8 pips | harga=4363.23 | PINE=FLAT RSI=30.9
[19:34:11 WIB 2026-09-01] [LIVE] floating -37.1 pips | harga=4362.88 | PINE=FLAT RSI=30.8
[19:34:11 WIB 2026-09-01] [A] SELL LIMIT 4538 belum kena | harga=4362.88 | PINE=FLAT RSI=30.8
[19:34:11 WIB 2026-09-01] >>> BUY LIMIT B KENA @4400 | harga=4362.88 | PINE=FLAT RSI=30.8
[19:34:11 WIB 2026-09-01] >>> PERINGATAN MISS #12: PINE belum konfirmasi BUY — posisi AGRESIF, siap cut cepat!
[19:34:11 WIB 2026-09-01] === TRACKING B: SL 4355 | TP1 4450 (L1 close) | TP2 4538 (L2 runner) ===
[19:34:11 WIB 2026-09-01] [B] floating -37.1 pips | harga=4362.88 | PINE=FLAT RSI=30.8
[19:35:11 WIB 2026-09-01] [LIVE] floating -38.1 pips | harga=4361.91 | PINE=FLAT RSI=30.4
[19:35:11 WIB 2026-09-01] [A] SELL LIMIT 4538 belum kena | harga=4361.91 | PINE=FLAT RSI=30.4
[19:35:11 WIB 2026-09-01] >>> BUY LIMIT B KENA @4400 | harga=4361.91 | PINE=FLAT RSI=30.4
[19:35:11 WIB 2026-09-01] >>> PERINGATAN MISS #12: PINE belum konfirmasi BUY — posisi AGRESIF, siap cut cepat!
[19:35:11 WIB 2026-09-01] === TRACKING B: SL 4355 | TP1 4450 (L1 close) | TP2 4538 (L2 runner) ===
[19:35:11 WIB 2026-09-01] [B] floating -38.1 pips | harga=4361.91 | PINE=FLAT RSI=30.4
[19:36:11 WIB 2026-09-01] [LIVE] floating -43.3 pips | harga=4356.70 | PINE=FLAT RSI=28.5
[19:36:11 WIB 2026-09-01] [A] SELL LIMIT 4538 belum kena | harga=4356.70 | PINE=FLAT RSI=28.5
[19:36:11 WIB 2026-09-01] >>> BUY LIMIT B KENA @4400 | harga=4356.70 | PINE=FLAT RSI=28.5
[19:36:11 WIB 2026-09-01] >>> PERINGATAN MISS #12: PINE belum konfirmasi BUY — posisi AGRESIF, siap cut cepat!
[19:36:11 WIB 2026-09-01] === TRACKING B: SL 4355 | TP1 4450 (L1 close) | TP2 4538 (L2 runner) ===
[19:36:11 WIB 2026-09-01] [B] floating -43.3 pips | harga=4356.70 | PINE=FLAT RSI=28.5
[19:37:11 WIB 2026-09-01] [LIVE] floating -44.5 pips | harga=4355.52 | PINE=FLAT RSI=28
[19:37:11 WIB 2026-09-01] [A] SELL LIMIT 4538 belum kena | harga=4355.52 | PINE=FLAT RSI=28
[19:37:11 WIB 2026-09-01] >>> BUY LIMIT B KENA @4400 | harga=4355.52 | PINE=FLAT RSI=28
[19:37:11 WIB 2026-09-01] >>> PERINGATAN MISS #12: PINE belum konfirmasi BUY — posisi AGRESIF, siap cut cepat!
[19:37:11 WIB 2026-09-01] === TRACKING B: SL 4355 | TP1 4450 (L1 close) | TP2 4538 (L2 runner) ===
[19:37:11 WIB 2026-09-01] [B] floating -44.5 pips | harga=4355.52 | PINE=FLAT RSI=28
[19:38:11 WIB 2026-09-01] *** SL KENA *** harga=4352.63 — CUT DISIPLIN, catat hasil
[19:38:11 WIB 2026-09-01] [A] SELL LIMIT 4538 belum kena | harga=4352.63 | PINE=FLAT RSI=27.1
[19:38:11 WIB 2026-09-01] >>> BUY LIMIT B KENA @4400 | harga=4352.63 | PINE=FLAT RSI=27.1
[19:38:11 WIB 2026-09-01] >>> PERINGATAN MISS #12: PINE belum konfirmasi BUY — posisi AGRESIF, siap cut cepat!
[19:38:11 WIB 2026-09-01] === TRACKING B: SL 4355 | TP1 4450 (L1 close) | TP2 4538 (L2 runner) ===
[19:38:11 WIB 2026-09-01] *** SL KENA *** harga=4352.63 — CUT DISIPLIN, catat hasil
[19:39:11 WIB 2026-09-01] *** SL KENA *** harga=4355.40 — CUT DISIPLIN, catat hasil
[19:39:11 WIB 2026-09-01] [A] SELL LIMIT 4538 belum kena | harga=4355.40 | PINE=FLAT RSI=28
[19:39:11 WIB 2026-09-01] >>> BUY LIMIT B KENA @4400 | harga=4355.40 | PINE=FLAT RSI=28
[19:39:11 WIB 2026-09-01] >>> PERINGATAN MISS #12: PINE belum konfirmasi BUY — posisi AGRESIF, siap cut cepat!
[19:39:11 WIB 2026-09-01] === TRACKING B: SL 4355 | TP1 4450 (L1 close) | TP2 4538 (L2 runner) ===
[19:39:11 WIB 2026-09-01] *** SL KENA *** harga=4355.40 — CUT DISIPLIN, catat hasil
[19:40:11 WIB 2026-09-01] *** SL KENA *** harga=4358.61 — CUT DISIPLIN, catat hasil
[19:40:11 WIB 2026-09-01] [A] SELL LIMIT 4538 belum kena | harga=4358.61 | PINE=FLAT RSI=29.1
[19:40:11 WIB 2026-09-01] >>> BUY LIMIT B KENA @4400 | harga=4358.61 | PINE=FLAT RSI=29.1
[19:40:11 WIB 2026-09-01] >>> PERINGATAN MISS #12: PINE belum konfirmasi BUY — posisi AGRESIF, siap cut cepat!
[19:40:11 WIB 2026-09-01] === TRACKING B: SL 4355 | TP1 4450 (L1 close) | TP2 4538 (L2 runner) ===
[19:40:11 WIB 2026-09-01] *** SL KENA *** harga=4358.61 — CUT DISIPLIN, catat hasil
[19:41:11 WIB 2026-09-01] *** SL KENA *** harga=4357.86 — CUT DISIPLIN, catat hasil
[19:41:11 WIB 2026-09-01] [A] SELL LIMIT 4538 belum kena | harga=4357.86 | PINE=FLAT RSI=28.8
[19:41:11 WIB 2026-09-01] >>> BUY LIMIT B KENA @4400 | harga=4357.86 | PINE=FLAT RSI=28.8
[19:41:11 WIB 2026-09-01] >>> PERINGATAN MISS #12: PINE belum konfirmasi BUY — posisi AGRESIF, siap cut cepat!
[19:41:11 WIB 2026-09-01] === TRACKING B: SL 4355 | TP1 4450 (L1 close) | TP2 4538 (L2 runner) ===
[19:41:11 WIB 2026-09-01] *** SL KENA *** harga=4357.86 — CUT DISIPLIN, catat hasil
[19:42:11 WIB 2026-09-01] *** SL KENA *** harga=4358.73 — CUT DISIPLIN, catat hasil
[19:42:11 WIB 2026-09-01] [A] SELL LIMIT 4538 belum kena | harga=4358.73 | PINE=FLAT RSI=29.1
[19:42:11 WIB 2026-09-01] >>> BUY LIMIT B KENA @4400 | harga=4358.73 | PINE=FLAT RSI=29.1
[19:42:11 WIB 2026-09-01] >>> PERINGATAN MISS #12: PINE belum konfirmasi BUY — posisi AGRESIF, siap cut cepat!
[19:42:11 WIB 2026-09-01] === TRACKING B: SL 4355 | TP1 4450 (L1 close) | TP2 4538 (L2 runner) ===
[19:42:11 WIB 2026-09-01] *** SL KENA *** harga=4358.73 — CUT DISIPLIN, catat hasil
[19:43:11 WIB 2026-09-01] *** SL KENA *** harga=4358.46 — CUT DISIPLIN, catat hasil
[19:43:11 WIB 2026-09-01] [A] SELL LIMIT 4538 belum kena | harga=4358.46 | PINE=FLAT RSI=29
[19:43:11 WIB 2026-09-01] >>> BUY LIMIT B KENA @4400 | harga=4358.46 | PINE=FLAT RSI=29
[19:43:11 WIB 2026-09-01] >>> PERINGATAN MISS #12: PINE belum konfirmasi BUY — posisi AGRESIF, siap cut cepat!
[19:43:11 WIB 2026-09-01] === TRACKING B: SL 4355 | TP1 4450 (L1 close) | TP2 4538 (L2 runner) ===
[19:43:11 WIB 2026-09-01] *** SL KENA *** harga=4358.46 — CUT DISIPLIN, catat hasil
[19:44:11 WIB 2026-09-01] *** SL KENA *** harga=4359.81 — CUT DISIPLIN, catat hasil
[19:44:11 WIB 2026-09-01] [A] SELL LIMIT 4538 belum kena | harga=4359.81 | PINE=FLAT RSI=29.5
[19:44:11 WIB 2026-09-01] >>> BUY LIMIT B KENA @4400 | harga=4359.81 | PINE=FLAT RSI=29.5
[19:44:11 WIB 2026-09-01] >>> PERINGATAN MISS #12: PINE belum konfirmasi BUY — posisi AGRESIF, siap cut cepat!
[19:44:11 WIB 2026-09-01] === TRACKING B: SL 4355 | TP1 4450 (L1 close) | TP2 4538 (L2 runner) ===
[19:44:11 WIB 2026-09-01] *** SL KENA *** harga=4359.81 — CUT DISIPLIN, catat hasil
[19:45:11 WIB 2026-09-01] *** SL KENA *** harga=4364.06 — CUT DISIPLIN, catat hasil
[19:45:11 WIB 2026-09-01] [A] SELL LIMIT 4538 belum kena | harga=4364.06 | PINE=FLAT RSI=31.3
[19:45:11 WIB 2026-09-01] >>> BUY LIMIT B KENA @4400 | harga=4364.06 | PINE=FLAT RSI=31.3
[19:45:11 WIB 2026-09-01] >>> PERINGATAN MISS #12: PINE belum konfirmasi BUY — posisi AGRESIF, siap cut cepat!
[19:45:11 WIB 2026-09-01] === TRACKING B: SL 4355 | TP1 4450 (L1 close) | TP2 4538 (L2 runner) ===
[19:45:11 WIB 2026-09-01] *** SL KENA *** harga=4364.06 — CUT DISIPLIN, catat hasil
[19:46:11 WIB 2026-09-01] [LIVE] floating -33.4 pips | harga=4366.57 | PINE=FLAT RSI=33.2
[19:46:11 WIB 2026-09-01] [A] SELL LIMIT 4538 belum kena | harga=4366.57 | PINE=FLAT RSI=33.2
[19:46:11 WIB 2026-09-01] >>> BUY LIMIT B KENA @4400 | harga=4366.57 | PINE=FLAT RSI=33.2
[19:46:11 WIB 2026-09-01] >>> PERINGATAN MISS #12: PINE belum konfirmasi BUY — posisi AGRESIF, siap cut cepat!
[19:46:11 WIB 2026-09-01] === TRACKING B: SL 4355 | TP1 4450 (L1 close) | TP2 4538 (L2 runner) ===
[19:46:11 WIB 2026-09-01] [B] floating -33.4 pips | harga=4366.57 | PINE=FLAT RSI=33.2
[19:47:11 WIB 2026-09-01] [LIVE] floating -32.3 pips | harga=4367.66 | PINE=FLAT RSI=34.2
[19:47:11 WIB 2026-09-01] [A] SELL LIMIT 4538 belum kena | harga=4367.66 | PINE=FLAT RSI=34.2
[19:47:11 WIB 2026-09-01] >>> BUY LIMIT B KENA @4400 | harga=4367.66 | PINE=FLAT RSI=34.2
[19:47:11 WIB 2026-09-01] >>> PERINGATAN MISS #12: PINE belum konfirmasi BUY — posisi AGRESIF, siap cut cepat!
[19:47:11 WIB 2026-09-01] === TRACKING B: SL 4355 | TP1 4450 (L1 close) | TP2 4538 (L2 runner) ===
[19:47:11 WIB 2026-09-01] [B] floating -32.3 pips | harga=4367.66 | PINE=FLAT RSI=34.2
[19:48:11 WIB 2026-09-01] [LIVE] floating -30.6 pips | harga=4369.37 | PINE=FLAT RSI=35.8
[19:48:11 WIB 2026-09-01] [A] SELL LIMIT 4538 belum kena | harga=4369.37 | PINE=FLAT RSI=35.8
[19:48:11 WIB 2026-09-01] >>> BUY LIMIT B KENA @4400 | harga=4369.37 | PINE=FLAT RSI=35.8
[19:48:11 WIB 2026-09-01] >>> PERINGATAN MISS #12: PINE belum konfirmasi BUY — posisi AGRESIF, siap cut cepat!
[19:48:11 WIB 2026-09-01] === TRACKING B: SL 4355 | TP1 4450 (L1 close) | TP2 4538 (L2 runner) ===
[19:48:11 WIB 2026-09-01] [B] floating -30.6 pips | harga=4369.37 | PINE=FLAT RSI=35.8
[19:49:11 WIB 2026-09-01] [LIVE] floating -35.4 pips | harga=4364.65 | PINE=FLAT RSI=31.5
[19:49:11 WIB 2026-09-01] [A] SELL LIMIT 4538 belum kena | harga=4364.65 | PINE=FLAT RSI=31.5
[19:49:11 WIB 2026-09-01] >>> BUY LIMIT B KENA @4400 | harga=4364.65 | PINE=FLAT RSI=31.5
[19:49:11 WIB 2026-09-01] >>> PERINGATAN MISS #12: PINE belum konfirmasi BUY — posisi AGRESIF, siap cut cepat!
[19:49:11 WIB 2026-09-01] === TRACKING B: SL 4355 | TP1 4450 (L1 close) | TP2 4538 (L2 runner) ===
[19:49:11 WIB 2026-09-01] [B] floating -35.4 pips | harga=4364.65 | PINE=FLAT RSI=31.5
[19:50:11 WIB 2026-09-01] [LIVE] floating -35.1 pips | harga=4364.88 | PINE=FLAT RSI=31.7
[19:50:11 WIB 2026-09-01] [A] SELL LIMIT 4538 belum kena | harga=4364.88 | PINE=FLAT RSI=31.7
[19:50:11 WIB 2026-09-01] >>> BUY LIMIT B KENA @4400 | harga=4364.88 | PINE=FLAT RSI=31.7
[19:50:11 WIB 2026-09-01] >>> PERINGATAN MISS #12: PINE belum konfirmasi BUY — posisi AGRESIF, siap cut cepat!
[19:50:11 WIB 2026-09-01] === TRACKING B: SL 4355 | TP1 4450 (L1 close) | TP2 4538 (L2 runner) ===
[19:50:11 WIB 2026-09-01] [B] floating -35.1 pips | harga=4364.88 | PINE=FLAT RSI=31.7
[19:51:11 WIB 2026-09-01] [LIVE] floating -36.2 pips | harga=4363.76 | PINE=FLAT RSI=31.1
[19:51:11 WIB 2026-09-01] [A] SELL LIMIT 4538 belum kena | harga=4363.76 | PINE=FLAT RSI=31.1
[19:51:11 WIB 2026-09-01] >>> BUY LIMIT B KENA @4400 | harga=4363.76 | PINE=FLAT RSI=31.1
[19:51:11 WIB 2026-09-01] >>> PERINGATAN MISS #12: PINE belum konfirmasi BUY — posisi AGRESIF, siap cut cepat!
[19:51:11 WIB 2026-09-01] === TRACKING B: SL 4355 | TP1 4450 (L1 close) | TP2 4538 (L2 runner) ===
[19:51:11 WIB 2026-09-01] [B] floating -36.2 pips | harga=4363.76 | PINE=FLAT RSI=31.1
[19:52:11 WIB 2026-09-01] [LIVE] floating -35.4 pips | harga=4364.64 | PINE=FLAT RSI=31.5
[19:52:11 WIB 2026-09-01] [A] SELL LIMIT 4538 belum kena | harga=4364.64 | PINE=FLAT RSI=31.5
[19:52:11 WIB 2026-09-01] >>> BUY LIMIT B KENA @4400 | harga=4364.64 | PINE=FLAT RSI=31.5
[19:52:11 WIB 2026-09-01] >>> PERINGATAN MISS #12: PINE belum konfirmasi BUY — posisi AGRESIF, siap cut cepat!
[19:52:11 WIB 2026-09-01] === TRACKING B: SL 4355 | TP1 4450 (L1 close) | TP2 4538 (L2 runner) ===
[19:52:11 WIB 2026-09-01] [B] floating -35.4 pips | harga=4364.64 | PINE=FLAT RSI=31.5
[19:53:11 WIB 2026-09-01] [LIVE] floating -35.3 pips | harga=4364.75 | PINE=FLAT RSI=31.5
[19:53:11 WIB 2026-09-01] [A] SELL LIMIT 4538 belum kena | harga=4364.75 | PINE=FLAT RSI=31.5
[19:53:11 WIB 2026-09-01] >>> BUY LIMIT B KENA @4400 | harga=4364.75 | PINE=FLAT RSI=31.5
[19:53:11 WIB 2026-09-01] >>> PERINGATAN MISS #12: PINE belum konfirmasi BUY — posisi AGRESIF, siap cut cepat!
[19:53:11 WIB 2026-09-01] === TRACKING B: SL 4355 | TP1 4450 (L1 close) | TP2 4538 (L2 runner) ===
[19:53:11 WIB 2026-09-01] [B] floating -35.3 pips | harga=4364.75 | PINE=FLAT RSI=31.5
[19:54:11 WIB 2026-09-01] [LIVE] floating -35.6 pips | harga=4364.41 | PINE=FLAT RSI=31.4
[19:54:11 WIB 2026-09-01] [A] SELL LIMIT 4538 belum kena | harga=4364.41 | PINE=FLAT RSI=31.4
[19:54:11 WIB 2026-09-01] >>> BUY LIMIT B KENA @4400 | harga=4364.41 | PINE=FLAT RSI=31.4
[19:54:11 WIB 2026-09-01] >>> PERINGATAN MISS #12: PINE belum konfirmasi BUY — posisi AGRESIF, siap cut cepat!
[19:54:11 WIB 2026-09-01] === TRACKING B: SL 4355 | TP1 4450 (L1 close) | TP2 4538 (L2 runner) ===
[19:54:11 WIB 2026-09-01] [B] floating -35.6 pips | harga=4364.41 | PINE=FLAT RSI=31.4
[19:55:11 WIB 2026-09-01] [LIVE] floating -37.0 pips | harga=4363.02 | PINE=FLAT RSI=30.7
[19:55:11 WIB 2026-09-01] [A] SELL LIMIT 4538 belum kena | harga=4363.02 | PINE=FLAT RSI=30.7
[19:55:11 WIB 2026-09-01] >>> BUY LIMIT B KENA @4400 | harga=4363.02 | PINE=FLAT RSI=30.7
[19:55:11 WIB 2026-09-01] >>> PERINGATAN MISS #12: PINE belum konfirmasi BUY — posisi AGRESIF, siap cut cepat!
[19:55:11 WIB 2026-09-01] === TRACKING B: SL 4355 | TP1 4450 (L1 close) | TP2 4538 (L2 runner) ===
[19:55:11 WIB 2026-09-01] [B] floating -37.0 pips | harga=4363.02 | PINE=FLAT RSI=30.7
[19:56:11 WIB 2026-09-01] [LIVE] floating -39.3 pips | harga=4360.70 | PINE=FLAT RSI=29.8
[19:56:11 WIB 2026-09-01] [A] SELL LIMIT 4538 belum kena | harga=4360.70 | PINE=FLAT RSI=29.8
[19:56:11 WIB 2026-09-01] >>> BUY LIMIT B KENA @4400 | harga=4360.70 | PINE=FLAT RSI=29.8
[19:56:11 WIB 2026-09-01] >>> PERINGATAN MISS #12: PINE belum konfirmasi BUY — posisi AGRESIF, siap cut cepat!
[19:56:11 WIB 2026-09-01] === TRACKING B: SL 4355 | TP1 4450 (L1 close) | TP2 4538 (L2 runner) ===
[19:56:11 WIB 2026-09-01] [B] floating -39.3 pips | harga=4360.70 | PINE=FLAT RSI=29.8
[19:57:11 WIB 2026-09-01] [LIVE] floating -39.1 pips | harga=4360.90 | PINE=FLAT RSI=29.8
[19:57:11 WIB 2026-09-01] [A] SELL LIMIT 4538 belum kena | harga=4360.90 | PINE=FLAT RSI=29.8
[19:57:11 WIB 2026-09-01] >>> BUY LIMIT B KENA @4400 | harga=4360.90 | PINE=FLAT RSI=29.8
[19:57:11 WIB 2026-09-01] >>> PERINGATAN MISS #12: PINE belum konfirmasi BUY — posisi AGRESIF, siap cut cepat!
[19:57:11 WIB 2026-09-01] === TRACKING B: SL 4355 | TP1 4450 (L1 close) | TP2 4538 (L2 runner) ===
[19:57:11 WIB 2026-09-01] [B] floating -39.1 pips | harga=4360.90 | PINE=FLAT RSI=29.8
[19:58:11 WIB 2026-09-01] [LIVE] floating -39.8 pips | harga=4360.16 | PINE=FLAT RSI=29.5
[19:58:11 WIB 2026-09-01] [A] SELL LIMIT 4538 belum kena | harga=4360.16 | PINE=FLAT RSI=29.5
[19:58:11 WIB 2026-09-01] >>> BUY LIMIT B KENA @4400 | harga=4360.16 | PINE=FLAT RSI=29.5
[19:58:11 WIB 2026-09-01] >>> PERINGATAN MISS #12: PINE belum konfirmasi BUY — posisi AGRESIF, siap cut cepat!
[19:58:11 WIB 2026-09-01] === TRACKING B: SL 4355 | TP1 4450 (L1 close) | TP2 4538 (L2 runner) ===
[19:58:11 WIB 2026-09-01] [B] floating -39.8 pips | harga=4360.16 | PINE=FLAT RSI=29.5
[19:59:11 WIB 2026-09-01] [LIVE] floating -40.3 pips | harga=4359.70 | PINE=FLAT RSI=29.4
[19:59:11 WIB 2026-09-01] [A] SELL LIMIT 4538 belum kena | harga=4359.70 | PINE=FLAT RSI=29.4
[19:59:11 WIB 2026-09-01] >>> BUY LIMIT B KENA @4400 | harga=4359.70 | PINE=FLAT RSI=29.4
[19:59:11 WIB 2026-09-01] >>> PERINGATAN MISS #12: PINE belum konfirmasi BUY — posisi AGRESIF, siap cut cepat!
[19:59:11 WIB 2026-09-01] === TRACKING B: SL 4355 | TP1 4450 (L1 close) | TP2 4538 (L2 runner) ===
[19:59:11 WIB 2026-09-01] [B] floating -40.3 pips | harga=4359.70 | PINE=FLAT RSI=29.4
[20:00:11 WIB 2026-09-01] [LIVE] floating -43.2 pips | harga=4356.84 | PINE=FLAT RSI=28.2
[20:00:11 WIB 2026-09-01] [A] SELL LIMIT 4538 belum kena | harga=4356.84 | PINE=FLAT RSI=28.2
[20:00:11 WIB 2026-09-01] >>> BUY LIMIT B KENA @4400 | harga=4356.84 | PINE=FLAT RSI=28.2
[20:00:11 WIB 2026-09-01] >>> PERINGATAN MISS #12: PINE belum konfirmasi BUY — posisi AGRESIF, siap cut cepat!
[20:00:11 WIB 2026-09-01] === TRACKING B: SL 4355 | TP1 4450 (L1 close) | TP2 4538 (L2 runner) ===
[20:00:11 WIB 2026-09-01] [B] floating -43.2 pips | harga=4356.84 | PINE=FLAT RSI=28.2
[20:01:11 WIB 2026-09-01] *** SL KENA *** harga=4350.44 — CUT DISIPLIN, catat hasil
[20:01:11 WIB 2026-09-01] [A] SELL LIMIT 4538 belum kena | harga=4350.44 | PINE=FLAT RSI=26.2
[20:01:11 WIB 2026-09-01] >>> BUY LIMIT B KENA @4400 | harga=4350.44 | PINE=FLAT RSI=26.2
[20:01:11 WIB 2026-09-01] >>> PERINGATAN MISS #12: PINE belum konfirmasi BUY — posisi AGRESIF, siap cut cepat!
[20:01:11 WIB 2026-09-01] === TRACKING B: SL 4355 | TP1 4450 (L1 close) | TP2 4538 (L2 runner) ===
[20:01:11 WIB 2026-09-01] *** SL KENA *** harga=4350.44 — CUT DISIPLIN, catat hasil
[20:02:11 WIB 2026-09-01] *** SL KENA *** harga=4342.68 — CUT DISIPLIN, catat hasil
[20:02:11 WIB 2026-09-01] [A] SELL LIMIT 4538 belum kena | harga=4342.68 | PINE=FLAT RSI=24
[20:02:11 WIB 2026-09-01] >>> BUY LIMIT B KENA @4400 | harga=4342.68 | PINE=FLAT RSI=24
[20:02:11 WIB 2026-09-01] >>> PERINGATAN MISS #12: PINE belum konfirmasi BUY — posisi AGRESIF, siap cut cepat!
[20:02:11 WIB 2026-09-01] === TRACKING B: SL 4355 | TP1 4450 (L1 close) | TP2 4538 (L2 runner) ===
[20:02:11 WIB 2026-09-01] *** SL KENA *** harga=4342.68 — CUT DISIPLIN, catat hasil
[20:03:11 WIB 2026-09-01] *** SL KENA *** harga=4341.07 — CUT DISIPLIN, catat hasil
[20:03:11 WIB 2026-09-01] [A] SELL LIMIT 4538 belum kena | harga=4341.07 | PINE=FLAT RSI=23.3
[20:03:11 WIB 2026-09-01] >>> BUY LIMIT B KENA @4400 | harga=4341.07 | PINE=FLAT RSI=23.3
[20:03:11 WIB 2026-09-01] >>> PERINGATAN MISS #12: PINE belum konfirmasi BUY — posisi AGRESIF, siap cut cepat!
[20:03:11 WIB 2026-09-01] === TRACKING B: SL 4355 | TP1 4450 (L1 close) | TP2 4538 (L2 runner) ===
[20:03:11 WIB 2026-09-01] *** SL KENA *** harga=4341.07 — CUT DISIPLIN, catat hasil
[20:04:11 WIB 2026-09-01] *** SL KENA *** harga=4340.81 — CUT DISIPLIN, catat hasil
[20:04:11 WIB 2026-09-01] [A] SELL LIMIT 4538 belum kena | harga=4340.81 | PINE=FLAT RSI=23
[20:04:11 WIB 2026-09-01] >>> BUY LIMIT B KENA @4400 | harga=4340.81 | PINE=FLAT RSI=23
[20:04:11 WIB 2026-09-01] >>> PERINGATAN MISS #12: PINE belum konfirmasi BUY — posisi AGRESIF, siap cut cepat!
[20:04:11 WIB 2026-09-01] === TRACKING B: SL 4355 | TP1 4450 (L1 close) | TP2 4538 (L2 runner) ===
[20:04:11 WIB 2026-09-01] *** SL KENA *** harga=4340.81 — CUT DISIPLIN, catat hasil
[20:05:11 WIB 2026-09-01] *** SL KENA *** harga=4339.61 — CUT DISIPLIN, catat hasil
[20:05:11 WIB 2026-09-01] [A] SELL LIMIT 4538 belum kena | harga=4339.61 | PINE=FLAT RSI=23
[20:05:11 WIB 2026-09-01] >>> BUY LIMIT B KENA @4400 | harga=4339.61 | PINE=FLAT RSI=23
[20:05:11 WIB 2026-09-01] >>> PERINGATAN MISS #12: PINE belum konfirmasi BUY — posisi AGRESIF, siap cut cepat!
[20:05:11 WIB 2026-09-01] === TRACKING B: SL 4355 | TP1 4450 (L1 close) | TP2 4538 (L2 runner) ===
[20:05:11 WIB 2026-09-01] *** SL KENA *** harga=4339.61 — CUT DISIPLIN, catat hasil
[20:06:11 WIB 2026-09-01] *** SL KENA *** harga=4335.68 — CUT DISIPLIN, catat hasil
[20:06:11 WIB 2026-09-01] [A] SELL LIMIT 4538 belum kena | harga=4335.68 | PINE=FLAT RSI=21.6
[20:06:11 WIB 2026-09-01] >>> BUY LIMIT B KENA @4400 | harga=4335.68 | PINE=FLAT RSI=21.6
[20:06:11 WIB 2026-09-01] >>> PERINGATAN MISS #12: PINE belum konfirmasi BUY — posisi AGRESIF, siap cut cepat!
[20:06:11 WIB 2026-09-01] === TRACKING B: SL 4355 | TP1 4450 (L1 close) | TP2 4538 (L2 runner) ===
[20:06:11 WIB 2026-09-01] *** SL KENA *** harga=4335.68 — CUT DISIPLIN, catat hasil
[20:07:11 WIB 2026-09-01] *** SL KENA *** harga=4336.14 — CUT DISIPLIN, catat hasil
[20:07:11 WIB 2026-09-01] [A] SELL LIMIT 4538 belum kena | harga=4336.14 | PINE=FLAT RSI=21.8
[20:07:11 WIB 2026-09-01] >>> BUY LIMIT B KENA @4400 | harga=4336.14 | PINE=FLAT RSI=21.8
[20:07:11 WIB 2026-09-01] >>> PERINGATAN MISS #12: PINE belum konfirmasi BUY — posisi AGRESIF, siap cut cepat!
[20:07:11 WIB 2026-09-01] === TRACKING B: SL 4355 | TP1 4450 (L1 close) | TP2 4538 (L2 runner) ===
[20:07:11 WIB 2026-09-01] *** SL KENA *** harga=4336.14 — CUT DISIPLIN, catat hasil
[20:08:11 WIB 2026-09-01] *** SL KENA *** harga=4339.58 — CUT DISIPLIN, catat hasil
[20:08:11 WIB 2026-09-01] [A] SELL LIMIT 4538 belum kena | harga=4339.58 | PINE=FLAT RSI=22.7
[20:08:11 WIB 2026-09-01] >>> BUY LIMIT B KENA @4400 | harga=4339.58 | PINE=FLAT RSI=22.7
[20:08:11 WIB 2026-09-01] >>> PERINGATAN MISS #12: PINE belum konfirmasi BUY — posisi AGRESIF, siap cut cepat!
[20:08:11 WIB 2026-09-01] === TRACKING B: SL 4355 | TP1 4450 (L1 close) | TP2 4538 (L2 runner) ===
[20:08:11 WIB 2026-09-01] *** SL KENA *** harga=4339.58 — CUT DISIPLIN, catat hasil
[20:09:11 WIB 2026-09-01] *** SL KENA *** harga=4340.73 — CUT DISIPLIN, catat hasil
[20:09:11 WIB 2026-09-01] [A] SELL LIMIT 4538 belum kena | harga=4340.73 | PINE=FLAT RSI=23.3
[20:09:11 WIB 2026-09-01] >>> BUY LIMIT B KENA @4400 | harga=4340.73 | PINE=FLAT RSI=23.3
[20:09:11 WIB 2026-09-01] >>> PERINGATAN MISS #12: PINE belum konfirmasi BUY — posisi AGRESIF, siap cut cepat!
[20:09:11 WIB 2026-09-01] === TRACKING B: SL 4355 | TP1 4450 (L1 close) | TP2 4538 (L2 runner) ===
[20:09:11 WIB 2026-09-01] *** SL KENA *** harga=4340.73 — CUT DISIPLIN, catat hasil
[20:10:11 WIB 2026-09-01] *** SL KENA *** harga=4333.60 — CUT DISIPLIN, catat hasil
[20:10:11 WIB 2026-09-01] [A] SELL LIMIT 4538 belum kena | harga=4333.60 | PINE=FLAT RSI=21.2
[20:10:11 WIB 2026-09-01] >>> BUY LIMIT B KENA @4400 | harga=4333.60 | PINE=FLAT RSI=21.2
[20:10:11 WIB 2026-09-01] >>> PERINGATAN MISS #12: PINE belum konfirmasi BUY — posisi AGRESIF, siap cut cepat!
[20:10:11 WIB 2026-09-01] === TRACKING B: SL 4355 | TP1 4450 (L1 close) | TP2 4538 (L2 runner) ===
[20:10:11 WIB 2026-09-01] *** SL KENA *** harga=4333.60 — CUT DISIPLIN, catat hasil
[20:11:11 WIB 2026-09-01] *** SL KENA *** harga=4332.78 — CUT DISIPLIN, catat hasil
[20:11:11 WIB 2026-09-01] [A] SELL LIMIT 4538 belum kena | harga=4332.78 | PINE=FLAT RSI=21.1
[20:11:11 WIB 2026-09-01] >>> BUY LIMIT B KENA @4400 | harga=4332.78 | PINE=FLAT RSI=21.1
[20:11:11 WIB 2026-09-01] >>> PERINGATAN MISS #12: PINE belum konfirmasi BUY — posisi AGRESIF, siap cut cepat!
[20:11:11 WIB 2026-09-01] === TRACKING B: SL 4355 | TP1 4450 (L1 close) | TP2 4538 (L2 runner) ===
[20:11:11 WIB 2026-09-01] *** SL KENA *** harga=4332.78 — CUT DISIPLIN, catat hasil
[20:12:11 WIB 2026-09-01] *** SL KENA *** harga=4329.60 — CUT DISIPLIN, catat hasil
[20:12:11 WIB 2026-09-01] [A] SELL LIMIT 4538 belum kena | harga=4329.60 | PINE=FLAT RSI=20.4
[20:12:11 WIB 2026-09-01] >>> BUY LIMIT B KENA @4400 | harga=4329.60 | PINE=FLAT RSI=20.4
[20:12:11 WIB 2026-09-01] >>> PERINGATAN MISS #12: PINE belum konfirmasi BUY — posisi AGRESIF, siap cut cepat!
[20:12:11 WIB 2026-09-01] === TRACKING B: SL 4355 | TP1 4450 (L1 close) | TP2 4538 (L2 runner) ===
[20:12:11 WIB 2026-09-01] *** SL KENA *** harga=4329.60 — CUT DISIPLIN, catat hasil
[20:13:11 WIB 2026-09-01] *** SL KENA *** harga=4330.86 — CUT DISIPLIN, catat hasil
[20:13:11 WIB 2026-09-01] [A] SELL LIMIT 4538 belum kena | harga=4330.86 | PINE=FLAT RSI=20.5
[20:13:11 WIB 2026-09-01] >>> BUY LIMIT B KENA @4400 | harga=4330.86 | PINE=FLAT RSI=20.5
[20:13:11 WIB 2026-09-01] >>> PERINGATAN MISS #12: PINE belum konfirmasi BUY — posisi AGRESIF, siap cut cepat!
[20:13:11 WIB 2026-09-01] === TRACKING B: SL 4355 | TP1 4450 (L1 close) | TP2 4538 (L2 runner) ===
[20:13:11 WIB 2026-09-01] *** SL KENA *** harga=4330.86 — CUT DISIPLIN, catat hasil
[20:14:11 WIB 2026-09-01] *** SL KENA *** harga=4334.53 — CUT DISIPLIN, catat hasil
[20:14:11 WIB 2026-09-01] [A] SELL LIMIT 4538 belum kena | harga=4334.53 | PINE=FLAT RSI=21.5
[20:14:11 WIB 2026-09-01] >>> BUY LIMIT B KENA @4400 | harga=4334.53 | PINE=FLAT RSI=21.5
[20:14:11 WIB 2026-09-01] >>> PERINGATAN MISS #12: PINE belum konfirmasi BUY — posisi AGRESIF, siap cut cepat!
[20:14:11 WIB 2026-09-01] === TRACKING B: SL 4355 | TP1 4450 (L1 close) | TP2 4538 (L2 runner) ===
[20:14:11 WIB 2026-09-01] *** SL KENA *** harga=4334.53 — CUT DISIPLIN, catat hasil
[20:15:11 WIB 2026-09-01] *** SL KENA *** harga=4329.23 — CUT DISIPLIN, catat hasil
[20:15:11 WIB 2026-09-01] [A] SELL LIMIT 4538 belum kena | harga=4329.23 | PINE=FLAT RSI=20.3
[20:15:11 WIB 2026-09-01] >>> BUY LIMIT B KENA @4400 | harga=4329.23 | PINE=FLAT RSI=20.3
[20:15:11 WIB 2026-09-01] >>> PERINGATAN MISS #12: PINE belum konfirmasi BUY — posisi AGRESIF, siap cut cepat!
[20:15:11 WIB 2026-09-01] === TRACKING B: SL 4355 | TP1 4450 (L1 close) | TP2 4538 (L2 runner) ===
[20:15:11 WIB 2026-09-01] *** SL KENA *** harga=4329.23 — CUT DISIPLIN, catat hasil
[20:16:11 WIB 2026-09-01] *** SL KENA *** harga=4331.95 — CUT DISIPLIN, catat hasil
[20:16:11 WIB 2026-09-01] [A] SELL LIMIT 4538 belum kena | harga=4331.95 | PINE=FLAT RSI=21.8
[20:16:11 WIB 2026-09-01] >>> BUY LIMIT B KENA @4400 | harga=4331.95 | PINE=FLAT RSI=21.8
[20:16:11 WIB 2026-09-01] >>> PERINGATAN MISS #12: PINE belum konfirmasi BUY — posisi AGRESIF, siap cut cepat!
[20:16:11 WIB 2026-09-01] === TRACKING B: SL 4355 | TP1 4450 (L1 close) | TP2 4538 (L2 runner) ===
[20:16:11 WIB 2026-09-01] *** SL KENA *** harga=4331.95 — CUT DISIPLIN, catat hasil
[20:17:11 WIB 2026-09-01] *** SL KENA *** harga=4332.44 — CUT DISIPLIN, catat hasil
[20:17:11 WIB 2026-09-01] [A] SELL LIMIT 4538 belum kena | harga=4332.44 | PINE=FLAT RSI=22.8
[20:17:11 WIB 2026-09-01] >>> BUY LIMIT B KENA @4400 | harga=4332.44 | PINE=FLAT RSI=22.8
[20:17:11 WIB 2026-09-01] >>> PERINGATAN MISS #12: PINE belum konfirmasi BUY — posisi AGRESIF, siap cut cepat!
[20:17:11 WIB 2026-09-01] === TRACKING B: SL 4355 | TP1 4450 (L1 close) | TP2 4538 (L2 runner) ===
[20:17:11 WIB 2026-09-01] *** SL KENA *** harga=4332.44 — CUT DISIPLIN, catat hasil
[20:18:11 WIB 2026-09-01] *** SL KENA *** harga=4328.82 — CUT DISIPLIN, catat hasil
[20:18:11 WIB 2026-09-01] [A] SELL LIMIT 4538 belum kena | harga=4328.82 | PINE=FLAT RSI=20.2
[20:18:11 WIB 2026-09-01] >>> BUY LIMIT B KENA @4400 | harga=4328.82 | PINE=FLAT RSI=20.2
[20:18:11 WIB 2026-09-01] >>> PERINGATAN MISS #12: PINE belum konfirmasi BUY — posisi AGRESIF, siap cut cepat!
[20:18:11 WIB 2026-09-01] === TRACKING B: SL 4355 | TP1 4450 (L1 close) | TP2 4538 (L2 runner) ===
[20:18:11 WIB 2026-09-01] *** SL KENA *** harga=4328.82 — CUT DISIPLIN, catat hasil
[20:19:11 WIB 2026-09-01] *** SL KENA *** harga=4327.93 — CUT DISIPLIN, catat hasil
[20:19:11 WIB 2026-09-01] [A] SELL LIMIT 4538 belum kena | harga=4327.93 | PINE=FLAT RSI=20
[20:19:11 WIB 2026-09-01] >>> BUY LIMIT B KENA @4400 | harga=4327.93 | PINE=FLAT RSI=20
[20:19:11 WIB 2026-09-01] >>> PERINGATAN MISS #12: PINE belum konfirmasi BUY — posisi AGRESIF, siap cut cepat!
[20:19:11 WIB 2026-09-01] === TRACKING B: SL 4355 | TP1 4450 (L1 close) | TP2 4538 (L2 runner) ===
[20:19:11 WIB 2026-09-01] *** SL KENA *** harga=4327.93 — CUT DISIPLIN, catat hasil
[20:20:11 WIB 2026-09-01] *** SL KENA *** harga=4333.02 — CUT DISIPLIN, catat hasil
[20:20:11 WIB 2026-09-01] [A] SELL LIMIT 4538 belum kena | harga=4333.02 | PINE=FLAT RSI=23.3
[20:20:11 WIB 2026-09-01] >>> BUY LIMIT B KENA @4400 | harga=4333.02 | PINE=FLAT RSI=23.3
[20:20:11 WIB 2026-09-01] >>> PERINGATAN MISS #12: PINE belum konfirmasi BUY — posisi AGRESIF, siap cut cepat!
[20:20:11 WIB 2026-09-01] === TRACKING B: SL 4355 | TP1 4450 (L1 close) | TP2 4538 (L2 runner) ===
[20:20:11 WIB 2026-09-01] *** SL KENA *** harga=4333.02 — CUT DISIPLIN, catat hasil
[20:21:11 WIB 2026-09-01] *** SL KENA *** harga=4332.85 — CUT DISIPLIN, catat hasil
[20:21:11 WIB 2026-09-01] [A] SELL LIMIT 4538 belum kena | harga=4332.85 | PINE=FLAT RSI=23.1
[20:21:11 WIB 2026-09-01] >>> BUY LIMIT B KENA @4400 | harga=4332.85 | PINE=FLAT RSI=23.1
[20:21:11 WIB 2026-09-01] >>> PERINGATAN MISS #12: PINE belum konfirmasi BUY — posisi AGRESIF, siap cut cepat!
[20:21:11 WIB 2026-09-01] === TRACKING B: SL 4355 | TP1 4450 (L1 close) | TP2 4538 (L2 runner) ===
[20:21:11 WIB 2026-09-01] *** SL KENA *** harga=4332.85 — CUT DISIPLIN, catat hasil
[20:22:11 WIB 2026-09-01] *** SL KENA *** harga=4334.79 — CUT DISIPLIN, catat hasil
[20:22:11 WIB 2026-09-01] [A] SELL LIMIT 4538 belum kena | harga=4334.79 | PINE=FLAT RSI=24
[20:22:11 WIB 2026-09-01] >>> BUY LIMIT B KENA @4400 | harga=4334.79 | PINE=FLAT RSI=24
[20:22:11 WIB 2026-09-01] >>> PERINGATAN MISS #12: PINE belum konfirmasi BUY — posisi AGRESIF, siap cut cepat!
[20:22:11 WIB 2026-09-01] === TRACKING B: SL 4355 | TP1 4450 (L1 close) | TP2 4538 (L2 runner) ===
[20:22:11 WIB 2026-09-01] *** SL KENA *** harga=4334.79 — CUT DISIPLIN, catat hasil
[20:23:11 WIB 2026-09-01] *** SL KENA *** harga=4332.44 — CUT DISIPLIN, catat hasil
[20:23:11 WIB 2026-09-01] [A] SELL LIMIT 4538 belum kena | harga=4332.44 | PINE=FLAT RSI=22.8
[20:23:11 WIB 2026-09-01] >>> BUY LIMIT B KENA @4400 | harga=4332.44 | PINE=FLAT RSI=22.8
[20:23:11 WIB 2026-09-01] >>> PERINGATAN MISS #12: PINE belum konfirmasi BUY — posisi AGRESIF, siap cut cepat!
[20:23:11 WIB 2026-09-01] === TRACKING B: SL 4355 | TP1 4450 (L1 close) | TP2 4538 (L2 runner) ===
[20:23:11 WIB 2026-09-01] *** SL KENA *** harga=4332.44 — CUT DISIPLIN, catat hasil
[20:24:11 WIB 2026-09-01] *** SL KENA *** harga=4335.53 — CUT DISIPLIN, catat hasil
[20:24:11 WIB 2026-09-01] [A] SELL LIMIT 4538 belum kena | harga=4335.53 | PINE=FLAT RSI=25.2
[20:24:11 WIB 2026-09-01] >>> BUY LIMIT B KENA @4400 | harga=4335.53 | PINE=FLAT RSI=25.2
[20:24:11 WIB 2026-09-01] >>> PERINGATAN MISS #12: PINE belum konfirmasi BUY — posisi AGRESIF, siap cut cepat!
[20:24:11 WIB 2026-09-01] === TRACKING B: SL 4355 | TP1 4450 (L1 close) | TP2 4538 (L2 runner) ===
[20:24:11 WIB 2026-09-01] *** SL KENA *** harga=4335.53 — CUT DISIPLIN, catat hasil
[20:25:11 WIB 2026-09-01] *** SL KENA *** harga=4335.22 — CUT DISIPLIN, catat hasil
[20:25:11 WIB 2026-09-01] [A] SELL LIMIT 4538 belum kena | harga=4335.22 | PINE=FLAT RSI=25
[20:25:11 WIB 2026-09-01] >>> BUY LIMIT B KENA @4400 | harga=4335.22 | PINE=FLAT RSI=25
[20:25:11 WIB 2026-09-01] >>> PERINGATAN MISS #12: PINE belum konfirmasi BUY — posisi AGRESIF, siap cut cepat!
[20:25:11 WIB 2026-09-01] === TRACKING B: SL 4355 | TP1 4450 (L1 close) | TP2 4538 (L2 runner) ===
[20:25:11 WIB 2026-09-01] *** SL KENA *** harga=4335.22 — CUT DISIPLIN, catat hasil
[20:26:11 WIB 2026-09-01] *** SL KENA *** harga=4338.43 — CUT DISIPLIN, catat hasil
[20:26:11 WIB 2026-09-01] [A] SELL LIMIT 4538 belum kena | harga=4338.43 | PINE=FLAT RSI=26.6
[20:26:11 WIB 2026-09-01] >>> BUY LIMIT B KENA @4400 | harga=4338.43 | PINE=FLAT RSI=26.6
[20:26:11 WIB 2026-09-01] >>> PERINGATAN MISS #12: PINE belum konfirmasi BUY — posisi AGRESIF, siap cut cepat!
[20:26:11 WIB 2026-09-01] === TRACKING B: SL 4355 | TP1 4450 (L1 close) | TP2 4538 (L2 runner) ===
[20:26:11 WIB 2026-09-01] *** SL KENA *** harga=4338.43 — CUT DISIPLIN, catat hasil
[20:27:00 WIB 2026-09-01] === MONITOR XAU V2 MULAI (update 28 Aug: self-lock + guard TF + wick sanity + state persist) ===
[20:27:00 WIB 2026-09-01]   [LIVE] POSISI AKTIF BUY entry=4400 SL=4355 TP1=4450 TP2=4538 (filled)
[20:27:00 WIB 2026-09-01]   [A] SELL LIMIT SELL entry=4538 SL=4565 TP1=4480 TP2=4370 (waiting)
[20:27:00 WIB 2026-09-01]   [B] BUY LIMIT BUY entry=4400 SL=4355 TP1=4450 TP2=4538 (waiting)
[20:27:00 WIB 2026-09-01] *** SL KENA *** harga=4339.99 — CUT DISIPLIN, catat hasil
[20:27:00 WIB 2026-09-01] [A] SELL LIMIT 4538 belum kena | harga=4339.99 | PINE=FLAT RSI=28.5
[20:27:00 WIB 2026-09-01] >>> BUY LIMIT B KENA @4400 | harga=4339.99 | PINE=FLAT RSI=28.5
[20:27:00 WIB 2026-09-01] >>> PERINGATAN MISS #12: PINE belum konfirmasi BUY — posisi AGRESIF, siap cut cepat!
[20:27:00 WIB 2026-09-01] === TRACKING B: SL 4355 | TP1 4450 (L1 close) | TP2 4538 (L2 runner) ===
[20:27:00 WIB 2026-09-01] *** SL KENA *** harga=4339.99 — CUT DISIPLIN, catat hasil
[20:27:11 WIB 2026-09-01] *** SL KENA *** harga=4340.22 — CUT DISIPLIN, catat hasil
[20:27:11 WIB 2026-09-01] [A] SELL LIMIT 4538 belum kena | harga=4340.22 | PINE=FLAT RSI=28.7
[20:27:11 WIB 2026-09-01] >>> BUY LIMIT B KENA @4400 | harga=4340.22 | PINE=FLAT RSI=28.7
[20:27:11 WIB 2026-09-01] >>> PERINGATAN MISS #12: PINE belum konfirmasi BUY — posisi AGRESIF, siap cut cepat!
[20:27:11 WIB 2026-09-01] === TRACKING B: SL 4355 | TP1 4450 (L1 close) | TP2 4538 (L2 runner) ===
[20:27:11 WIB 2026-09-01] *** SL KENA *** harga=4340.22 — CUT DISIPLIN, catat hasil
[20:28:11 WIB 2026-09-01] *** SL KENA *** harga=4338.93 — CUT DISIPLIN, catat hasil
[20:28:11 WIB 2026-09-01] [A] SELL LIMIT 4538 belum kena | harga=4338.93 | PINE=FLAT RSI=27.9
[20:28:11 WIB 2026-09-01] >>> BUY LIMIT B KENA @4400 | harga=4338.93 | PINE=FLAT RSI=27.9
[20:28:11 WIB 2026-09-01] >>> PERINGATAN MISS #12: PINE belum konfirmasi BUY — posisi AGRESIF, siap cut cepat!
[20:28:11 WIB 2026-09-01] === TRACKING B: SL 4355 | TP1 4450 (L1 close) | TP2 4538 (L2 runner) ===
[20:28:11 WIB 2026-09-01] *** SL KENA *** harga=4338.93 — CUT DISIPLIN, catat hasil
[20:29:11 WIB 2026-09-01] *** SL KENA *** harga=4341.99 — CUT DISIPLIN, catat hasil
[20:29:11 WIB 2026-09-01] [A] SELL LIMIT 4538 belum kena | harga=4341.99 | PINE=FLAT RSI=29.3
[20:29:11 WIB 2026-09-01] >>> BUY LIMIT B KENA @4400 | harga=4341.99 | PINE=FLAT RSI=29.3
[20:29:11 WIB 2026-09-01] >>> PERINGATAN MISS #12: PINE belum konfirmasi BUY — posisi AGRESIF, siap cut cepat!
[20:29:11 WIB 2026-09-01] === TRACKING B: SL 4355 | TP1 4450 (L1 close) | TP2 4538 (L2 runner) ===
[20:29:11 WIB 2026-09-01] *** SL KENA *** harga=4341.99 — CUT DISIPLIN, catat hasil
[20:30:11 WIB 2026-09-01] *** SL KENA *** harga=4342.74 — CUT DISIPLIN, catat hasil
[20:30:11 WIB 2026-09-01] [A] SELL LIMIT 4538 belum kena | harga=4342.74 | PINE=FLAT RSI=30.4
[20:30:11 WIB 2026-09-01] >>> BUY LIMIT B KENA @4400 | harga=4342.74 | PINE=FLAT RSI=30.4
[20:30:11 WIB 2026-09-01] >>> PERINGATAN MISS #12: PINE belum konfirmasi BUY — posisi AGRESIF, siap cut cepat!
[20:30:11 WIB 2026-09-01] === TRACKING B: SL 4355 | TP1 4450 (L1 close) | TP2 4538 (L2 runner) ===
[20:30:11 WIB 2026-09-01] *** SL KENA *** harga=4342.74 — CUT DISIPLIN, catat hasil
[20:31:12 WIB 2026-09-01] *** SL KENA *** harga=4346.01 — CUT DISIPLIN, catat hasil
[20:31:12 WIB 2026-09-01] [A] SELL LIMIT 4538 belum kena | harga=4346.01 | PINE=FLAT RSI=32.8
[20:31:12 WIB 2026-09-01] >>> BUY LIMIT B KENA @4400 | harga=4346.01 | PINE=FLAT RSI=32.8
[20:31:12 WIB 2026-09-01] >>> PERINGATAN MISS #12: PINE belum konfirmasi BUY — posisi AGRESIF, siap cut cepat!
[20:31:12 WIB 2026-09-01] === TRACKING B: SL 4355 | TP1 4450 (L1 close) | TP2 4538 (L2 runner) ===
[20:31:12 WIB 2026-09-01] *** SL KENA *** harga=4346.01 — CUT DISIPLIN, catat hasil
[20:32:11 WIB 2026-09-01] *** SL KENA *** harga=4351.72 — CUT DISIPLIN, catat hasil
[20:32:11 WIB 2026-09-01] [A] SELL LIMIT 4538 belum kena | harga=4351.72 | PINE=FLAT RSI=36.3
[20:32:11 WIB 2026-09-01] >>> BUY LIMIT B KENA @4400 | harga=4351.72 | PINE=FLAT RSI=36.3
[20:32:11 WIB 2026-09-01] >>> PERINGATAN MISS #12: PINE belum konfirmasi BUY — posisi AGRESIF, siap cut cepat!
[20:32:11 WIB 2026-09-01] === TRACKING B: SL 4355 | TP1 4450 (L1 close) | TP2 4538 (L2 runner) ===
[20:32:11 WIB 2026-09-01] *** SL KENA *** harga=4351.72 — CUT DISIPLIN, catat hasil
[20:33:12 WIB 2026-09-01] *** SL KENA *** harga=4351.07 — CUT DISIPLIN, catat hasil
[20:33:12 WIB 2026-09-01] [A] SELL LIMIT 4538 belum kena | harga=4351.07 | PINE=FLAT RSI=35.9
[20:33:12 WIB 2026-09-01] >>> BUY LIMIT B KENA @4400 | harga=4351.07 | PINE=FLAT RSI=35.9
[20:33:12 WIB 2026-09-01] >>> PERINGATAN MISS #12: PINE belum konfirmasi BUY — posisi AGRESIF, siap cut cepat!
[20:33:12 WIB 2026-09-01] === TRACKING B: SL 4355 | TP1 4450 (L1 close) | TP2 4538 (L2 runner) ===
[20:33:12 WIB 2026-09-01] *** SL KENA *** harga=4351.07 — CUT DISIPLIN, catat hasil
[20:34:12 WIB 2026-09-01] *** SL KENA *** harga=4353.31 — CUT DISIPLIN, catat hasil
[20:34:12 WIB 2026-09-01] [A] SELL LIMIT 4538 belum kena | harga=4353.31 | PINE=FLAT RSI=37.3
[20:34:12 WIB 2026-09-01] >>> BUY LIMIT B KENA @4400 | harga=4353.31 | PINE=FLAT RSI=37.3
[20:34:12 WIB 2026-09-01] >>> PERINGATAN MISS #12: PINE belum konfirmasi BUY — posisi AGRESIF, siap cut cepat!
[20:34:12 WIB 2026-09-01] === TRACKING B: SL 4355 | TP1 4450 (L1 close) | TP2 4538 (L2 runner) ===
[20:34:12 WIB 2026-09-01] *** SL KENA *** harga=4353.31 — CUT DISIPLIN, catat hasil
[20:35:12 WIB 2026-09-01] *** SL KENA *** harga=4354.89 — CUT DISIPLIN, catat hasil
[20:35:12 WIB 2026-09-01] [A] SELL LIMIT 4538 belum kena | harga=4354.89 | PINE=FLAT RSI=37.4
[20:35:12 WIB 2026-09-01] >>> BUY LIMIT B KENA @4400 | harga=4354.89 | PINE=FLAT RSI=37.4
[20:35:12 WIB 2026-09-01] >>> PERINGATAN MISS #12: PINE belum konfirmasi BUY — posisi AGRESIF, siap cut cepat!
[20:35:12 WIB 2026-09-01] === TRACKING B: SL 4355 | TP1 4450 (L1 close) | TP2 4538 (L2 runner) ===
[20:35:12 WIB 2026-09-01] *** SL KENA *** harga=4354.89 — CUT DISIPLIN, catat hasil
[20:36:12 WIB 2026-09-01] *** SL KENA *** harga=4350.81 — CUT DISIPLIN, catat hasil
[20:36:12 WIB 2026-09-01] [A] SELL LIMIT 4538 belum kena | harga=4350.81 | PINE=FLAT RSI=35.5
[20:36:12 WIB 2026-09-01] >>> BUY LIMIT B KENA @4400 | harga=4350.81 | PINE=FLAT RSI=35.5
[20:36:12 WIB 2026-09-01] >>> PERINGATAN MISS #12: PINE belum konfirmasi BUY — posisi AGRESIF, siap cut cepat!
[20:36:12 WIB 2026-09-01] === TRACKING B: SL 4355 | TP1 4450 (L1 close) | TP2 4538 (L2 runner) ===
[20:36:12 WIB 2026-09-01] *** SL KENA *** harga=4350.81 — CUT DISIPLIN, catat hasil
[20:37:12 WIB 2026-09-01] *** SL KENA *** harga=4347.25 — CUT DISIPLIN, catat hasil
[20:37:12 WIB 2026-09-01] [A] SELL LIMIT 4538 belum kena | harga=4347.25 | PINE=FLAT RSI=33.5
[20:37:12 WIB 2026-09-01] >>> BUY LIMIT B KENA @4400 | harga=4347.25 | PINE=FLAT RSI=33.5
[20:37:12 WIB 2026-09-01] >>> PERINGATAN MISS #12: PINE belum konfirmasi BUY — posisi AGRESIF, siap cut cepat!
[20:37:12 WIB 2026-09-01] === TRACKING B: SL 4355 | TP1 4450 (L1 close) | TP2 4538 (L2 runner) ===
[20:37:12 WIB 2026-09-01] *** SL KENA *** harga=4347.25 — CUT DISIPLIN, catat hasil
[20:38:12 WIB 2026-09-01] *** SL KENA *** harga=4356.52 — CUT DISIPLIN, catat hasil
[20:38:12 WIB 2026-09-01] [A] SELL LIMIT 4538 belum kena | harga=4356.52 | PINE=FLAT RSI=38.8
[20:38:12 WIB 2026-09-01] >>> BUY LIMIT B KENA @4400 | harga=4356.52 | PINE=FLAT RSI=38.8
[20:38:12 WIB 2026-09-01] >>> PERINGATAN MISS #12: PINE belum konfirmasi BUY — posisi AGRESIF, siap cut cepat!
[20:38:12 WIB 2026-09-01] === TRACKING B: SL 4355 | TP1 4450 (L1 close) | TP2 4538 (L2 runner) ===
[20:38:12 WIB 2026-09-01] *** SL KENA *** harga=4356.52 — CUT DISIPLIN, catat hasil
[20:39:12 WIB 2026-09-01] *** SL KENA *** harga=4354.91 — CUT DISIPLIN, catat hasil
[20:39:12 WIB 2026-09-01] [A] SELL LIMIT 4538 belum kena | harga=4354.91 | PINE=FLAT RSI=38.7
[20:39:12 WIB 2026-09-01] >>> BUY LIMIT B KENA @4400 | harga=4354.91 | PINE=FLAT RSI=38.7
[20:39:12 WIB 2026-09-01] >>> PERINGATAN MISS #12: PINE belum konfirmasi BUY — posisi AGRESIF, siap cut cepat!
[20:39:12 WIB 2026-09-01] === TRACKING B: SL 4355 | TP1 4450 (L1 close) | TP2 4538 (L2 runner) ===
[20:39:12 WIB 2026-09-01] *** SL KENA *** harga=4354.91 — CUT DISIPLIN, catat hasil
[20:40:12 WIB 2026-09-01] *** SL KENA *** harga=4353.82 — CUT DISIPLIN, catat hasil
[20:40:12 WIB 2026-09-01] [A] SELL LIMIT 4538 belum kena | harga=4353.82 | PINE=FLAT RSI=37.6
[20:40:12 WIB 2026-09-01] >>> BUY LIMIT B KENA @4400 | harga=4353.82 | PINE=FLAT RSI=37.6
[20:40:12 WIB 2026-09-01] >>> PERINGATAN MISS #12: PINE belum konfirmasi BUY — posisi AGRESIF, siap cut cepat!
[20:40:12 WIB 2026-09-01] === TRACKING B: SL 4355 | TP1 4450 (L1 close) | TP2 4538 (L2 runner) ===
[20:40:12 WIB 2026-09-01] *** SL KENA *** harga=4353.82 — CUT DISIPLIN, catat hasil
[20:41:12 WIB 2026-09-01] *** SL KENA *** harga=4354.45 — CUT DISIPLIN, catat hasil
[20:41:12 WIB 2026-09-01] [A] SELL LIMIT 4538 belum kena | harga=4354.45 | PINE=FLAT RSI=38
[20:41:12 WIB 2026-09-01] >>> BUY LIMIT B KENA @4400 | harga=4354.45 | PINE=FLAT RSI=38
[20:41:12 WIB 2026-09-01] >>> PERINGATAN MISS #12: PINE belum konfirmasi BUY — posisi AGRESIF, siap cut cepat!
[20:41:12 WIB 2026-09-01] === TRACKING B: SL 4355 | TP1 4450 (L1 close) | TP2 4538 (L2 runner) ===
[20:41:12 WIB 2026-09-01] *** SL KENA *** harga=4354.45 — CUT DISIPLIN, catat hasil
[20:42:12 WIB 2026-09-01] *** SL KENA *** harga=4352.24 — CUT DISIPLIN, catat hasil
[20:42:12 WIB 2026-09-01] [A] SELL LIMIT 4538 belum kena | harga=4352.24 | PINE=FLAT RSI=36.7
[20:42:12 WIB 2026-09-01] >>> BUY LIMIT B KENA @4400 | harga=4352.24 | PINE=FLAT RSI=36.7
[20:42:12 WIB 2026-09-01] >>> PERINGATAN MISS #12: PINE belum konfirmasi BUY — posisi AGRESIF, siap cut cepat!
[20:42:12 WIB 2026-09-01] === TRACKING B: SL 4355 | TP1 4450 (L1 close) | TP2 4538 (L2 runner) ===
[20:42:12 WIB 2026-09-01] *** SL KENA *** harga=4352.24 — CUT DISIPLIN, catat hasil
[20:43:12 WIB 2026-09-01] *** SL KENA *** harga=4355.47 — CUT DISIPLIN, catat hasil
[20:43:12 WIB 2026-09-01] [A] SELL LIMIT 4538 belum kena | harga=4355.47 | PINE=FLAT RSI=37.6
[20:43:12 WIB 2026-09-01] >>> BUY LIMIT B KENA @4400 | harga=4355.47 | PINE=FLAT RSI=37.6
[20:43:12 WIB 2026-09-01] >>> PERINGATAN MISS #12: PINE belum konfirmasi BUY — posisi AGRESIF, siap cut cepat!
[20:43:12 WIB 2026-09-01] === TRACKING B: SL 4355 | TP1 4450 (L1 close) | TP2 4538 (L2 runner) ===
[20:43:12 WIB 2026-09-01] *** SL KENA *** harga=4355.47 — CUT DISIPLIN, catat hasil
[20:44:12 WIB 2026-09-01] *** SL KENA *** harga=4359.51 — CUT DISIPLIN, catat hasil
[20:44:12 WIB 2026-09-01] [A] SELL LIMIT 4538 belum kena | harga=4359.51 | PINE=FLAT RSI=40.7
[20:44:12 WIB 2026-09-01] >>> BUY LIMIT B KENA @4400 | harga=4359.51 | PINE=FLAT RSI=40.7
[20:44:12 WIB 2026-09-01] >>> PERINGATAN MISS #12: PINE belum konfirmasi BUY — posisi AGRESIF, siap cut cepat!
[20:44:12 WIB 2026-09-01] === TRACKING B: SL 4355 | TP1 4450 (L1 close) | TP2 4538 (L2 runner) ===
[20:44:12 WIB 2026-09-01] *** SL KENA *** harga=4359.51 — CUT DISIPLIN, catat hasil
[20:45:12 WIB 2026-09-01] *** SL KENA *** harga=4361.28 — CUT DISIPLIN, catat hasil
[20:45:12 WIB 2026-09-01] [A] SELL LIMIT 4538 belum kena | harga=4361.28 | PINE=FLAT RSI=41.6
[20:45:12 WIB 2026-09-01] >>> BUY LIMIT B KENA @4400 | harga=4361.28 | PINE=FLAT RSI=41.6
[20:45:12 WIB 2026-09-01] >>> PERINGATAN MISS #12: PINE belum konfirmasi BUY — posisi AGRESIF, siap cut cepat!
[20:45:12 WIB 2026-09-01] === TRACKING B: SL 4355 | TP1 4450 (L1 close) | TP2 4538 (L2 runner) ===
[20:45:12 WIB 2026-09-01] *** SL KENA *** harga=4361.28 — CUT DISIPLIN, catat hasil
[20:46:12 WIB 2026-09-01] [LIVE] floating -37.8 pips | harga=4362.20 | PINE=FLAT RSI=42.1
[20:46:12 WIB 2026-09-01] [A] SELL LIMIT 4538 belum kena | harga=4362.20 | PINE=FLAT RSI=42.1
[20:46:12 WIB 2026-09-01] >>> BUY LIMIT B KENA @4400 | harga=4362.20 | PINE=FLAT RSI=42.1
[20:46:12 WIB 2026-09-01] >>> PERINGATAN MISS #12: PINE belum konfirmasi BUY — posisi AGRESIF, siap cut cepat!
[20:46:12 WIB 2026-09-01] === TRACKING B: SL 4355 | TP1 4450 (L1 close) | TP2 4538 (L2 runner) ===
[20:46:12 WIB 2026-09-01] [B] floating -37.8 pips | harga=4362.20 | PINE=FLAT RSI=42.1
[20:47:12 WIB 2026-09-01] [LIVE] floating -41.2 pips | harga=4358.76 | PINE=FLAT RSI=40.8
[20:47:12 WIB 2026-09-01] [A] SELL LIMIT 4538 belum kena | harga=4358.76 | PINE=FLAT RSI=40.8
[20:47:12 WIB 2026-09-01] >>> BUY LIMIT B KENA @4400 | harga=4358.76 | PINE=FLAT RSI=40.8
[20:47:12 WIB 2026-09-01] >>> PERINGATAN MISS #12: PINE belum konfirmasi BUY — posisi AGRESIF, siap cut cepat!
[20:47:12 WIB 2026-09-01] === TRACKING B: SL 4355 | TP1 4450 (L1 close) | TP2 4538 (L2 runner) ===
[20:47:12 WIB 2026-09-01] [B] floating -41.2 pips | harga=4358.76 | PINE=FLAT RSI=40.8
[20:48:12 WIB 2026-09-01] *** SL KENA *** harga=4358.55 — CUT DISIPLIN, catat hasil
[20:48:12 WIB 2026-09-01] [A] SELL LIMIT 4538 belum kena | harga=4358.55 | PINE=FLAT RSI=40.7
[20:48:12 WIB 2026-09-01] >>> BUY LIMIT B KENA @4400 | harga=4358.55 | PINE=FLAT RSI=40.7
[20:48:12 WIB 2026-09-01] >>> PERINGATAN MISS #12: PINE belum konfirmasi BUY — posisi AGRESIF, siap cut cepat!
[20:48:12 WIB 2026-09-01] === TRACKING B: SL 4355 | TP1 4450 (L1 close) | TP2 4538 (L2 runner) ===
[20:48:12 WIB 2026-09-01] *** SL KENA *** harga=4358.55 — CUT DISIPLIN, catat hasil
[20:49:12 WIB 2026-09-01] *** SL KENA *** harga=4359.68 — CUT DISIPLIN, catat hasil
[20:49:12 WIB 2026-09-01] [A] SELL LIMIT 4538 belum kena | harga=4359.68 | PINE=FLAT RSI=41.1
[20:49:12 WIB 2026-09-01] >>> BUY LIMIT B KENA @4400 | harga=4359.68 | PINE=FLAT RSI=41.1
[20:49:12 WIB 2026-09-01] >>> PERINGATAN MISS #12: PINE belum konfirmasi BUY — posisi AGRESIF, siap cut cepat!
[20:49:12 WIB 2026-09-01] === TRACKING B: SL 4355 | TP1 4450 (L1 close) | TP2 4538 (L2 runner) ===
[20:49:12 WIB 2026-09-01] *** SL KENA *** harga=4359.68 — CUT DISIPLIN, catat hasil
[20:50:12 WIB 2026-09-01] *** SL KENA *** harga=4359.43 — CUT DISIPLIN, catat hasil
[20:50:12 WIB 2026-09-01] [A] SELL LIMIT 4538 belum kena | harga=4359.43 | PINE=FLAT RSI=41
[20:50:12 WIB 2026-09-01] >>> BUY LIMIT B KENA @4400 | harga=4359.43 | PINE=FLAT RSI=41
[20:50:12 WIB 2026-09-01] >>> PERINGATAN MISS #12: PINE belum konfirmasi BUY — posisi AGRESIF, siap cut cepat!
[20:50:12 WIB 2026-09-01] === TRACKING B: SL 4355 | TP1 4450 (L1 close) | TP2 4538 (L2 runner) ===
[20:50:12 WIB 2026-09-01] *** SL KENA *** harga=4359.43 — CUT DISIPLIN, catat hasil
[20:51:12 WIB 2026-09-01] *** SL KENA *** harga=4361.38 — CUT DISIPLIN, catat hasil
[20:51:12 WIB 2026-09-01] [A] SELL LIMIT 4538 belum kena | harga=4361.38 | PINE=FLAT RSI=41.3
[20:51:12 WIB 2026-09-01] >>> BUY LIMIT B KENA @4400 | harga=4361.38 | PINE=FLAT RSI=41.3
[20:51:12 WIB 2026-09-01] >>> PERINGATAN MISS #12: PINE belum konfirmasi BUY — posisi AGRESIF, siap cut cepat!
[20:51:12 WIB 2026-09-01] === TRACKING B: SL 4355 | TP1 4450 (L1 close) | TP2 4538 (L2 runner) ===
[20:51:12 WIB 2026-09-01] *** SL KENA *** harga=4361.38 — CUT DISIPLIN, catat hasil
[20:52:12 WIB 2026-09-01] *** SL KENA *** harga=4361.20 — CUT DISIPLIN, catat hasil
[20:52:12 WIB 2026-09-01] [A] SELL LIMIT 4538 belum kena | harga=4361.20 | PINE=FLAT RSI=41.7
[20:52:12 WIB 2026-09-01] >>> BUY LIMIT B KENA @4400 | harga=4361.20 | PINE=FLAT RSI=41.7
[20:52:12 WIB 2026-09-01] >>> PERINGATAN MISS #12: PINE belum konfirmasi BUY — posisi AGRESIF, siap cut cepat!
[20:52:12 WIB 2026-09-01] === TRACKING B: SL 4355 | TP1 4450 (L1 close) | TP2 4538 (L2 runner) ===
[20:52:12 WIB 2026-09-01] *** SL KENA *** harga=4361.20 — CUT DISIPLIN, catat hasil
[20:53:12 WIB 2026-09-01] *** SL KENA *** harga=4361.16 — CUT DISIPLIN, catat hasil
[20:53:12 WIB 2026-09-01] [A] SELL LIMIT 4538 belum kena | harga=4361.16 | PINE=FLAT RSI=41.7
[20:53:12 WIB 2026-09-01] >>> BUY LIMIT B KENA @4400 | harga=4361.16 | PINE=FLAT RSI=41.7
[20:53:12 WIB 2026-09-01] >>> PERINGATAN MISS #12: PINE belum konfirmasi BUY — posisi AGRESIF, siap cut cepat!
[20:53:12 WIB 2026-09-01] === TRACKING B: SL 4355 | TP1 4450 (L1 close) | TP2 4538 (L2 runner) ===
[20:53:12 WIB 2026-09-01] *** SL KENA *** harga=4361.16 — CUT DISIPLIN, catat hasil
[20:54:12 WIB 2026-09-01] *** SL KENA *** harga=4362.44 — CUT DISIPLIN, catat hasil
[20:54:12 WIB 2026-09-01] [A] SELL LIMIT 4538 belum kena | harga=4362.44 | PINE=FLAT RSI=42.3
[20:54:12 WIB 2026-09-01] >>> BUY LIMIT B KENA @4400 | harga=4362.44 | PINE=FLAT RSI=42.3
[20:54:12 WIB 2026-09-01] >>> PERINGATAN MISS #12: PINE belum konfirmasi BUY — posisi AGRESIF, siap cut cepat!
[20:54:12 WIB 2026-09-01] === TRACKING B: SL 4355 | TP1 4450 (L1 close) | TP2 4538 (L2 runner) ===
[20:54:12 WIB 2026-09-01] *** SL KENA *** harga=4362.44 — CUT DISIPLIN, catat hasil
[20:55:12 WIB 2026-09-01] *** SL KENA *** harga=4358.17 — CUT DISIPLIN, catat hasil
[20:55:12 WIB 2026-09-01] [A] SELL LIMIT 4538 belum kena | harga=4358.17 | PINE=FLAT RSI=40.5
[20:55:12 WIB 2026-09-01] >>> BUY LIMIT B KENA @4400 | harga=4358.17 | PINE=FLAT RSI=40.5
[20:55:12 WIB 2026-09-01] >>> PERINGATAN MISS #12: PINE belum konfirmasi BUY — posisi AGRESIF, siap cut cepat!
[20:55:12 WIB 2026-09-01] === TRACKING B: SL 4355 | TP1 4450 (L1 close) | TP2 4538 (L2 runner) ===
[20:55:12 WIB 2026-09-01] *** SL KENA *** harga=4358.17 — CUT DISIPLIN, catat hasil
[20:56:12 WIB 2026-09-01] *** SL KENA *** harga=4359.65 — CUT DISIPLIN, catat hasil
[20:56:12 WIB 2026-09-01] [A] SELL LIMIT 4538 belum kena | harga=4359.65 | PINE=FLAT RSI=41.1
[20:56:12 WIB 2026-09-01] >>> BUY LIMIT B KENA @4400 | harga=4359.65 | PINE=FLAT RSI=41.1
[20:56:12 WIB 2026-09-01] >>> PERINGATAN MISS #12: PINE belum konfirmasi BUY — posisi AGRESIF, siap cut cepat!
[20:56:12 WIB 2026-09-01] === TRACKING B: SL 4355 | TP1 4450 (L1 close) | TP2 4538 (L2 runner) ===
[20:56:12 WIB 2026-09-01] *** SL KENA *** harga=4359.65 — CUT DISIPLIN, catat hasil
[20:57:12 WIB 2026-09-01] *** SL KENA *** harga=4362.45 — CUT DISIPLIN, catat hasil
[20:57:12 WIB 2026-09-01] [A] SELL LIMIT 4538 belum kena | harga=4362.45 | PINE=FLAT RSI=42.3
[20:57:12 WIB 2026-09-01] >>> BUY LIMIT B KENA @4400 | harga=4362.45 | PINE=FLAT RSI=42.3
[20:57:12 WIB 2026-09-01] >>> PERINGATAN MISS #12: PINE belum konfirmasi BUY — posisi AGRESIF, siap cut cepat!
[20:57:12 WIB 2026-09-01] === TRACKING B: SL 4355 | TP1 4450 (L1 close) | TP2 4538 (L2 runner) ===
[20:57:12 WIB 2026-09-01] *** SL KENA *** harga=4362.45 — CUT DISIPLIN, catat hasil
[20:58:12 WIB 2026-09-01] *** SL KENA *** harga=4360.98 — CUT DISIPLIN, catat hasil
[20:58:12 WIB 2026-09-01] [A] SELL LIMIT 4538 belum kena | harga=4360.98 | PINE=FLAT RSI=41.6
[20:58:12 WIB 2026-09-01] >>> BUY LIMIT B KENA @4400 | harga=4360.98 | PINE=FLAT RSI=41.6
[20:58:12 WIB 2026-09-01] >>> PERINGATAN MISS #12: PINE belum konfirmasi BUY — posisi AGRESIF, siap cut cepat!
[20:58:12 WIB 2026-09-01] === TRACKING B: SL 4355 | TP1 4450 (L1 close) | TP2 4538 (L2 runner) ===
[20:58:12 WIB 2026-09-01] *** SL KENA *** harga=4360.98 — CUT DISIPLIN, catat hasil
[20:59:12 WIB 2026-09-01] *** SL KENA *** harga=4360.74 — CUT DISIPLIN, catat hasil
[20:59:12 WIB 2026-09-01] [A] SELL LIMIT 4538 belum kena | harga=4360.74 | PINE=FLAT RSI=41.5
[20:59:12 WIB 2026-09-01] >>> BUY LIMIT B KENA @4400 | harga=4360.74 | PINE=FLAT RSI=41.5
[20:59:12 WIB 2026-09-01] >>> PERINGATAN MISS #12: PINE belum konfirmasi BUY — posisi AGRESIF, siap cut cepat!
[20:59:12 WIB 2026-09-01] === TRACKING B: SL 4355 | TP1 4450 (L1 close) | TP2 4538 (L2 runner) ===
[20:59:12 WIB 2026-09-01] *** SL KENA *** harga=4360.74 — CUT DISIPLIN, catat hasil
[21:00:12 WIB 2026-09-01] *** SL KENA *** harga=4366.64 — CUT DISIPLIN, catat hasil
[21:00:12 WIB 2026-09-01] [A] SELL LIMIT 4538 belum kena | harga=4366.64 | PINE=FLAT RSI=44.4
[21:00:12 WIB 2026-09-01] >>> BUY LIMIT B KENA @4400 | harga=4366.64 | PINE=FLAT RSI=44.4
[21:00:12 WIB 2026-09-01] >>> PERINGATAN MISS #12: PINE belum konfirmasi BUY — posisi AGRESIF, siap cut cepat!
[21:00:12 WIB 2026-09-01] === TRACKING B: SL 4355 | TP1 4450 (L1 close) | TP2 4538 (L2 runner) ===
[21:00:12 WIB 2026-09-01] *** SL KENA *** harga=4366.64 — CUT DISIPLIN, catat hasil
[21:01:12 WIB 2026-09-01] [LIVE] floating -38.7 pips | harga=4361.30 | PINE=FLAT RSI=42.1
[21:01:12 WIB 2026-09-01] [A] SELL LIMIT 4538 belum kena | harga=4361.30 | PINE=FLAT RSI=42.1
[21:01:12 WIB 2026-09-01] >>> BUY LIMIT B KENA @4400 | harga=4361.30 | PINE=FLAT RSI=42.1
[21:01:12 WIB 2026-09-01] >>> PERINGATAN MISS #12: PINE belum konfirmasi BUY — posisi AGRESIF, siap cut cepat!
[21:01:12 WIB 2026-09-01] === TRACKING B: SL 4355 | TP1 4450 (L1 close) | TP2 4538 (L2 runner) ===
[21:01:12 WIB 2026-09-01] [B] floating -38.7 pips | harga=4361.30 | PINE=FLAT RSI=42.1
[21:02:12 WIB 2026-09-01] [LIVE] floating -38.0 pips | harga=4362.01 | PINE=FLAT RSI=42.4
[21:02:12 WIB 2026-09-01] [A] SELL LIMIT 4538 belum kena | harga=4362.01 | PINE=FLAT RSI=42.4
[21:02:12 WIB 2026-09-01] >>> BUY LIMIT B KENA @4400 | harga=4362.01 | PINE=FLAT RSI=42.4
[21:02:12 WIB 2026-09-01] >>> PERINGATAN MISS #12: PINE belum konfirmasi BUY — posisi AGRESIF, siap cut cepat!
[21:02:12 WIB 2026-09-01] === TRACKING B: SL 4355 | TP1 4450 (L1 close) | TP2 4538 (L2 runner) ===
[21:02:12 WIB 2026-09-01] [B] floating -38.0 pips | harga=4362.01 | PINE=FLAT RSI=42.4
[21:03:12 WIB 2026-09-01] [LIVE] floating -40.6 pips | harga=4359.41 | PINE=FLAT RSI=41.4
[21:03:12 WIB 2026-09-01] [A] SELL LIMIT 4538 belum kena | harga=4359.41 | PINE=FLAT RSI=41.4
[21:03:12 WIB 2026-09-01] >>> BUY LIMIT B KENA @4400 | harga=4359.41 | PINE=FLAT RSI=41.4
[21:03:12 WIB 2026-09-01] >>> PERINGATAN MISS #12: PINE belum konfirmasi BUY — posisi AGRESIF, siap cut cepat!
[21:03:12 WIB 2026-09-01] === TRACKING B: SL 4355 | TP1 4450 (L1 close) | TP2 4538 (L2 runner) ===
[21:03:12 WIB 2026-09-01] [B] floating -40.6 pips | harga=4359.41 | PINE=FLAT RSI=41.4
[21:04:12 WIB 2026-09-01] *** SL KENA *** harga=4357.23 — CUT DISIPLIN, catat hasil
[21:04:12 WIB 2026-09-01] [A] SELL LIMIT 4538 belum kena | harga=4357.23 | PINE=FLAT RSI=40.2
[21:04:12 WIB 2026-09-01] >>> BUY LIMIT B KENA @4400 | harga=4357.23 | PINE=FLAT RSI=40.2
[21:04:12 WIB 2026-09-01] >>> PERINGATAN MISS #12: PINE belum konfirmasi BUY — posisi AGRESIF, siap cut cepat!
[21:04:12 WIB 2026-09-01] === TRACKING B: SL 4355 | TP1 4450 (L1 close) | TP2 4538 (L2 runner) ===
[21:04:12 WIB 2026-09-01] *** SL KENA *** harga=4357.23 — CUT DISIPLIN, catat hasil
[21:05:12 WIB 2026-09-01] *** SL KENA *** harga=4354.90 — CUT DISIPLIN, catat hasil
[21:05:12 WIB 2026-09-01] [A] SELL LIMIT 4538 belum kena | harga=4354.90 | PINE=FLAT RSI=39.9
[21:05:12 WIB 2026-09-01] >>> BUY LIMIT B KENA @4400 | harga=4354.90 | PINE=FLAT RSI=39.9
[21:05:12 WIB 2026-09-01] >>> PERINGATAN MISS #12: PINE belum konfirmasi BUY — posisi AGRESIF, siap cut cepat!
[21:05:12 WIB 2026-09-01] === TRACKING B: SL 4355 | TP1 4450 (L1 close) | TP2 4538 (L2 runner) ===
[21:05:12 WIB 2026-09-01] *** SL KENA *** harga=4354.90 — CUT DISIPLIN, catat hasil
[21:06:12 WIB 2026-09-01] *** SL KENA *** harga=4355.43 — CUT DISIPLIN, catat hasil
[21:06:12 WIB 2026-09-01] [A] SELL LIMIT 4538 belum kena | harga=4355.43 | PINE=FLAT RSI=40.2
[21:06:12 WIB 2026-09-01] >>> BUY LIMIT B KENA @4400 | harga=4355.43 | PINE=FLAT RSI=40.2
[21:06:12 WIB 2026-09-01] >>> PERINGATAN MISS #12: PINE belum konfirmasi BUY — posisi AGRESIF, siap cut cepat!
[21:06:12 WIB 2026-09-01] === TRACKING B: SL 4355 | TP1 4450 (L1 close) | TP2 4538 (L2 runner) ===
[21:06:12 WIB 2026-09-01] *** SL KENA *** harga=4355.43 — CUT DISIPLIN, catat hasil
[21:07:12 WIB 2026-09-01] *** SL KENA *** harga=4360.53 — CUT DISIPLIN, catat hasil
[21:07:12 WIB 2026-09-01] [A] SELL LIMIT 4538 belum kena | harga=4360.53 | PINE=FLAT RSI=41.5
[21:07:12 WIB 2026-09-01] >>> BUY LIMIT B KENA @4400 | harga=4360.53 | PINE=FLAT RSI=41.5
[21:07:12 WIB 2026-09-01] >>> PERINGATAN MISS #12: PINE belum konfirmasi BUY — posisi AGRESIF, siap cut cepat!
[21:07:12 WIB 2026-09-01] === TRACKING B: SL 4355 | TP1 4450 (L1 close) | TP2 4538 (L2 runner) ===
[21:07:12 WIB 2026-09-01] *** SL KENA *** harga=4360.53 — CUT DISIPLIN, catat hasil
[21:08:12 WIB 2026-09-01] *** SL KENA *** harga=4362.37 — CUT DISIPLIN, catat hasil
[21:08:12 WIB 2026-09-01] [A] SELL LIMIT 4538 belum kena | harga=4362.37 | PINE=FLAT RSI=42.5
[21:08:12 WIB 2026-09-01] >>> BUY LIMIT B KENA @4400 | harga=4362.37 | PINE=FLAT RSI=42.5
[21:08:12 WIB 2026-09-01] >>> PERINGATAN MISS #12: PINE belum konfirmasi BUY — posisi AGRESIF, siap cut cepat!
[21:08:12 WIB 2026-09-01] === TRACKING B: SL 4355 | TP1 4450 (L1 close) | TP2 4538 (L2 runner) ===
[21:08:12 WIB 2026-09-01] *** SL KENA *** harga=4362.37 — CUT DISIPLIN, catat hasil
[21:09:12 WIB 2026-09-01] *** SL KENA *** harga=4365.36 — CUT DISIPLIN, catat hasil
[21:09:12 WIB 2026-09-01] [A] SELL LIMIT 4538 belum kena | harga=4365.36 | PINE=FLAT RSI=43.8
[21:09:12 WIB 2026-09-01] >>> BUY LIMIT B KENA @4400 | harga=4365.36 | PINE=FLAT RSI=43.8
[21:09:12 WIB 2026-09-01] >>> PERINGATAN MISS #12: PINE belum konfirmasi BUY — posisi AGRESIF, siap cut cepat!
[21:09:12 WIB 2026-09-01] === TRACKING B: SL 4355 | TP1 4450 (L1 close) | TP2 4538 (L2 runner) ===
[21:09:12 WIB 2026-09-01] *** SL KENA *** harga=4365.36 — CUT DISIPLIN, catat hasil
[21:10:12 WIB 2026-09-01] *** SL KENA *** harga=4366.91 — CUT DISIPLIN, catat hasil
[21:10:12 WIB 2026-09-01] [A] SELL LIMIT 4538 belum kena | harga=4366.91 | PINE=FLAT RSI=44.6
[21:10:12 WIB 2026-09-01] >>> BUY LIMIT B KENA @4400 | harga=4366.91 | PINE=FLAT RSI=44.6
[21:10:12 WIB 2026-09-01] >>> PERINGATAN MISS #12: PINE belum konfirmasi BUY — posisi AGRESIF, siap cut cepat!
[21:10:12 WIB 2026-09-01] === TRACKING B: SL 4355 | TP1 4450 (L1 close) | TP2 4538 (L2 runner) ===
[21:10:12 WIB 2026-09-01] *** SL KENA *** harga=4366.91 — CUT DISIPLIN, catat hasil
[21:11:12 WIB 2026-09-01] *** SL KENA *** harga=4367.13 — CUT DISIPLIN, catat hasil
[21:11:12 WIB 2026-09-01] [A] SELL LIMIT 4538 belum kena | harga=4367.13 | PINE=FLAT RSI=44.7
[21:11:12 WIB 2026-09-01] >>> BUY LIMIT B KENA @4400 | harga=4367.13 | PINE=FLAT RSI=44.7
[21:11:12 WIB 2026-09-01] >>> PERINGATAN MISS #12: PINE belum konfirmasi BUY — posisi AGRESIF, siap cut cepat!
[21:11:12 WIB 2026-09-01] === TRACKING B: SL 4355 | TP1 4450 (L1 close) | TP2 4538 (L2 runner) ===
[21:11:12 WIB 2026-09-01] *** SL KENA *** harga=4367.13 — CUT DISIPLIN, catat hasil
[21:12:12 WIB 2026-09-01] *** SL KENA *** harga=4366.48 — CUT DISIPLIN, catat hasil
[21:12:12 WIB 2026-09-01] [A] SELL LIMIT 4538 belum kena | harga=4366.48 | PINE=FLAT RSI=44.4
[21:12:12 WIB 2026-09-01] >>> BUY LIMIT B KENA @4400 | harga=4366.48 | PINE=FLAT RSI=44.4
[21:12:12 WIB 2026-09-01] >>> PERINGATAN MISS #12: PINE belum konfirmasi BUY — posisi AGRESIF, siap cut cepat!
[21:12:12 WIB 2026-09-01] === TRACKING B: SL 4355 | TP1 4450 (L1 close) | TP2 4538 (L2 runner) ===
[21:12:12 WIB 2026-09-01] *** SL KENA *** harga=4366.48 — CUT DISIPLIN, catat hasil
[21:13:12 WIB 2026-09-01] *** SL KENA *** harga=4362.69 — CUT DISIPLIN, catat hasil
[21:13:12 WIB 2026-09-01] [A] SELL LIMIT 4538 belum kena | harga=4362.69 | PINE=FLAT RSI=42.7
[21:13:12 WIB 2026-09-01] >>> BUY LIMIT B KENA @4400 | harga=4362.69 | PINE=FLAT RSI=42.7
[21:13:12 WIB 2026-09-01] >>> PERINGATAN MISS #12: PINE belum konfirmasi BUY — posisi AGRESIF, siap cut cepat!
[21:13:12 WIB 2026-09-01] === TRACKING B: SL 4355 | TP1 4450 (L1 close) | TP2 4538 (L2 runner) ===
[21:13:12 WIB 2026-09-01] *** SL KENA *** harga=4362.69 — CUT DISIPLIN, catat hasil
[21:14:12 WIB 2026-09-01] *** SL KENA *** harga=4363.98 — CUT DISIPLIN, catat hasil
[21:14:12 WIB 2026-09-01] [A] SELL LIMIT 4538 belum kena | harga=4363.98 | PINE=FLAT RSI=43.2
[21:14:12 WIB 2026-09-01] >>> BUY LIMIT B KENA @4400 | harga=4363.98 | PINE=FLAT RSI=43.2
[21:14:12 WIB 2026-09-01] >>> PERINGATAN MISS #12: PINE belum konfirmasi BUY — posisi AGRESIF, siap cut cepat!
[21:14:12 WIB 2026-09-01] === TRACKING B: SL 4355 | TP1 4450 (L1 close) | TP2 4538 (L2 runner) ===
[21:14:12 WIB 2026-09-01] *** SL KENA *** harga=4363.98 — CUT DISIPLIN, catat hasil
[21:15:12 WIB 2026-09-01] *** SL KENA *** harga=4370.10 — CUT DISIPLIN, catat hasil
[21:15:12 WIB 2026-09-01] [A] SELL LIMIT 4538 belum kena | harga=4370.10 | PINE=FLAT RSI=46.3
[21:15:12 WIB 2026-09-01] >>> BUY LIMIT B KENA @4400 | harga=4370.10 | PINE=FLAT RSI=46.3
[21:15:12 WIB 2026-09-01] >>> PERINGATAN MISS #12: PINE belum konfirmasi BUY — posisi AGRESIF, siap cut cepat!
[21:15:12 WIB 2026-09-01] === TRACKING B: SL 4355 | TP1 4450 (L1 close) | TP2 4538 (L2 runner) ===
[21:15:12 WIB 2026-09-01] *** SL KENA *** harga=4370.10 — CUT DISIPLIN, catat hasil
[21:16:12 WIB 2026-09-01] [LIVE] floating -30.3 pips | harga=4369.74 | PINE=FLAT RSI=46.1
[21:16:12 WIB 2026-09-01] [A] SELL LIMIT 4538 belum kena | harga=4369.74 | PINE=FLAT RSI=46.1
[21:16:12 WIB 2026-09-01] >>> BUY LIMIT B KENA @4400 | harga=4369.74 | PINE=FLAT RSI=46.1
[21:16:12 WIB 2026-09-01] >>> PERINGATAN MISS #12: PINE belum konfirmasi BUY — posisi AGRESIF, siap cut cepat!
[21:16:12 WIB 2026-09-01] === TRACKING B: SL 4355 | TP1 4450 (L1 close) | TP2 4538 (L2 runner) ===
[21:16:12 WIB 2026-09-01] [B] floating -30.3 pips | harga=4369.74 | PINE=FLAT RSI=46.1
[21:17:12 WIB 2026-09-01] [LIVE] floating -27.4 pips | harga=4372.63 | PINE=FLAT RSI=47.6
[21:17:12 WIB 2026-09-01] [A] SELL LIMIT 4538 belum kena | harga=4372.63 | PINE=FLAT RSI=47.6
[21:17:12 WIB 2026-09-01] >>> BUY LIMIT B KENA @4400 | harga=4372.63 | PINE=FLAT RSI=47.6
[21:17:12 WIB 2026-09-01] >>> PERINGATAN MISS #12: PINE belum konfirmasi BUY — posisi AGRESIF, siap cut cepat!
[21:17:12 WIB 2026-09-01] === TRACKING B: SL 4355 | TP1 4450 (L1 close) | TP2 4538 (L2 runner) ===
[21:17:12 WIB 2026-09-01] [B] floating -27.4 pips | harga=4372.63 | PINE=FLAT RSI=47.6
[21:18:12 WIB 2026-09-01] [LIVE] floating -29.5 pips | harga=4370.51 | PINE=FLAT RSI=46.5
[21:18:12 WIB 2026-09-01] [A] SELL LIMIT 4538 belum kena | harga=4370.51 | PINE=FLAT RSI=46.5
[21:18:12 WIB 2026-09-01] >>> BUY LIMIT B KENA @4400 | harga=4370.51 | PINE=FLAT RSI=46.5
[21:18:12 WIB 2026-09-01] >>> PERINGATAN MISS #12: PINE belum konfirmasi BUY — posisi AGRESIF, siap cut cepat!
[21:18:12 WIB 2026-09-01] === TRACKING B: SL 4355 | TP1 4450 (L1 close) | TP2 4538 (L2 runner) ===
[21:18:12 WIB 2026-09-01] [B] floating -29.5 pips | harga=4370.51 | PINE=FLAT RSI=46.5
[21:19:12 WIB 2026-09-01] [LIVE] floating -27.3 pips | harga=4372.69 | PINE=FLAT RSI=47.7
[21:19:12 WIB 2026-09-01] [A] SELL LIMIT 4538 belum kena | harga=4372.69 | PINE=FLAT RSI=47.7
[21:19:12 WIB 2026-09-01] >>> BUY LIMIT B KENA @4400 | harga=4372.69 | PINE=FLAT RSI=47.7
[21:19:12 WIB 2026-09-01] >>> PERINGATAN MISS #12: PINE belum konfirmasi BUY — posisi AGRESIF, siap cut cepat!
[21:19:12 WIB 2026-09-01] === TRACKING B: SL 4355 | TP1 4450 (L1 close) | TP2 4538 (L2 runner) ===
[21:19:12 WIB 2026-09-01] [B] floating -27.3 pips | harga=4372.69 | PINE=FLAT RSI=47.7
[21:20:12 WIB 2026-09-01] [LIVE] floating -28.2 pips | harga=4371.84 | PINE=FLAT RSI=47.2
[21:20:12 WIB 2026-09-01] [A] SELL LIMIT 4538 belum kena | harga=4371.84 | PINE=FLAT RSI=47.2
[21:20:12 WIB 2026-09-01] >>> BUY LIMIT B KENA @4400 | harga=4371.84 | PINE=FLAT RSI=47.2
[21:20:12 WIB 2026-09-01] >>> PERINGATAN MISS #12: PINE belum konfirmasi BUY — posisi AGRESIF, siap cut cepat!
[21:20:12 WIB 2026-09-01] === TRACKING B: SL 4355 | TP1 4450 (L1 close) | TP2 4538 (L2 runner) ===
[21:20:12 WIB 2026-09-01] [B] floating -28.2 pips | harga=4371.84 | PINE=FLAT RSI=47.2
[21:21:12 WIB 2026-09-01] [LIVE] floating -26.5 pips | harga=4373.50 | PINE=FLAT RSI=48
[21:21:12 WIB 2026-09-01] [A] SELL LIMIT 4538 belum kena | harga=4373.50 | PINE=FLAT RSI=48
[21:21:12 WIB 2026-09-01] >>> BUY LIMIT B KENA @4400 | harga=4373.50 | PINE=FLAT RSI=48
[21:21:12 WIB 2026-09-01] >>> PERINGATAN MISS #12: PINE belum konfirmasi BUY — posisi AGRESIF, siap cut cepat!
[21:21:12 WIB 2026-09-01] === TRACKING B: SL 4355 | TP1 4450 (L1 close) | TP2 4538 (L2 runner) ===
[21:21:12 WIB 2026-09-01] [B] floating -26.5 pips | harga=4373.50 | PINE=FLAT RSI=48
[21:22:12 WIB 2026-09-01] [LIVE] floating -26.9 pips | harga=4373.06 | PINE=FLAT RSI=47.8
[21:22:12 WIB 2026-09-01] [A] SELL LIMIT 4538 belum kena | harga=4373.06 | PINE=FLAT RSI=47.8
[21:22:12 WIB 2026-09-01] >>> BUY LIMIT B KENA @4400 | harga=4373.06 | PINE=FLAT RSI=47.8
[21:22:12 WIB 2026-09-01] >>> PERINGATAN MISS #12: PINE belum konfirmasi BUY — posisi AGRESIF, siap cut cepat!
[21:22:12 WIB 2026-09-01] === TRACKING B: SL 4355 | TP1 4450 (L1 close) | TP2 4538 (L2 runner) ===
[21:22:12 WIB 2026-09-01] [B] floating -26.9 pips | harga=4373.06 | PINE=FLAT RSI=47.8
[21:23:12 WIB 2026-09-01] [LIVE] floating -25.7 pips | harga=4374.31 | PINE=FLAT RSI=48.1
[21:23:12 WIB 2026-09-01] [A] SELL LIMIT 4538 belum kena | harga=4374.31 | PINE=FLAT RSI=48.1
[21:23:12 WIB 2026-09-01] >>> BUY LIMIT B KENA @4400 | harga=4374.31 | PINE=FLAT RSI=48.1
[21:23:12 WIB 2026-09-01] >>> PERINGATAN MISS #12: PINE belum konfirmasi BUY — posisi AGRESIF, siap cut cepat!
[21:23:12 WIB 2026-09-01] === TRACKING B: SL 4355 | TP1 4450 (L1 close) | TP2 4538 (L2 runner) ===
[21:23:12 WIB 2026-09-01] [B] floating -25.7 pips | harga=4374.31 | PINE=FLAT RSI=48.1
[21:24:12 WIB 2026-09-01] [LIVE] floating -25.0 pips | harga=4374.95 | PINE=FLAT RSI=48.7
[21:24:12 WIB 2026-09-01] [A] SELL LIMIT 4538 belum kena | harga=4374.95 | PINE=FLAT RSI=48.7
[21:24:12 WIB 2026-09-01] >>> BUY LIMIT B KENA @4400 | harga=4374.95 | PINE=FLAT RSI=48.7
[21:24:12 WIB 2026-09-01] >>> PERINGATAN MISS #12: PINE belum konfirmasi BUY — posisi AGRESIF, siap cut cepat!
[21:24:12 WIB 2026-09-01] === TRACKING B: SL 4355 | TP1 4450 (L1 close) | TP2 4538 (L2 runner) ===
[21:24:12 WIB 2026-09-01] [B] floating -25.0 pips | harga=4374.95 | PINE=FLAT RSI=48.7
[21:25:12 WIB 2026-09-01] [LIVE] floating -26.1 pips | harga=4373.87 | PINE=FLAT RSI=48.2
[21:25:12 WIB 2026-09-01] [A] SELL LIMIT 4538 belum kena | harga=4373.87 | PINE=FLAT RSI=48.2
[21:25:12 WIB 2026-09-01] >>> BUY LIMIT B KENA @4400 | harga=4373.87 | PINE=FLAT RSI=48.2
[21:25:12 WIB 2026-09-01] >>> PERINGATAN MISS #12: PINE belum konfirmasi BUY — posisi AGRESIF, siap cut cepat!
[21:25:12 WIB 2026-09-01] === TRACKING B: SL 4355 | TP1 4450 (L1 close) | TP2 4538 (L2 runner) ===
[21:25:12 WIB 2026-09-01] [B] floating -26.1 pips | harga=4373.87 | PINE=FLAT RSI=48.2
[21:26:12 WIB 2026-09-01] [LIVE] floating -26.0 pips | harga=4373.97 | PINE=FLAT RSI=48.3
[21:26:12 WIB 2026-09-01] [A] SELL LIMIT 4538 belum kena | harga=4373.97 | PINE=FLAT RSI=48.3
[21:26:12 WIB 2026-09-01] >>> BUY LIMIT B KENA @4400 | harga=4373.97 | PINE=FLAT RSI=48.3
[21:26:12 WIB 2026-09-01] >>> PERINGATAN MISS #12: PINE belum konfirmasi BUY — posisi AGRESIF, siap cut cepat!
[21:26:12 WIB 2026-09-01] === TRACKING B: SL 4355 | TP1 4450 (L1 close) | TP2 4538 (L2 runner) ===
[21:26:12 WIB 2026-09-01] [B] floating -26.0 pips | harga=4373.97 | PINE=FLAT RSI=48.3
[21:27:12 WIB 2026-09-01] [LIVE] floating -30.9 pips | harga=4369.07 | PINE=FLAT RSI=45.8
[21:27:12 WIB 2026-09-01] [A] SELL LIMIT 4538 belum kena | harga=4369.07 | PINE=FLAT RSI=45.8
[21:27:12 WIB 2026-09-01] >>> BUY LIMIT B KENA @4400 | harga=4369.07 | PINE=FLAT RSI=45.8
[21:27:12 WIB 2026-09-01] >>> PERINGATAN MISS #12: PINE belum konfirmasi BUY — posisi AGRESIF, siap cut cepat!
[21:27:12 WIB 2026-09-01] === TRACKING B: SL 4355 | TP1 4450 (L1 close) | TP2 4538 (L2 runner) ===
[21:27:12 WIB 2026-09-01] [B] floating -30.9 pips | harga=4369.07 | PINE=FLAT RSI=45.8
[21:28:12 WIB 2026-09-01] [LIVE] floating -31.2 pips | harga=4368.77 | PINE=FLAT RSI=45.7
[21:28:12 WIB 2026-09-01] [A] SELL LIMIT 4538 belum kena | harga=4368.77 | PINE=FLAT RSI=45.7
[21:28:12 WIB 2026-09-01] >>> BUY LIMIT B KENA @4400 | harga=4368.77 | PINE=FLAT RSI=45.7
[21:28:12 WIB 2026-09-01] >>> PERINGATAN MISS #12: PINE belum konfirmasi BUY — posisi AGRESIF, siap cut cepat!
[21:28:12 WIB 2026-09-01] === TRACKING B: SL 4355 | TP1 4450 (L1 close) | TP2 4538 (L2 runner) ===
[21:28:12 WIB 2026-09-01] [B] floating -31.2 pips | harga=4368.77 | PINE=FLAT RSI=45.7
[21:29:12 WIB 2026-09-01] [LIVE] floating -31.3 pips | harga=4368.70 | PINE=FLAT RSI=45.6
[21:29:12 WIB 2026-09-01] [A] SELL LIMIT 4538 belum kena | harga=4368.70 | PINE=FLAT RSI=45.6
[21:29:12 WIB 2026-09-01] >>> BUY LIMIT B KENA @4400 | harga=4368.70 | PINE=FLAT RSI=45.6
[21:29:12 WIB 2026-09-01] >>> PERINGATAN MISS #12: PINE belum konfirmasi BUY — posisi AGRESIF, siap cut cepat!
[21:29:12 WIB 2026-09-01] === TRACKING B: SL 4355 | TP1 4450 (L1 close) | TP2 4538 (L2 runner) ===
[21:29:12 WIB 2026-09-01] [B] floating -31.3 pips | harga=4368.70 | PINE=FLAT RSI=45.6
[21:30:12 WIB 2026-09-01] [LIVE] floating -32.7 pips | harga=4367.26 | PINE=FLAT RSI=45
[21:30:12 WIB 2026-09-01] [A] SELL LIMIT 4538 belum kena | harga=4367.26 | PINE=FLAT RSI=45
[21:30:12 WIB 2026-09-01] >>> BUY LIMIT B KENA @4400 | harga=4367.26 | PINE=FLAT RSI=45
[21:30:12 WIB 2026-09-01] >>> PERINGATAN MISS #12: PINE belum konfirmasi BUY — posisi AGRESIF, siap cut cepat!
[21:30:12 WIB 2026-09-01] === TRACKING B: SL 4355 | TP1 4450 (L1 close) | TP2 4538 (L2 runner) ===
[21:30:12 WIB 2026-09-01] [B] floating -32.7 pips | harga=4367.26 | PINE=FLAT RSI=45
[21:31:12 WIB 2026-09-01] [LIVE] floating -31.9 pips | harga=4368.14 | PINE=FLAT RSI=45.7
[21:31:12 WIB 2026-09-01] [A] SELL LIMIT 4538 belum kena | harga=4368.14 | PINE=FLAT RSI=45.7
[21:31:12 WIB 2026-09-01] >>> BUY LIMIT B KENA @4400 | harga=4368.14 | PINE=FLAT RSI=45.7
[21:31:12 WIB 2026-09-01] >>> PERINGATAN MISS #12: PINE belum konfirmasi BUY — posisi AGRESIF, siap cut cepat!
[21:31:12 WIB 2026-09-01] === TRACKING B: SL 4355 | TP1 4450 (L1 close) | TP2 4538 (L2 runner) ===
[21:31:12 WIB 2026-09-01] [B] floating -31.9 pips | harga=4368.14 | PINE=FLAT RSI=45.7
[21:32:12 WIB 2026-09-01] [LIVE] floating -30.4 pips | harga=4369.64 | PINE=FLAT RSI=46.5
[21:32:12 WIB 2026-09-01] [A] SELL LIMIT 4538 belum kena | harga=4369.64 | PINE=FLAT RSI=46.5
[21:32:12 WIB 2026-09-01] >>> BUY LIMIT B KENA @4400 | harga=4369.64 | PINE=FLAT RSI=46.5
[21:32:12 WIB 2026-09-01] >>> PERINGATAN MISS #12: PINE belum konfirmasi BUY — posisi AGRESIF, siap cut cepat!
[21:32:12 WIB 2026-09-01] === TRACKING B: SL 4355 | TP1 4450 (L1 close) | TP2 4538 (L2 runner) ===
[21:32:12 WIB 2026-09-01] [B] floating -30.4 pips | harga=4369.64 | PINE=FLAT RSI=46.5
[21:33:12 WIB 2026-09-01] [LIVE] floating -31.6 pips | harga=4368.41 | PINE=FLAT RSI=45.5
[21:33:12 WIB 2026-09-01] [A] SELL LIMIT 4538 belum kena | harga=4368.41 | PINE=FLAT RSI=45.5
[21:33:12 WIB 2026-09-01] >>> BUY LIMIT B KENA @4400 | harga=4368.41 | PINE=FLAT RSI=45.5
[21:33:12 WIB 2026-09-01] >>> PERINGATAN MISS #12: PINE belum konfirmasi BUY — posisi AGRESIF, siap cut cepat!
[21:33:12 WIB 2026-09-01] === TRACKING B: SL 4355 | TP1 4450 (L1 close) | TP2 4538 (L2 runner) ===
[21:33:12 WIB 2026-09-01] [B] floating -31.6 pips | harga=4368.41 | PINE=FLAT RSI=45.5
[21:34:12 WIB 2026-09-01] [LIVE] floating -28.7 pips | harga=4371.26 | PINE=FLAT RSI=47.2
[21:34:12 WIB 2026-09-01] [A] SELL LIMIT 4538 belum kena | harga=4371.26 | PINE=FLAT RSI=47.2
[21:34:12 WIB 2026-09-01] >>> BUY LIMIT B KENA @4400 | harga=4371.26 | PINE=FLAT RSI=47.2
[21:34:12 WIB 2026-09-01] >>> PERINGATAN MISS #12: PINE belum konfirmasi BUY — posisi AGRESIF, siap cut cepat!
[21:34:12 WIB 2026-09-01] === TRACKING B: SL 4355 | TP1 4450 (L1 close) | TP2 4538 (L2 runner) ===
[21:34:12 WIB 2026-09-01] [B] floating -28.7 pips | harga=4371.26 | PINE=FLAT RSI=47.2
[21:35:12 WIB 2026-09-01] [LIVE] floating -27.9 pips | harga=4372.06 | PINE=FLAT RSI=47.7
[21:35:12 WIB 2026-09-01] [A] SELL LIMIT 4538 belum kena | harga=4372.06 | PINE=FLAT RSI=47.7
[21:35:12 WIB 2026-09-01] >>> BUY LIMIT B KENA @4400 | harga=4372.06 | PINE=FLAT RSI=47.7
[21:35:12 WIB 2026-09-01] >>> PERINGATAN MISS #12: PINE belum konfirmasi BUY — posisi AGRESIF, siap cut cepat!
[21:35:12 WIB 2026-09-01] === TRACKING B: SL 4355 | TP1 4450 (L1 close) | TP2 4538 (L2 runner) ===
[21:35:12 WIB 2026-09-01] [B] floating -27.9 pips | harga=4372.06 | PINE=FLAT RSI=47.7
[21:36:12 WIB 2026-09-01] [LIVE] floating -28.8 pips | harga=4371.17 | PINE=FLAT RSI=47.3
[21:36:12 WIB 2026-09-01] [A] SELL LIMIT 4538 belum kena | harga=4371.17 | PINE=FLAT RSI=47.3
[21:36:12 WIB 2026-09-01] >>> BUY LIMIT B KENA @4400 | harga=4371.17 | PINE=FLAT RSI=47.3
[21:36:12 WIB 2026-09-01] >>> PERINGATAN MISS #12: PINE belum konfirmasi BUY — posisi AGRESIF, siap cut cepat!
[21:36:12 WIB 2026-09-01] === TRACKING B: SL 4355 | TP1 4450 (L1 close) | TP2 4538 (L2 runner) ===
[21:36:12 WIB 2026-09-01] [B] floating -28.8 pips | harga=4371.17 | PINE=FLAT RSI=47.3
[21:37:12 WIB 2026-09-01] [LIVE] floating -29.5 pips | harga=4370.51 | PINE=FLAT RSI=46.9
[21:37:12 WIB 2026-09-01] [A] SELL LIMIT 4538 belum kena | harga=4370.51 | PINE=FLAT RSI=46.9
[21:37:12 WIB 2026-09-01] >>> BUY LIMIT B KENA @4400 | harga=4370.51 | PINE=FLAT RSI=46.9
[21:37:12 WIB 2026-09-01] >>> PERINGATAN MISS #12: PINE belum konfirmasi BUY — posisi AGRESIF, siap cut cepat!
[21:37:12 WIB 2026-09-01] === TRACKING B: SL 4355 | TP1 4450 (L1 close) | TP2 4538 (L2 runner) ===
[21:37:12 WIB 2026-09-01] [B] floating -29.5 pips | harga=4370.51 | PINE=FLAT RSI=46.9
[21:38:12 WIB 2026-09-01] [LIVE] floating -31.4 pips | harga=4368.56 | PINE=FLAT RSI=45.9
[21:38:12 WIB 2026-09-01] [A] SELL LIMIT 4538 belum kena | harga=4368.56 | PINE=FLAT RSI=45.9
[21:38:12 WIB 2026-09-01] >>> BUY LIMIT B KENA @4400 | harga=4368.56 | PINE=FLAT RSI=45.9
[21:38:12 WIB 2026-09-01] >>> PERINGATAN MISS #12: PINE belum konfirmasi BUY — posisi AGRESIF, siap cut cepat!
[21:38:12 WIB 2026-09-01] === TRACKING B: SL 4355 | TP1 4450 (L1 close) | TP2 4538 (L2 runner) ===
[21:38:12 WIB 2026-09-01] [B] floating -31.4 pips | harga=4368.56 | PINE=FLAT RSI=45.9
[21:39:12 WIB 2026-09-01] [LIVE] floating -32.3 pips | harga=4367.69 | PINE=FLAT RSI=45.4
[21:39:12 WIB 2026-09-01] [A] SELL LIMIT 4538 belum kena | harga=4367.69 | PINE=FLAT RSI=45.4
[21:39:12 WIB 2026-09-01] >>> BUY LIMIT B KENA @4400 | harga=4367.69 | PINE=FLAT RSI=45.4
[21:39:12 WIB 2026-09-01] >>> PERINGATAN MISS #12: PINE belum konfirmasi BUY — posisi AGRESIF, siap cut cepat!
[21:39:12 WIB 2026-09-01] === TRACKING B: SL 4355 | TP1 4450 (L1 close) | TP2 4538 (L2 runner) ===
[21:39:12 WIB 2026-09-01] [B] floating -32.3 pips | harga=4367.69 | PINE=FLAT RSI=45.4
[21:40:12 WIB 2026-09-01] [LIVE] floating -34.2 pips | harga=4365.77 | PINE=FLAT RSI=44.6
[21:40:12 WIB 2026-09-01] [A] SELL LIMIT 4538 belum kena | harga=4365.77 | PINE=FLAT RSI=44.6
[21:40:12 WIB 2026-09-01] >>> BUY LIMIT B KENA @4400 | harga=4365.77 | PINE=FLAT RSI=44.6
[21:40:12 WIB 2026-09-01] >>> PERINGATAN MISS #12: PINE belum konfirmasi BUY — posisi AGRESIF, siap cut cepat!
[21:40:12 WIB 2026-09-01] === TRACKING B: SL 4355 | TP1 4450 (L1 close) | TP2 4538 (L2 runner) ===
[21:40:12 WIB 2026-09-01] [B] floating -34.2 pips | harga=4365.77 | PINE=FLAT RSI=44.6
[21:41:12 WIB 2026-09-01] [LIVE] floating -32.9 pips | harga=4367.07 | PINE=FLAT RSI=45.1
[21:41:12 WIB 2026-09-01] [A] SELL LIMIT 4538 belum kena | harga=4367.07 | PINE=FLAT RSI=45.1
[21:41:12 WIB 2026-09-01] >>> BUY LIMIT B KENA @4400 | harga=4367.07 | PINE=FLAT RSI=45.1
[21:41:12 WIB 2026-09-01] >>> PERINGATAN MISS #12: PINE belum konfirmasi BUY — posisi AGRESIF, siap cut cepat!
[21:41:12 WIB 2026-09-01] === TRACKING B: SL 4355 | TP1 4450 (L1 close) | TP2 4538 (L2 runner) ===
[21:41:12 WIB 2026-09-01] [B] floating -32.9 pips | harga=4367.07 | PINE=FLAT RSI=45.1
[21:42:12 WIB 2026-09-01] [LIVE] floating -35.4 pips | harga=4364.60 | PINE=FLAT RSI=43.8
[21:42:12 WIB 2026-09-01] [A] SELL LIMIT 4538 belum kena | harga=4364.60 | PINE=FLAT RSI=43.8
[21:42:12 WIB 2026-09-01] >>> BUY LIMIT B KENA @4400 | harga=4364.60 | PINE=FLAT RSI=43.8
[21:42:12 WIB 2026-09-01] >>> PERINGATAN MISS #12: PINE belum konfirmasi BUY — posisi AGRESIF, siap cut cepat!
[21:42:12 WIB 2026-09-01] === TRACKING B: SL 4355 | TP1 4450 (L1 close) | TP2 4538 (L2 runner) ===
[21:42:12 WIB 2026-09-01] [B] floating -35.4 pips | harga=4364.60 | PINE=FLAT RSI=43.8
[21:43:12 WIB 2026-09-01] [LIVE] floating -34.0 pips | harga=4366.04 | PINE=FLAT RSI=44.2
[21:43:12 WIB 2026-09-01] [A] SELL LIMIT 4538 belum kena | harga=4366.04 | PINE=FLAT RSI=44.2
[21:43:12 WIB 2026-09-01] >>> BUY LIMIT B KENA @4400 | harga=4366.04 | PINE=FLAT RSI=44.2
[21:43:12 WIB 2026-09-01] >>> PERINGATAN MISS #12: PINE belum konfirmasi BUY — posisi AGRESIF, siap cut cepat!
[21:43:12 WIB 2026-09-01] === TRACKING B: SL 4355 | TP1 4450 (L1 close) | TP2 4538 (L2 runner) ===
[21:43:12 WIB 2026-09-01] [B] floating -34.0 pips | harga=4366.04 | PINE=FLAT RSI=44.2
[21:44:12 WIB 2026-09-01] [LIVE] floating -32.9 pips | harga=4367.09 | PINE=FLAT RSI=45.1
[21:44:12 WIB 2026-09-01] [A] SELL LIMIT 4538 belum kena | harga=4367.09 | PINE=FLAT RSI=45.1
[21:44:12 WIB 2026-09-01] >>> BUY LIMIT B KENA @4400 | harga=4367.09 | PINE=FLAT RSI=45.1
[21:44:12 WIB 2026-09-01] >>> PERINGATAN MISS #12: PINE belum konfirmasi BUY — posisi AGRESIF, siap cut cepat!
[21:44:12 WIB 2026-09-01] === TRACKING B: SL 4355 | TP1 4450 (L1 close) | TP2 4538 (L2 runner) ===
[21:44:12 WIB 2026-09-01] [B] floating -32.9 pips | harga=4367.09 | PINE=FLAT RSI=45.1
[21:45:12 WIB 2026-09-01] [LIVE] floating -34.0 pips | harga=4366.01 | PINE=FLAT RSI=44.5
[21:45:12 WIB 2026-09-01] [A] SELL LIMIT 4538 belum kena | harga=4366.01 | PINE=FLAT RSI=44.5
[21:45:12 WIB 2026-09-01] >>> BUY LIMIT B KENA @4400 | harga=4366.01 | PINE=FLAT RSI=44.5
[21:45:12 WIB 2026-09-01] >>> PERINGATAN MISS #12: PINE belum konfirmasi BUY — posisi AGRESIF, siap cut cepat!
[21:45:12 WIB 2026-09-01] === TRACKING B: SL 4355 | TP1 4450 (L1 close) | TP2 4538 (L2 runner) ===
[21:45:12 WIB 2026-09-01] [B] floating -34.0 pips | harga=4366.01 | PINE=FLAT RSI=44.5
[21:46:12 WIB 2026-09-01] [LIVE] floating -32.8 pips | harga=4367.23 | PINE=FLAT RSI=45.2
[21:46:12 WIB 2026-09-01] [A] SELL LIMIT 4538 belum kena | harga=4367.23 | PINE=FLAT RSI=45.2
[21:46:12 WIB 2026-09-01] >>> BUY LIMIT B KENA @4400 | harga=4367.23 | PINE=FLAT RSI=45.2
[21:46:12 WIB 2026-09-01] >>> PERINGATAN MISS #12: PINE belum konfirmasi BUY — posisi AGRESIF, siap cut cepat!
[21:46:12 WIB 2026-09-01] === TRACKING B: SL 4355 | TP1 4450 (L1 close) | TP2 4538 (L2 runner) ===
[21:46:12 WIB 2026-09-01] [B] floating -32.8 pips | harga=4367.23 | PINE=FLAT RSI=45.2
[21:47:12 WIB 2026-09-01] [LIVE] floating -30.9 pips | harga=4369.13 | PINE=FLAT RSI=46.2
[21:47:12 WIB 2026-09-01] [A] SELL LIMIT 4538 belum kena | harga=4369.13 | PINE=FLAT RSI=46.2
[21:47:12 WIB 2026-09-01] >>> BUY LIMIT B KENA @4400 | harga=4369.13 | PINE=FLAT RSI=46.2
[21:47:12 WIB 2026-09-01] >>> PERINGATAN MISS #12: PINE belum konfirmasi BUY — posisi AGRESIF, siap cut cepat!
[21:47:12 WIB 2026-09-01] === TRACKING B: SL 4355 | TP1 4450 (L1 close) | TP2 4538 (L2 runner) ===
[21:47:12 WIB 2026-09-01] [B] floating -30.9 pips | harga=4369.13 | PINE=FLAT RSI=46.2
[21:48:12 WIB 2026-09-01] [LIVE] floating -30.7 pips | harga=4369.31 | PINE=FLAT RSI=46.4
[21:48:12 WIB 2026-09-01] [A] SELL LIMIT 4538 belum kena | harga=4369.31 | PINE=FLAT RSI=46.4
[21:48:12 WIB 2026-09-01] >>> BUY LIMIT B KENA @4400 | harga=4369.31 | PINE=FLAT RSI=46.4
[21:48:12 WIB 2026-09-01] >>> PERINGATAN MISS #12: PINE belum konfirmasi BUY — posisi AGRESIF, siap cut cepat!
[21:48:12 WIB 2026-09-01] === TRACKING B: SL 4355 | TP1 4450 (L1 close) | TP2 4538 (L2 runner) ===
[21:48:12 WIB 2026-09-01] [B] floating -30.7 pips | harga=4369.31 | PINE=FLAT RSI=46.4
[21:49:12 WIB 2026-09-01] [LIVE] floating -34.3 pips | harga=4365.68 | PINE=FLAT RSI=44.9
[21:49:12 WIB 2026-09-01] [A] SELL LIMIT 4538 belum kena | harga=4365.68 | PINE=FLAT RSI=44.9
[21:49:12 WIB 2026-09-01] >>> BUY LIMIT B KENA @4400 | harga=4365.68 | PINE=FLAT RSI=44.9
[21:49:12 WIB 2026-09-01] >>> PERINGATAN MISS #12: PINE belum konfirmasi BUY — posisi AGRESIF, siap cut cepat!
[21:49:12 WIB 2026-09-01] === TRACKING B: SL 4355 | TP1 4450 (L1 close) | TP2 4538 (L2 runner) ===
[21:49:12 WIB 2026-09-01] [B] floating -34.3 pips | harga=4365.68 | PINE=FLAT RSI=44.9
[21:50:12 WIB 2026-09-01] [LIVE] floating -37.8 pips | harga=4362.19 | PINE=FLAT RSI=42.8
[21:50:12 WIB 2026-09-01] [A] SELL LIMIT 4538 belum kena | harga=4362.19 | PINE=FLAT RSI=42.8
[21:50:12 WIB 2026-09-01] >>> BUY LIMIT B KENA @4400 | harga=4362.19 | PINE=FLAT RSI=42.8
[21:50:12 WIB 2026-09-01] >>> PERINGATAN MISS #12: PINE belum konfirmasi BUY — posisi AGRESIF, siap cut cepat!
[21:50:12 WIB 2026-09-01] === TRACKING B: SL 4355 | TP1 4450 (L1 close) | TP2 4538 (L2 runner) ===
[21:50:12 WIB 2026-09-01] [B] floating -37.8 pips | harga=4362.19 | PINE=FLAT RSI=42.8
[21:51:12 WIB 2026-09-01] [LIVE] floating -36.7 pips | harga=4363.30 | PINE=FLAT RSI=43.4
[21:51:12 WIB 2026-09-01] [A] SELL LIMIT 4538 belum kena | harga=4363.30 | PINE=FLAT RSI=43.4
[21:51:12 WIB 2026-09-01] >>> BUY LIMIT B KENA @4400 | harga=4363.30 | PINE=FLAT RSI=43.4
[21:51:12 WIB 2026-09-01] >>> PERINGATAN MISS #12: PINE belum konfirmasi BUY — posisi AGRESIF, siap cut cepat!
[21:51:12 WIB 2026-09-01] === TRACKING B: SL 4355 | TP1 4450 (L1 close) | TP2 4538 (L2 runner) ===
[21:51:12 WIB 2026-09-01] [B] floating -36.7 pips | harga=4363.30 | PINE=FLAT RSI=43.4
[21:52:12 WIB 2026-09-01] [LIVE] floating -34.2 pips | harga=4365.77 | PINE=FLAT RSI=44.4
[21:52:12 WIB 2026-09-01] [A] SELL LIMIT 4538 belum kena | harga=4365.77 | PINE=FLAT RSI=44.4
[21:52:12 WIB 2026-09-01] >>> BUY LIMIT B KENA @4400 | harga=4365.77 | PINE=FLAT RSI=44.4
[21:52:12 WIB 2026-09-01] >>> PERINGATAN MISS #12: PINE belum konfirmasi BUY — posisi AGRESIF, siap cut cepat!
[21:52:12 WIB 2026-09-01] === TRACKING B: SL 4355 | TP1 4450 (L1 close) | TP2 4538 (L2 runner) ===
[21:52:12 WIB 2026-09-01] [B] floating -34.2 pips | harga=4365.77 | PINE=FLAT RSI=44.4
[21:53:12 WIB 2026-09-01] [LIVE] floating -37.2 pips | harga=4362.79 | PINE=FLAT RSI=43.1
[21:53:12 WIB 2026-09-01] [A] SELL LIMIT 4538 belum kena | harga=4362.79 | PINE=FLAT RSI=43.1
[21:53:12 WIB 2026-09-01] >>> BUY LIMIT B KENA @4400 | harga=4362.79 | PINE=FLAT RSI=43.1
[21:53:12 WIB 2026-09-01] >>> PERINGATAN MISS #12: PINE belum konfirmasi BUY — posisi AGRESIF, siap cut cepat!
[21:53:12 WIB 2026-09-01] === TRACKING B: SL 4355 | TP1 4450 (L1 close) | TP2 4538 (L2 runner) ===
[21:53:12 WIB 2026-09-01] [B] floating -37.2 pips | harga=4362.79 | PINE=FLAT RSI=43.1
[21:54:12 WIB 2026-09-01] [LIVE] floating -36.8 pips | harga=4363.25 | PINE=FLAT RSI=43.3
[21:54:12 WIB 2026-09-01] [A] SELL LIMIT 4538 belum kena | harga=4363.25 | PINE=FLAT RSI=43.3
[21:54:12 WIB 2026-09-01] >>> BUY LIMIT B KENA @4400 | harga=4363.25 | PINE=FLAT RSI=43.3
[21:54:12 WIB 2026-09-01] >>> PERINGATAN MISS #12: PINE belum konfirmasi BUY — posisi AGRESIF, siap cut cepat!
[21:54:12 WIB 2026-09-01] === TRACKING B: SL 4355 | TP1 4450 (L1 close) | TP2 4538 (L2 runner) ===
[21:54:12 WIB 2026-09-01] [B] floating -36.8 pips | harga=4363.25 | PINE=FLAT RSI=43.3
[21:55:12 WIB 2026-09-01] [LIVE] floating -40.2 pips | harga=4359.82 | PINE=FLAT RSI=41.8
[21:55:12 WIB 2026-09-01] [A] SELL LIMIT 4538 belum kena | harga=4359.82 | PINE=FLAT RSI=41.8
[21:55:12 WIB 2026-09-01] >>> BUY LIMIT B KENA @4400 | harga=4359.82 | PINE=FLAT RSI=41.8
[21:55:12 WIB 2026-09-01] >>> PERINGATAN MISS #12: PINE belum konfirmasi BUY — posisi AGRESIF, siap cut cepat!
[21:55:12 WIB 2026-09-01] === TRACKING B: SL 4355 | TP1 4450 (L1 close) | TP2 4538 (L2 runner) ===
[21:55:12 WIB 2026-09-01] [B] floating -40.2 pips | harga=4359.82 | PINE=FLAT RSI=41.8
[21:55:56 WIB 2026-09-01] [LIVE] floating -40.0 pips | harga=4359.97 | PINE=FLAT RSI=41.8
[21:55:56 WIB 2026-09-01] [A] SELL LIMIT 4538 belum kena | harga=4359.97 | PINE=FLAT RSI=41.8
[21:55:56 WIB 2026-09-01] >>> BUY LIMIT B KENA @4400 | harga=4359.97 | PINE=FLAT RSI=41.8
[21:55:56 WIB 2026-09-01] >>> PERINGATAN MISS #12: PINE belum konfirmasi BUY — posisi AGRESIF, siap cut cepat!
[21:55:56 WIB 2026-09-01] === TRACKING B: SL 4355 | TP1 4450 (L1 close) | TP2 4538 (L2 runner) ===
[21:55:56 WIB 2026-09-01] [B] floating -40.0 pips | harga=4359.97 | PINE=FLAT RSI=41.8
[21:56:56 WIB 2026-09-01] [LIVE] floating -42.8 pips | harga=4357.25 | PINE=FLAT RSI=40.7
[21:56:56 WIB 2026-09-01] [A] SELL LIMIT 4538 belum kena | harga=4357.25 | PINE=FLAT RSI=40.7
[21:56:56 WIB 2026-09-01] >>> BUY LIMIT B KENA @4400 | harga=4357.25 | PINE=FLAT RSI=40.7
[21:56:56 WIB 2026-09-01] >>> PERINGATAN MISS #12: PINE belum konfirmasi BUY — posisi AGRESIF, siap cut cepat!
[21:56:56 WIB 2026-09-01] === TRACKING B: SL 4355 | TP1 4450 (L1 close) | TP2 4538 (L2 runner) ===
[21:56:56 WIB 2026-09-01] [B] floating -42.8 pips | harga=4357.25 | PINE=FLAT RSI=40.7
[21:57:56 WIB 2026-09-01] [LIVE] floating -42.0 pips | harga=4358.01 | PINE=FLAT RSI=41
[21:57:56 WIB 2026-09-01] [A] SELL LIMIT 4538 belum kena | harga=4358.01 | PINE=FLAT RSI=41
[21:57:56 WIB 2026-09-01] >>> BUY LIMIT B KENA @4400 | harga=4358.01 | PINE=FLAT RSI=41
[21:57:56 WIB 2026-09-01] >>> PERINGATAN MISS #12: PINE belum konfirmasi BUY — posisi AGRESIF, siap cut cepat!
[21:57:56 WIB 2026-09-01] === TRACKING B: SL 4355 | TP1 4450 (L1 close) | TP2 4538 (L2 runner) ===
[21:57:56 WIB 2026-09-01] [B] floating -42.0 pips | harga=4358.01 | PINE=FLAT RSI=41
[21:58:56 WIB 2026-09-01] [LIVE] floating -41.2 pips | harga=4358.80 | PINE=FLAT RSI=41.3
[21:58:56 WIB 2026-09-01] [A] SELL LIMIT 4538 belum kena | harga=4358.80 | PINE=FLAT RSI=41.3
[21:58:56 WIB 2026-09-01] >>> BUY LIMIT B KENA @4400 | harga=4358.80 | PINE=FLAT RSI=41.3
[21:58:56 WIB 2026-09-01] >>> PERINGATAN MISS #12: PINE belum konfirmasi BUY — posisi AGRESIF, siap cut cepat!
[21:58:56 WIB 2026-09-01] === TRACKING B: SL 4355 | TP1 4450 (L1 close) | TP2 4538 (L2 runner) ===
[21:58:56 WIB 2026-09-01] [B] floating -41.2 pips | harga=4358.80 | PINE=FLAT RSI=41.3
[21:59:56 WIB 2026-09-01] [LIVE] floating -40.7 pips | harga=4359.32 | PINE=FLAT RSI=41.6
[21:59:56 WIB 2026-09-01] [A] SELL LIMIT 4538 belum kena | harga=4359.32 | PINE=FLAT RSI=41.6
[21:59:56 WIB 2026-09-01] >>> BUY LIMIT B KENA @4400 | harga=4359.32 | PINE=FLAT RSI=41.6
[21:59:56 WIB 2026-09-01] >>> PERINGATAN MISS #12: PINE belum konfirmasi BUY — posisi AGRESIF, siap cut cepat!
[21:59:56 WIB 2026-09-01] === TRACKING B: SL 4355 | TP1 4450 (L1 close) | TP2 4538 (L2 runner) ===
[21:59:56 WIB 2026-09-01] [B] floating -40.7 pips | harga=4359.32 | PINE=FLAT RSI=41.6
[22:00:56 WIB 2026-09-01] [LIVE] floating -38.9 pips | harga=4361.09 | PINE=FLAT RSI=42.4
[22:00:56 WIB 2026-09-01] [A] SELL LIMIT 4538 belum kena | harga=4361.09 | PINE=FLAT RSI=42.4
[22:00:56 WIB 2026-09-01] >>> BUY LIMIT B KENA @4400 | harga=4361.09 | PINE=FLAT RSI=42.4
[22:00:56 WIB 2026-09-01] >>> PERINGATAN MISS #12: PINE belum konfirmasi BUY — posisi AGRESIF, siap cut cepat!
[22:00:56 WIB 2026-09-01] === TRACKING B: SL 4355 | TP1 4450 (L1 close) | TP2 4538 (L2 runner) ===
[22:00:56 WIB 2026-09-01] [B] floating -38.9 pips | harga=4361.09 | PINE=FLAT RSI=42.4
[22:01:56 WIB 2026-09-01] [LIVE] floating -37.7 pips | harga=4362.28 | PINE=FLAT RSI=43.2
[22:01:56 WIB 2026-09-01] [A] SELL LIMIT 4538 belum kena | harga=4362.28 | PINE=FLAT RSI=43.2
[22:01:56 WIB 2026-09-01] >>> BUY LIMIT B KENA @4400 | harga=4362.28 | PINE=FLAT RSI=43.2
[22:01:56 WIB 2026-09-01] >>> PERINGATAN MISS #12: PINE belum konfirmasi BUY — posisi AGRESIF, siap cut cepat!
[22:01:56 WIB 2026-09-01] === TRACKING B: SL 4355 | TP1 4450 (L1 close) | TP2 4538 (L2 runner) ===
[22:01:56 WIB 2026-09-01] [B] floating -37.7 pips | harga=4362.28 | PINE=FLAT RSI=43.2
[22:02:56 WIB 2026-09-01] [LIVE] floating -41.6 pips | harga=4358.40 | PINE=FLAT RSI=41.1
[22:02:56 WIB 2026-09-01] [A] SELL LIMIT 4538 belum kena | harga=4358.40 | PINE=FLAT RSI=41.1
[22:02:56 WIB 2026-09-01] >>> BUY LIMIT B KENA @4400 | harga=4358.40 | PINE=FLAT RSI=41.1
[22:02:56 WIB 2026-09-01] >>> PERINGATAN MISS #12: PINE belum konfirmasi BUY — posisi AGRESIF, siap cut cepat!
[22:02:56 WIB 2026-09-01] === TRACKING B: SL 4355 | TP1 4450 (L1 close) | TP2 4538 (L2 runner) ===
[22:02:56 WIB 2026-09-01] [B] floating -41.6 pips | harga=4358.40 | PINE=FLAT RSI=41.1
[22:03:56 WIB 2026-09-01] [LIVE] floating -43.9 pips | harga=4356.15 | PINE=FLAT RSI=40.1
[22:03:56 WIB 2026-09-01] [A] SELL LIMIT 4538 belum kena | harga=4356.15 | PINE=FLAT RSI=40.1
[22:03:56 WIB 2026-09-01] >>> BUY LIMIT B KENA @4400 | harga=4356.15 | PINE=FLAT RSI=40.1
[22:03:56 WIB 2026-09-01] >>> PERINGATAN MISS #12: PINE belum konfirmasi BUY — posisi AGRESIF, siap cut cepat!
[22:03:56 WIB 2026-09-01] === TRACKING B: SL 4355 | TP1 4450 (L1 close) | TP2 4538 (L2 runner) ===
[22:03:56 WIB 2026-09-01] [B] floating -43.9 pips | harga=4356.15 | PINE=FLAT RSI=40.1
[22:04:56 WIB 2026-09-01] [LIVE] floating -42.7 pips | harga=4357.31 | PINE=FLAT RSI=40.6
[22:04:56 WIB 2026-09-01] [A] SELL LIMIT 4538 belum kena | harga=4357.31 | PINE=FLAT RSI=40.6
[22:04:56 WIB 2026-09-01] >>> BUY LIMIT B KENA @4400 | harga=4357.31 | PINE=FLAT RSI=40.6
[22:04:56 WIB 2026-09-01] >>> PERINGATAN MISS #12: PINE belum konfirmasi BUY — posisi AGRESIF, siap cut cepat!
[22:04:56 WIB 2026-09-01] === TRACKING B: SL 4355 | TP1 4450 (L1 close) | TP2 4538 (L2 runner) ===
[22:04:56 WIB 2026-09-01] [B] floating -42.7 pips | harga=4357.31 | PINE=FLAT RSI=40.6
[22:05:56 WIB 2026-09-01] [LIVE] floating -41.5 pips | harga=4358.52 | PINE=FLAT RSI=41.2
[22:05:56 WIB 2026-09-01] [A] SELL LIMIT 4538 belum kena | harga=4358.52 | PINE=FLAT RSI=41.2
[22:05:56 WIB 2026-09-01] >>> BUY LIMIT B KENA @4400 | harga=4358.52 | PINE=FLAT RSI=41.2
[22:05:56 WIB 2026-09-01] >>> PERINGATAN MISS #12: PINE belum konfirmasi BUY — posisi AGRESIF, siap cut cepat!
[22:05:56 WIB 2026-09-01] === TRACKING B: SL 4355 | TP1 4450 (L1 close) | TP2 4538 (L2 runner) ===
[22:05:56 WIB 2026-09-01] [B] floating -41.5 pips | harga=4358.52 | PINE=FLAT RSI=41.2
[22:06:56 WIB 2026-09-01] [LIVE] floating -42.2 pips | harga=4357.82 | PINE=FLAT RSI=40.7
[22:06:56 WIB 2026-09-01] [A] SELL LIMIT 4538 belum kena | harga=4357.82 | PINE=FLAT RSI=40.7
[22:06:56 WIB 2026-09-01] >>> BUY LIMIT B KENA @4400 | harga=4357.82 | PINE=FLAT RSI=40.7
[22:06:56 WIB 2026-09-01] >>> PERINGATAN MISS #12: PINE belum konfirmasi BUY — posisi AGRESIF, siap cut cepat!
[22:06:56 WIB 2026-09-01] === TRACKING B: SL 4355 | TP1 4450 (L1 close) | TP2 4538 (L2 runner) ===
[22:06:56 WIB 2026-09-01] [B] floating -42.2 pips | harga=4357.82 | PINE=FLAT RSI=40.7
[22:07:56 WIB 2026-09-01] [LIVE] floating -42.4 pips | harga=4357.65 | PINE=FLAT RSI=40.8
[22:07:56 WIB 2026-09-01] [A] SELL LIMIT 4538 belum kena | harga=4357.65 | PINE=FLAT RSI=40.8
[22:07:56 WIB 2026-09-01] >>> BUY LIMIT B KENA @4400 | harga=4357.65 | PINE=FLAT RSI=40.8
[22:07:56 WIB 2026-09-01] >>> PERINGATAN MISS #12: PINE belum konfirmasi BUY — posisi AGRESIF, siap cut cepat!
[22:07:56 WIB 2026-09-01] === TRACKING B: SL 4355 | TP1 4450 (L1 close) | TP2 4538 (L2 runner) ===
[22:07:56 WIB 2026-09-01] [B] floating -42.4 pips | harga=4357.65 | PINE=FLAT RSI=40.8
[22:08:56 WIB 2026-09-01] [LIVE] floating -41.9 pips | harga=4358.10 | PINE=FLAT RSI=41
[22:08:56 WIB 2026-09-01] [A] SELL LIMIT 4538 belum kena | harga=4358.10 | PINE=FLAT RSI=41
[22:08:56 WIB 2026-09-01] >>> BUY LIMIT B KENA @4400 | harga=4358.10 | PINE=FLAT RSI=41
[22:08:56 WIB 2026-09-01] >>> PERINGATAN MISS #12: PINE belum konfirmasi BUY — posisi AGRESIF, siap cut cepat!
[22:08:56 WIB 2026-09-01] === TRACKING B: SL 4355 | TP1 4450 (L1 close) | TP2 4538 (L2 runner) ===
[22:08:56 WIB 2026-09-01] [B] floating -41.9 pips | harga=4358.10 | PINE=FLAT RSI=41
[22:09:56 WIB 2026-09-01] [LIVE] floating -40.0 pips | harga=4360.01 | PINE=FLAT RSI=41.8
[22:09:56 WIB 2026-09-01] [A] SELL LIMIT 4538 belum kena | harga=4360.01 | PINE=FLAT RSI=41.8
[22:09:56 WIB 2026-09-01] >>> BUY LIMIT B KENA @4400 | harga=4360.01 | PINE=FLAT RSI=41.8
[22:09:56 WIB 2026-09-01] >>> PERINGATAN MISS #12: PINE belum konfirmasi BUY — posisi AGRESIF, siap cut cepat!
[22:09:56 WIB 2026-09-01] === TRACKING B: SL 4355 | TP1 4450 (L1 close) | TP2 4538 (L2 runner) ===
[22:09:56 WIB 2026-09-01] [B] floating -40.0 pips | harga=4360.01 | PINE=FLAT RSI=41.8
[22:10:56 WIB 2026-09-01] [LIVE] floating -39.3 pips | harga=4360.69 | PINE=FLAT RSI=42.2
[22:10:56 WIB 2026-09-01] [A] SELL LIMIT 4538 belum kena | harga=4360.69 | PINE=FLAT RSI=42.2
[22:10:56 WIB 2026-09-01] >>> BUY LIMIT B KENA @4400 | harga=4360.69 | PINE=FLAT RSI=42.2
[22:10:56 WIB 2026-09-01] >>> PERINGATAN MISS #12: PINE belum konfirmasi BUY — posisi AGRESIF, siap cut cepat!
[22:10:56 WIB 2026-09-01] === TRACKING B: SL 4355 | TP1 4450 (L1 close) | TP2 4538 (L2 runner) ===
[22:10:56 WIB 2026-09-01] [B] floating -39.3 pips | harga=4360.69 | PINE=FLAT RSI=42.2
[22:11:56 WIB 2026-09-01] [LIVE] floating -39.6 pips | harga=4360.37 | PINE=FLAT RSI=42
[22:11:56 WIB 2026-09-01] [A] SELL LIMIT 4538 belum kena | harga=4360.37 | PINE=FLAT RSI=42
[22:11:56 WIB 2026-09-01] >>> BUY LIMIT B KENA @4400 | harga=4360.37 | PINE=FLAT RSI=42
[22:11:56 WIB 2026-09-01] >>> PERINGATAN MISS #12: PINE belum konfirmasi BUY — posisi AGRESIF, siap cut cepat!
[22:11:56 WIB 2026-09-01] === TRACKING B: SL 4355 | TP1 4450 (L1 close) | TP2 4538 (L2 runner) ===
[22:11:56 WIB 2026-09-01] [B] floating -39.6 pips | harga=4360.37 | PINE=FLAT RSI=42
[22:12:56 WIB 2026-09-01] [LIVE] floating -40.0 pips | harga=4359.97 | PINE=FLAT RSI=41.8
[22:12:56 WIB 2026-09-01] [A] SELL LIMIT 4538 belum kena | harga=4359.97 | PINE=FLAT RSI=41.8
[22:12:56 WIB 2026-09-01] >>> BUY LIMIT B KENA @4400 | harga=4359.97 | PINE=FLAT RSI=41.8
[22:12:56 WIB 2026-09-01] >>> PERINGATAN MISS #12: PINE belum konfirmasi BUY — posisi AGRESIF, siap cut cepat!
[22:12:56 WIB 2026-09-01] === TRACKING B: SL 4355 | TP1 4450 (L1 close) | TP2 4538 (L2 runner) ===
[22:12:56 WIB 2026-09-01] [B] floating -40.0 pips | harga=4359.97 | PINE=FLAT RSI=41.8
[22:13:56 WIB 2026-09-01] [LIVE] floating -41.2 pips | harga=4358.78 | PINE=FLAT RSI=41.3
[22:13:56 WIB 2026-09-01] [A] SELL LIMIT 4538 belum kena | harga=4358.78 | PINE=FLAT RSI=41.3
[22:13:56 WIB 2026-09-01] >>> BUY LIMIT B KENA @4400 | harga=4358.78 | PINE=FLAT RSI=41.3
[22:13:56 WIB 2026-09-01] >>> PERINGATAN MISS #12: PINE belum konfirmasi BUY — posisi AGRESIF, siap cut cepat!
[22:13:56 WIB 2026-09-01] === TRACKING B: SL 4355 | TP1 4450 (L1 close) | TP2 4538 (L2 runner) ===
[22:13:56 WIB 2026-09-01] [B] floating -41.2 pips | harga=4358.78 | PINE=FLAT RSI=41.3
[22:14:56 WIB 2026-09-01] [LIVE] floating -42.7 pips | harga=4357.26 | PINE=FLAT RSI=40.6
[22:14:56 WIB 2026-09-01] [A] SELL LIMIT 4538 belum kena | harga=4357.26 | PINE=FLAT RSI=40.6
[22:14:56 WIB 2026-09-01] >>> BUY LIMIT B KENA @4400 | harga=4357.26 | PINE=FLAT RSI=40.6
[22:14:56 WIB 2026-09-01] >>> PERINGATAN MISS #12: PINE belum konfirmasi BUY — posisi AGRESIF, siap cut cepat!
[22:14:56 WIB 2026-09-01] === TRACKING B: SL 4355 | TP1 4450 (L1 close) | TP2 4538 (L2 runner) ===
[22:14:56 WIB 2026-09-01] [B] floating -42.7 pips | harga=4357.26 | PINE=FLAT RSI=40.6
[22:15:56 WIB 2026-09-01] [LIVE] floating -41.8 pips | harga=4358.18 | PINE=FLAT RSI=41.2
[22:15:56 WIB 2026-09-01] [A] SELL LIMIT 4538 belum kena | harga=4358.18 | PINE=FLAT RSI=41.2
[22:15:56 WIB 2026-09-01] >>> BUY LIMIT B KENA @4400 | harga=4358.18 | PINE=FLAT RSI=41.2
[22:15:56 WIB 2026-09-01] >>> PERINGATAN MISS #12: PINE belum konfirmasi BUY — posisi AGRESIF, siap cut cepat!
[22:15:56 WIB 2026-09-01] === TRACKING B: SL 4355 | TP1 4450 (L1 close) | TP2 4538 (L2 runner) ===
[22:15:56 WIB 2026-09-01] [B] floating -41.8 pips | harga=4358.18 | PINE=FLAT RSI=41.2
[22:16:56 WIB 2026-09-01] [LIVE] floating -42.3 pips | harga=4357.73 | PINE=FLAT RSI=40.9
[22:16:56 WIB 2026-09-01] [A] SELL LIMIT 4538 belum kena | harga=4357.73 | PINE=FLAT RSI=40.9
[22:16:56 WIB 2026-09-01] >>> BUY LIMIT B KENA @4400 | harga=4357.73 | PINE=FLAT RSI=40.9
[22:16:56 WIB 2026-09-01] >>> PERINGATAN MISS #12: PINE belum konfirmasi BUY — posisi AGRESIF, siap cut cepat!
[22:16:56 WIB 2026-09-01] === TRACKING B: SL 4355 | TP1 4450 (L1 close) | TP2 4538 (L2 runner) ===
[22:16:56 WIB 2026-09-01] [B] floating -42.3 pips | harga=4357.73 | PINE=FLAT RSI=40.9
[22:17:56 WIB 2026-09-01] [LIVE] floating -39.9 pips | harga=4360.07 | PINE=FLAT RSI=42.4
[22:17:56 WIB 2026-09-01] [A] SELL LIMIT 4538 belum kena | harga=4360.07 | PINE=FLAT RSI=42.4
[22:17:56 WIB 2026-09-01] >>> BUY LIMIT B KENA @4400 | harga=4360.07 | PINE=FLAT RSI=42.4
[22:17:56 WIB 2026-09-01] >>> PERINGATAN MISS #12: PINE belum konfirmasi BUY — posisi AGRESIF, siap cut cepat!
[22:17:56 WIB 2026-09-01] === TRACKING B: SL 4355 | TP1 4450 (L1 close) | TP2 4538 (L2 runner) ===
[22:17:56 WIB 2026-09-01] [B] floating -39.9 pips | harga=4360.07 | PINE=FLAT RSI=42.4
[22:18:56 WIB 2026-09-01] [LIVE] floating -36.9 pips | harga=4363.07 | PINE=FLAT RSI=44.3
[22:18:56 WIB 2026-09-01] [A] SELL LIMIT 4538 belum kena | harga=4363.07 | PINE=FLAT RSI=44.3
[22:18:56 WIB 2026-09-01] >>> BUY LIMIT B KENA @4400 | harga=4363.07 | PINE=FLAT RSI=44.3
[22:18:56 WIB 2026-09-01] >>> PERINGATAN MISS #12: PINE belum konfirmasi BUY — posisi AGRESIF, siap cut cepat!
[22:18:56 WIB 2026-09-01] === TRACKING B: SL 4355 | TP1 4450 (L1 close) | TP2 4538 (L2 runner) ===
[22:18:56 WIB 2026-09-01] [B] floating -36.9 pips | harga=4363.07 | PINE=FLAT RSI=44.3
[22:19:56 WIB 2026-09-01] [LIVE] floating -37.4 pips | harga=4362.64 | PINE=FLAT RSI=44
[22:19:56 WIB 2026-09-01] [A] SELL LIMIT 4538 belum kena | harga=4362.64 | PINE=FLAT RSI=44
[22:19:56 WIB 2026-09-01] >>> BUY LIMIT B KENA @4400 | harga=4362.64 | PINE=FLAT RSI=44
[22:19:56 WIB 2026-09-01] >>> PERINGATAN MISS #12: PINE belum konfirmasi BUY — posisi AGRESIF, siap cut cepat!
[22:19:56 WIB 2026-09-01] === TRACKING B: SL 4355 | TP1 4450 (L1 close) | TP2 4538 (L2 runner) ===
[22:19:56 WIB 2026-09-01] [B] floating -37.4 pips | harga=4362.64 | PINE=FLAT RSI=44
[22:20:56 WIB 2026-09-01] [LIVE] floating -35.6 pips | harga=4364.38 | PINE=FLAT RSI=45.1
[22:20:56 WIB 2026-09-01] [A] SELL LIMIT 4538 belum kena | harga=4364.38 | PINE=FLAT RSI=45.1
[22:20:56 WIB 2026-09-01] >>> BUY LIMIT B KENA @4400 | harga=4364.38 | PINE=FLAT RSI=45.1
[22:20:56 WIB 2026-09-01] >>> PERINGATAN MISS #12: PINE belum konfirmasi BUY — posisi AGRESIF, siap cut cepat!
[22:20:56 WIB 2026-09-01] === TRACKING B: SL 4355 | TP1 4450 (L1 close) | TP2 4538 (L2 runner) ===
[22:20:56 WIB 2026-09-01] [B] floating -35.6 pips | harga=4364.38 | PINE=FLAT RSI=45.1
[22:21:56 WIB 2026-09-01] [LIVE] floating -36.2 pips | harga=4363.82 | PINE=FLAT RSI=44.7
[22:21:56 WIB 2026-09-01] [A] SELL LIMIT 4538 belum kena | harga=4363.82 | PINE=FLAT RSI=44.7
[22:21:56 WIB 2026-09-01] >>> BUY LIMIT B KENA @4400 | harga=4363.82 | PINE=FLAT RSI=44.7
[22:21:56 WIB 2026-09-01] >>> PERINGATAN MISS #12: PINE belum konfirmasi BUY — posisi AGRESIF, siap cut cepat!
[22:21:56 WIB 2026-09-01] === TRACKING B: SL 4355 | TP1 4450 (L1 close) | TP2 4538 (L2 runner) ===
[22:21:56 WIB 2026-09-01] [B] floating -36.2 pips | harga=4363.82 | PINE=FLAT RSI=44.7
[22:22:56 WIB 2026-09-01] [LIVE] floating -35.7 pips | harga=4364.31 | PINE=FLAT RSI=45
[22:22:56 WIB 2026-09-01] [A] SELL LIMIT 4538 belum kena | harga=4364.31 | PINE=FLAT RSI=45
[22:22:56 WIB 2026-09-01] >>> BUY LIMIT B KENA @4400 | harga=4364.31 | PINE=FLAT RSI=45
[22:22:56 WIB 2026-09-01] >>> PERINGATAN MISS #12: PINE belum konfirmasi BUY — posisi AGRESIF, siap cut cepat!
[22:22:56 WIB 2026-09-01] === TRACKING B: SL 4355 | TP1 4450 (L1 close) | TP2 4538 (L2 runner) ===
[22:22:56 WIB 2026-09-01] [B] floating -35.7 pips | harga=4364.31 | PINE=FLAT RSI=45
[22:23:56 WIB 2026-09-01] [LIVE] floating -36.4 pips | harga=4363.56 | PINE=FLAT RSI=44.6
[22:23:56 WIB 2026-09-01] [A] SELL LIMIT 4538 belum kena | harga=4363.56 | PINE=FLAT RSI=44.6
[22:23:56 WIB 2026-09-01] >>> BUY LIMIT B KENA @4400 | harga=4363.56 | PINE=FLAT RSI=44.6
[22:23:56 WIB 2026-09-01] >>> PERINGATAN MISS #12: PINE belum konfirmasi BUY — posisi AGRESIF, siap cut cepat!
[22:23:56 WIB 2026-09-01] === TRACKING B: SL 4355 | TP1 4450 (L1 close) | TP2 4538 (L2 runner) ===
[22:23:56 WIB 2026-09-01] [B] floating -36.4 pips | harga=4363.56 | PINE=FLAT RSI=44.6
[22:24:56 WIB 2026-09-01] [LIVE] floating -37.9 pips | harga=4362.10 | PINE=FLAT RSI=43.7
[22:24:56 WIB 2026-09-01] [A] SELL LIMIT 4538 belum kena | harga=4362.10 | PINE=FLAT RSI=43.7
[22:24:56 WIB 2026-09-01] >>> BUY LIMIT B KENA @4400 | harga=4362.10 | PINE=FLAT RSI=43.7
[22:24:56 WIB 2026-09-01] >>> PERINGATAN MISS #12: PINE belum konfirmasi BUY — posisi AGRESIF, siap cut cepat!
[22:24:56 WIB 2026-09-01] === TRACKING B: SL 4355 | TP1 4450 (L1 close) | TP2 4538 (L2 runner) ===
[22:24:56 WIB 2026-09-01] [B] floating -37.9 pips | harga=4362.10 | PINE=FLAT RSI=43.7
[22:25:56 WIB 2026-09-01] [LIVE] floating -39.5 pips | harga=4360.52 | PINE=FLAT RSI=42.7
[22:25:56 WIB 2026-09-01] [A] SELL LIMIT 4538 belum kena | harga=4360.52 | PINE=FLAT RSI=42.7
[22:25:56 WIB 2026-09-01] >>> BUY LIMIT B KENA @4400 | harga=4360.52 | PINE=FLAT RSI=42.7
[22:25:56 WIB 2026-09-01] >>> PERINGATAN MISS #12: PINE belum konfirmasi BUY — posisi AGRESIF, siap cut cepat!
[22:25:56 WIB 2026-09-01] === TRACKING B: SL 4355 | TP1 4450 (L1 close) | TP2 4538 (L2 runner) ===
[22:25:56 WIB 2026-09-01] [B] floating -39.5 pips | harga=4360.52 | PINE=FLAT RSI=42.7
[22:26:56 WIB 2026-09-01] [LIVE] floating -40.1 pips | harga=4359.89 | PINE=FLAT RSI=42.3
[22:26:56 WIB 2026-09-01] [A] SELL LIMIT 4538 belum kena | harga=4359.89 | PINE=FLAT RSI=42.3
[22:26:56 WIB 2026-09-01] >>> BUY LIMIT B KENA @4400 | harga=4359.89 | PINE=FLAT RSI=42.3
[22:26:56 WIB 2026-09-01] >>> PERINGATAN MISS #12: PINE belum konfirmasi BUY — posisi AGRESIF, siap cut cepat!
[22:26:56 WIB 2026-09-01] === TRACKING B: SL 4355 | TP1 4450 (L1 close) | TP2 4538 (L2 runner) ===
[22:26:56 WIB 2026-09-01] [B] floating -40.1 pips | harga=4359.89 | PINE=FLAT RSI=42.3
[22:27:56 WIB 2026-09-01] [LIVE] floating -39.4 pips | harga=4360.57 | PINE=FLAT RSI=43
[22:27:56 WIB 2026-09-01] [A] SELL LIMIT 4538 belum kena | harga=4360.57 | PINE=FLAT RSI=43
[22:27:56 WIB 2026-09-01] >>> BUY LIMIT B KENA @4400 | harga=4360.57 | PINE=FLAT RSI=43
[22:27:56 WIB 2026-09-01] >>> PERINGATAN MISS #12: PINE belum konfirmasi BUY — posisi AGRESIF, siap cut cepat!
[22:27:56 WIB 2026-09-01] === TRACKING B: SL 4355 | TP1 4450 (L1 close) | TP2 4538 (L2 runner) ===
[22:27:56 WIB 2026-09-01] [B] floating -39.4 pips | harga=4360.57 | PINE=FLAT RSI=43
[22:28:57 WIB 2026-09-01] [LIVE] floating -37.3 pips | harga=4362.68 | PINE=FLAT RSI=44.1
[22:28:57 WIB 2026-09-01] [A] SELL LIMIT 4538 belum kena | harga=4362.68 | PINE=FLAT RSI=44.1
[22:28:57 WIB 2026-09-01] >>> BUY LIMIT B KENA @4400 | harga=4362.68 | PINE=FLAT RSI=44.1
[22:28:57 WIB 2026-09-01] >>> PERINGATAN MISS #12: PINE belum konfirmasi BUY — posisi AGRESIF, siap cut cepat!
[22:28:57 WIB 2026-09-01] === TRACKING B: SL 4355 | TP1 4450 (L1 close) | TP2 4538 (L2 runner) ===
[22:28:57 WIB 2026-09-01] [B] floating -37.3 pips | harga=4362.68 | PINE=FLAT RSI=44.1
[22:29:56 WIB 2026-09-01] [LIVE] floating -35.1 pips | harga=4364.87 | PINE=FLAT RSI=45.4
[22:29:56 WIB 2026-09-01] [A] SELL LIMIT 4538 belum kena | harga=4364.87 | PINE=FLAT RSI=45.4
[22:29:56 WIB 2026-09-01] >>> BUY LIMIT B KENA @4400 | harga=4364.87 | PINE=FLAT RSI=45.4
[22:29:56 WIB 2026-09-01] >>> PERINGATAN MISS #12: PINE belum konfirmasi BUY — posisi AGRESIF, siap cut cepat!
[22:29:56 WIB 2026-09-01] === TRACKING B: SL 4355 | TP1 4450 (L1 close) | TP2 4538 (L2 runner) ===
[22:29:56 WIB 2026-09-01] [B] floating -35.1 pips | harga=4364.87 | PINE=FLAT RSI=45.4
[22:30:56 WIB 2026-09-01] [LIVE] floating -34.0 pips | harga=4366.03 | PINE=FLAT RSI=46
[22:30:56 WIB 2026-09-01] [A] SELL LIMIT 4538 belum kena | harga=4366.03 | PINE=FLAT RSI=46
[22:30:56 WIB 2026-09-01] >>> BUY LIMIT B KENA @4400 | harga=4366.03 | PINE=FLAT RSI=46
[22:30:56 WIB 2026-09-01] >>> PERINGATAN MISS #12: PINE belum konfirmasi BUY — posisi AGRESIF, siap cut cepat!
[22:30:56 WIB 2026-09-01] === TRACKING B: SL 4355 | TP1 4450 (L1 close) | TP2 4538 (L2 runner) ===
[22:30:56 WIB 2026-09-01] [B] floating -34.0 pips | harga=4366.03 | PINE=FLAT RSI=46
[22:31:56 WIB 2026-09-01] [LIVE] floating -35.7 pips | harga=4364.29 | PINE=FLAT RSI=45.1
[22:31:56 WIB 2026-09-01] [A] SELL LIMIT 4538 belum kena | harga=4364.29 | PINE=FLAT RSI=45.1
[22:31:56 WIB 2026-09-01] >>> BUY LIMIT B KENA @4400 | harga=4364.29 | PINE=FLAT RSI=45.1
[22:31:56 WIB 2026-09-01] >>> PERINGATAN MISS #12: PINE belum konfirmasi BUY — posisi AGRESIF, siap cut cepat!
[22:31:56 WIB 2026-09-01] === TRACKING B: SL 4355 | TP1 4450 (L1 close) | TP2 4538 (L2 runner) ===
[22:31:56 WIB 2026-09-01] [B] floating -35.7 pips | harga=4364.29 | PINE=FLAT RSI=45.1
[22:32:56 WIB 2026-09-01] [LIVE] floating -36.6 pips | harga=4363.41 | PINE=FLAT RSI=44.7
[22:32:56 WIB 2026-09-01] [A] SELL LIMIT 4538 belum kena | harga=4363.41 | PINE=FLAT RSI=44.7
[22:32:56 WIB 2026-09-01] >>> BUY LIMIT B KENA @4400 | harga=4363.41 | PINE=FLAT RSI=44.7
[22:32:56 WIB 2026-09-01] >>> PERINGATAN MISS #12: PINE belum konfirmasi BUY — posisi AGRESIF, siap cut cepat!
[22:32:56 WIB 2026-09-01] === TRACKING B: SL 4355 | TP1 4450 (L1 close) | TP2 4538 (L2 runner) ===
[22:32:56 WIB 2026-09-01] [B] floating -36.6 pips | harga=4363.41 | PINE=FLAT RSI=44.7
[22:33:56 WIB 2026-09-01] [LIVE] floating -34.8 pips | harga=4365.18 | PINE=FLAT RSI=45.6
[22:33:56 WIB 2026-09-01] [A] SELL LIMIT 4538 belum kena | harga=4365.18 | PINE=FLAT RSI=45.6
[22:33:56 WIB 2026-09-01] >>> BUY LIMIT B KENA @4400 | harga=4365.18 | PINE=FLAT RSI=45.6
[22:33:56 WIB 2026-09-01] >>> PERINGATAN MISS #12: PINE belum konfirmasi BUY — posisi AGRESIF, siap cut cepat!
[22:33:56 WIB 2026-09-01] === TRACKING B: SL 4355 | TP1 4450 (L1 close) | TP2 4538 (L2 runner) ===
[22:33:56 WIB 2026-09-01] [B] floating -34.8 pips | harga=4365.18 | PINE=FLAT RSI=45.6
[22:34:56 WIB 2026-09-01] [LIVE] floating -36.5 pips | harga=4363.55 | PINE=FLAT RSI=44.8
[22:34:56 WIB 2026-09-01] [A] SELL LIMIT 4538 belum kena | harga=4363.55 | PINE=FLAT RSI=44.8
[22:34:56 WIB 2026-09-01] >>> BUY LIMIT B KENA @4400 | harga=4363.55 | PINE=FLAT RSI=44.8
[22:34:56 WIB 2026-09-01] >>> PERINGATAN MISS #12: PINE belum konfirmasi BUY — posisi AGRESIF, siap cut cepat!
[22:34:56 WIB 2026-09-01] === TRACKING B: SL 4355 | TP1 4450 (L1 close) | TP2 4538 (L2 runner) ===
[22:34:56 WIB 2026-09-01] [B] floating -36.5 pips | harga=4363.55 | PINE=FLAT RSI=44.8
[22:35:56 WIB 2026-09-01] [LIVE] floating -35.9 pips | harga=4364.10 | PINE=FLAT RSI=45
[22:35:56 WIB 2026-09-01] [A] SELL LIMIT 4538 belum kena | harga=4364.10 | PINE=FLAT RSI=45
[22:35:56 WIB 2026-09-01] >>> BUY LIMIT B KENA @4400 | harga=4364.10 | PINE=FLAT RSI=45
[22:35:56 WIB 2026-09-01] >>> PERINGATAN MISS #12: PINE belum konfirmasi BUY — posisi AGRESIF, siap cut cepat!
[22:35:56 WIB 2026-09-01] === TRACKING B: SL 4355 | TP1 4450 (L1 close) | TP2 4538 (L2 runner) ===
[22:35:56 WIB 2026-09-01] [B] floating -35.9 pips | harga=4364.10 | PINE=FLAT RSI=45
[22:36:57 WIB 2026-09-01] [LIVE] floating -35.6 pips | harga=4364.38 | PINE=FLAT RSI=45.4
[22:36:57 WIB 2026-09-01] [A] SELL LIMIT 4538 belum kena | harga=4364.38 | PINE=FLAT RSI=45.4
[22:36:57 WIB 2026-09-01] >>> BUY LIMIT B KENA @4400 | harga=4364.38 | PINE=FLAT RSI=45.4
[22:36:57 WIB 2026-09-01] >>> PERINGATAN MISS #12: PINE belum konfirmasi BUY — posisi AGRESIF, siap cut cepat!
[22:36:57 WIB 2026-09-01] === TRACKING B: SL 4355 | TP1 4450 (L1 close) | TP2 4538 (L2 runner) ===
[22:36:57 WIB 2026-09-01] [B] floating -35.6 pips | harga=4364.38 | PINE=FLAT RSI=45.4
[22:37:57 WIB 2026-09-01] [LIVE] floating -35.6 pips | harga=4364.41 | PINE=FLAT RSI=45.1
[22:37:57 WIB 2026-09-01] [A] SELL LIMIT 4538 belum kena | harga=4364.41 | PINE=FLAT RSI=45.1
[22:37:57 WIB 2026-09-01] >>> BUY LIMIT B KENA @4400 | harga=4364.41 | PINE=FLAT RSI=45.1
[22:37:57 WIB 2026-09-01] >>> PERINGATAN MISS #12: PINE belum konfirmasi BUY — posisi AGRESIF, siap cut cepat!
[22:37:57 WIB 2026-09-01] === TRACKING B: SL 4355 | TP1 4450 (L1 close) | TP2 4538 (L2 runner) ===
[22:37:57 WIB 2026-09-01] [B] floating -35.6 pips | harga=4364.41 | PINE=FLAT RSI=45.1
[22:38:57 WIB 2026-09-01] [LIVE] floating -35.4 pips | harga=4364.58 | PINE=FLAT RSI=45.3
[22:38:57 WIB 2026-09-01] [A] SELL LIMIT 4538 belum kena | harga=4364.58 | PINE=FLAT RSI=45.3
[22:38:57 WIB 2026-09-01] >>> BUY LIMIT B KENA @4400 | harga=4364.58 | PINE=FLAT RSI=45.3
[22:38:57 WIB 2026-09-01] >>> PERINGATAN MISS #12: PINE belum konfirmasi BUY — posisi AGRESIF, siap cut cepat!
[22:38:57 WIB 2026-09-01] === TRACKING B: SL 4355 | TP1 4450 (L1 close) | TP2 4538 (L2 runner) ===
[22:38:57 WIB 2026-09-01] [B] floating -35.4 pips | harga=4364.58 | PINE=FLAT RSI=45.3
[22:39:57 WIB 2026-09-01] [LIVE] floating -35.8 pips | harga=4364.18 | PINE=FLAT RSI=45.1
[22:39:57 WIB 2026-09-01] [A] SELL LIMIT 4538 belum kena | harga=4364.18 | PINE=FLAT RSI=45.1
[22:39:57 WIB 2026-09-01] >>> BUY LIMIT B KENA @4400 | harga=4364.18 | PINE=FLAT RSI=45.1
[22:39:57 WIB 2026-09-01] >>> PERINGATAN MISS #12: PINE belum konfirmasi BUY — posisi AGRESIF, siap cut cepat!
[22:39:57 WIB 2026-09-01] === TRACKING B: SL 4355 | TP1 4450 (L1 close) | TP2 4538 (L2 runner) ===
[22:39:57 WIB 2026-09-01] [B] floating -35.8 pips | harga=4364.18 | PINE=FLAT RSI=45.1
[22:40:57 WIB 2026-09-01] [LIVE] floating -33.6 pips | harga=4366.42 | PINE=FLAT RSI=45.8
[22:40:57 WIB 2026-09-01] [A] SELL LIMIT 4538 belum kena | harga=4366.42 | PINE=FLAT RSI=45.8
[22:40:57 WIB 2026-09-01] >>> BUY LIMIT B KENA @4400 | harga=4366.42 | PINE=FLAT RSI=45.8
[22:40:57 WIB 2026-09-01] >>> PERINGATAN MISS #12: PINE belum konfirmasi BUY — posisi AGRESIF, siap cut cepat!
[22:40:57 WIB 2026-09-01] === TRACKING B: SL 4355 | TP1 4450 (L1 close) | TP2 4538 (L2 runner) ===
[22:40:57 WIB 2026-09-01] [B] floating -33.6 pips | harga=4366.42 | PINE=FLAT RSI=45.8
[22:41:57 WIB 2026-09-01] [LIVE] floating -33.6 pips | harga=4366.37 | PINE=FLAT RSI=46.2
[22:41:57 WIB 2026-09-01] [A] SELL LIMIT 4538 belum kena | harga=4366.37 | PINE=FLAT RSI=46.2
[22:41:57 WIB 2026-09-01] >>> BUY LIMIT B KENA @4400 | harga=4366.37 | PINE=FLAT RSI=46.2
[22:41:57 WIB 2026-09-01] >>> PERINGATAN MISS #12: PINE belum konfirmasi BUY — posisi AGRESIF, siap cut cepat!
[22:41:57 WIB 2026-09-01] === TRACKING B: SL 4355 | TP1 4450 (L1 close) | TP2 4538 (L2 runner) ===
[22:41:57 WIB 2026-09-01] [B] floating -33.6 pips | harga=4366.37 | PINE=FLAT RSI=46.2
[22:42:57 WIB 2026-09-01] [LIVE] floating -33.7 pips | harga=4366.29 | PINE=FLAT RSI=45.9
[22:42:57 WIB 2026-09-01] [A] SELL LIMIT 4538 belum kena | harga=4366.29 | PINE=FLAT RSI=45.9
[22:42:57 WIB 2026-09-01] >>> BUY LIMIT B KENA @4400 | harga=4366.29 | PINE=FLAT RSI=45.9
[22:42:57 WIB 2026-09-01] >>> PERINGATAN MISS #12: PINE belum konfirmasi BUY — posisi AGRESIF, siap cut cepat!
[22:42:57 WIB 2026-09-01] === TRACKING B: SL 4355 | TP1 4450 (L1 close) | TP2 4538 (L2 runner) ===
[22:42:57 WIB 2026-09-01] [B] floating -33.7 pips | harga=4366.29 | PINE=FLAT RSI=45.9
[22:43:57 WIB 2026-09-01] [LIVE] floating -31.3 pips | harga=4368.72 | PINE=FLAT RSI=47.6
[22:43:57 WIB 2026-09-01] [A] SELL LIMIT 4538 belum kena | harga=4368.72 | PINE=FLAT RSI=47.6
[22:43:57 WIB 2026-09-01] >>> BUY LIMIT B KENA @4400 | harga=4368.72 | PINE=FLAT RSI=47.6
[22:43:57 WIB 2026-09-01] >>> PERINGATAN MISS #12: PINE belum konfirmasi BUY — posisi AGRESIF, siap cut cepat!
[22:43:57 WIB 2026-09-01] === TRACKING B: SL 4355 | TP1 4450 (L1 close) | TP2 4538 (L2 runner) ===
[22:43:57 WIB 2026-09-01] [B] floating -31.3 pips | harga=4368.72 | PINE=FLAT RSI=47.6
[22:44:57 WIB 2026-09-01] [LIVE] floating -30.3 pips | harga=4369.67 | PINE=FLAT RSI=48.1
[22:44:57 WIB 2026-09-01] [A] SELL LIMIT 4538 belum kena | harga=4369.67 | PINE=FLAT RSI=48.1
[22:44:57 WIB 2026-09-01] >>> BUY LIMIT B KENA @4400 | harga=4369.67 | PINE=FLAT RSI=48.1
[22:44:57 WIB 2026-09-01] >>> PERINGATAN MISS #12: PINE belum konfirmasi BUY — posisi AGRESIF, siap cut cepat!
[22:44:57 WIB 2026-09-01] === TRACKING B: SL 4355 | TP1 4450 (L1 close) | TP2 4538 (L2 runner) ===
[22:44:57 WIB 2026-09-01] [B] floating -30.3 pips | harga=4369.67 | PINE=FLAT RSI=48.1
[22:45:57 WIB 2026-09-01] [LIVE] floating -28.9 pips | harga=4371.07 | PINE=FLAT RSI=48.9
[22:45:57 WIB 2026-09-01] [A] SELL LIMIT 4538 belum kena | harga=4371.07 | PINE=FLAT RSI=48.9
[22:45:57 WIB 2026-09-01] >>> BUY LIMIT B KENA @4400 | harga=4371.07 | PINE=FLAT RSI=48.9
[22:45:57 WIB 2026-09-01] >>> PERINGATAN MISS #12: PINE belum konfirmasi BUY — posisi AGRESIF, siap cut cepat!
[22:45:57 WIB 2026-09-01] === TRACKING B: SL 4355 | TP1 4450 (L1 close) | TP2 4538 (L2 runner) ===
[22:45:57 WIB 2026-09-01] [B] floating -28.9 pips | harga=4371.07 | PINE=FLAT RSI=48.9
[22:46:57 WIB 2026-09-01] [LIVE] floating -30.0 pips | harga=4370.02 | PINE=FLAT RSI=48.3
[22:46:57 WIB 2026-09-01] [A] SELL LIMIT 4538 belum kena | harga=4370.02 | PINE=FLAT RSI=48.3
[22:46:57 WIB 2026-09-01] >>> BUY LIMIT B KENA @4400 | harga=4370.02 | PINE=FLAT RSI=48.3
[22:46:57 WIB 2026-09-01] >>> PERINGATAN MISS #12: PINE belum konfirmasi BUY — posisi AGRESIF, siap cut cepat!
[22:46:57 WIB 2026-09-01] === TRACKING B: SL 4355 | TP1 4450 (L1 close) | TP2 4538 (L2 runner) ===
[22:46:57 WIB 2026-09-01] [B] floating -30.0 pips | harga=4370.02 | PINE=FLAT RSI=48.3
[22:47:57 WIB 2026-09-01] [LIVE] floating -29.6 pips | harga=4370.45 | PINE=FLAT RSI=48.6
[22:47:57 WIB 2026-09-01] [A] SELL LIMIT 4538 belum kena | harga=4370.45 | PINE=FLAT RSI=48.6
[22:47:57 WIB 2026-09-01] >>> BUY LIMIT B KENA @4400 | harga=4370.45 | PINE=FLAT RSI=48.6
[22:47:57 WIB 2026-09-01] >>> PERINGATAN MISS #12: PINE belum konfirmasi BUY — posisi AGRESIF, siap cut cepat!
[22:47:57 WIB 2026-09-01] === TRACKING B: SL 4355 | TP1 4450 (L1 close) | TP2 4538 (L2 runner) ===
[22:47:57 WIB 2026-09-01] [B] floating -29.6 pips | harga=4370.45 | PINE=FLAT RSI=48.6
[22:48:57 WIB 2026-09-01] [LIVE] floating -30.7 pips | harga=4369.30 | PINE=FLAT RSI=47.9
[22:48:57 WIB 2026-09-01] [A] SELL LIMIT 4538 belum kena | harga=4369.30 | PINE=FLAT RSI=47.9
[22:48:57 WIB 2026-09-01] >>> BUY LIMIT B KENA @4400 | harga=4369.30 | PINE=FLAT RSI=47.9
[22:48:57 WIB 2026-09-01] >>> PERINGATAN MISS #12: PINE belum konfirmasi BUY — posisi AGRESIF, siap cut cepat!
[22:48:57 WIB 2026-09-01] === TRACKING B: SL 4355 | TP1 4450 (L1 close) | TP2 4538 (L2 runner) ===
[22:48:57 WIB 2026-09-01] [B] floating -30.7 pips | harga=4369.30 | PINE=FLAT RSI=47.9
[22:49:57 WIB 2026-09-01] [LIVE] floating -29.7 pips | harga=4370.31 | PINE=FLAT RSI=48.3
[22:49:57 WIB 2026-09-01] [A] SELL LIMIT 4538 belum kena | harga=4370.31 | PINE=FLAT RSI=48.3
[22:49:57 WIB 2026-09-01] >>> BUY LIMIT B KENA @4400 | harga=4370.31 | PINE=FLAT RSI=48.3
[22:49:57 WIB 2026-09-01] >>> PERINGATAN MISS #12: PINE belum konfirmasi BUY — posisi AGRESIF, siap cut cepat!
[22:49:57 WIB 2026-09-01] === TRACKING B: SL 4355 | TP1 4450 (L1 close) | TP2 4538 (L2 runner) ===
[22:49:57 WIB 2026-09-01] [B] floating -29.7 pips | harga=4370.31 | PINE=FLAT RSI=48.3
[22:50:57 WIB 2026-09-01] [LIVE] floating -29.5 pips | harga=4370.45 | PINE=FLAT RSI=48.6
[22:50:57 WIB 2026-09-01] [A] SELL LIMIT 4538 belum kena | harga=4370.45 | PINE=FLAT RSI=48.6
[22:50:57 WIB 2026-09-01] >>> BUY LIMIT B KENA @4400 | harga=4370.45 | PINE=FLAT RSI=48.6
[22:50:57 WIB 2026-09-01] >>> PERINGATAN MISS #12: PINE belum konfirmasi BUY — posisi AGRESIF, siap cut cepat!
[22:50:57 WIB 2026-09-01] === TRACKING B: SL 4355 | TP1 4450 (L1 close) | TP2 4538 (L2 runner) ===
[22:50:57 WIB 2026-09-01] [B] floating -29.5 pips | harga=4370.45 | PINE=FLAT RSI=48.6
[22:51:57 WIB 2026-09-01] [LIVE] floating -28.7 pips | harga=4371.32 | PINE=FLAT RSI=49.1
[22:51:57 WIB 2026-09-01] [A] SELL LIMIT 4538 belum kena | harga=4371.32 | PINE=FLAT RSI=49.1
[22:51:57 WIB 2026-09-01] >>> BUY LIMIT B KENA @4400 | harga=4371.32 | PINE=FLAT RSI=49.1
[22:51:57 WIB 2026-09-01] >>> PERINGATAN MISS #12: PINE belum konfirmasi BUY — posisi AGRESIF, siap cut cepat!
[22:51:57 WIB 2026-09-01] === TRACKING B: SL 4355 | TP1 4450 (L1 close) | TP2 4538 (L2 runner) ===
[22:51:57 WIB 2026-09-01] [B] floating -28.7 pips | harga=4371.32 | PINE=FLAT RSI=49.1
[22:52:57 WIB 2026-09-01] [LIVE] floating -29.2 pips | harga=4370.82 | PINE=FLAT RSI=48.8
[22:52:57 WIB 2026-09-01] [A] SELL LIMIT 4538 belum kena | harga=4370.82 | PINE=FLAT RSI=48.8
[22:52:57 WIB 2026-09-01] >>> BUY LIMIT B KENA @4400 | harga=4370.82 | PINE=FLAT RSI=48.8
[22:52:57 WIB 2026-09-01] >>> PERINGATAN MISS #12: PINE belum konfirmasi BUY — posisi AGRESIF, siap cut cepat!
[22:52:57 WIB 2026-09-01] === TRACKING B: SL 4355 | TP1 4450 (L1 close) | TP2 4538 (L2 runner) ===
[22:52:57 WIB 2026-09-01] [B] floating -29.2 pips | harga=4370.82 | PINE=FLAT RSI=48.8
[22:53:57 WIB 2026-09-01] [LIVE] floating -28.9 pips | harga=4371.10 | PINE=FLAT RSI=48.8
[22:53:57 WIB 2026-09-01] [A] SELL LIMIT 4538 belum kena | harga=4371.10 | PINE=FLAT RSI=48.8
[22:53:57 WIB 2026-09-01] >>> BUY LIMIT B KENA @4400 | harga=4371.10 | PINE=FLAT RSI=48.8
[22:53:57 WIB 2026-09-01] >>> PERINGATAN MISS #12: PINE belum konfirmasi BUY — posisi AGRESIF, siap cut cepat!
[22:53:57 WIB 2026-09-01] === TRACKING B: SL 4355 | TP1 4450 (L1 close) | TP2 4538 (L2 runner) ===
[22:53:57 WIB 2026-09-01] [B] floating -28.9 pips | harga=4371.10 | PINE=FLAT RSI=48.8
[22:54:57 WIB 2026-09-01] [LIVE] floating -26.9 pips | harga=4373.14 | PINE=FLAT RSI=50.1
[22:54:57 WIB 2026-09-01] [A] SELL LIMIT 4538 belum kena | harga=4373.14 | PINE=FLAT RSI=50.1
[22:54:57 WIB 2026-09-01] >>> BUY LIMIT B KENA @4400 | harga=4373.14 | PINE=FLAT RSI=50.1
[22:54:57 WIB 2026-09-01] >>> PERINGATAN MISS #12: PINE belum konfirmasi BUY — posisi AGRESIF, siap cut cepat!
[22:54:57 WIB 2026-09-01] === TRACKING B: SL 4355 | TP1 4450 (L1 close) | TP2 4538 (L2 runner) ===
[22:54:57 WIB 2026-09-01] [B] floating -26.9 pips | harga=4373.14 | PINE=FLAT RSI=50.1
[22:55:57 WIB 2026-09-01] [LIVE] floating -27.5 pips | harga=4372.54 | PINE=FLAT RSI=49.8
[22:55:57 WIB 2026-09-01] [A] SELL LIMIT 4538 belum kena | harga=4372.54 | PINE=FLAT RSI=49.8
[22:55:57 WIB 2026-09-01] >>> BUY LIMIT B KENA @4400 | harga=4372.54 | PINE=FLAT RSI=49.8
[22:55:57 WIB 2026-09-01] >>> PERINGATAN MISS #12: PINE belum konfirmasi BUY — posisi AGRESIF, siap cut cepat!
[22:55:57 WIB 2026-09-01] === TRACKING B: SL 4355 | TP1 4450 (L1 close) | TP2 4538 (L2 runner) ===
[22:55:57 WIB 2026-09-01] [B] floating -27.5 pips | harga=4372.54 | PINE=FLAT RSI=49.8
[22:56:57 WIB 2026-09-01] [LIVE] floating -28.3 pips | harga=4371.72 | PINE=FLAT RSI=49.3
[22:56:57 WIB 2026-09-01] [A] SELL LIMIT 4538 belum kena | harga=4371.72 | PINE=FLAT RSI=49.3
[22:56:57 WIB 2026-09-01] >>> BUY LIMIT B KENA @4400 | harga=4371.72 | PINE=FLAT RSI=49.3
[22:56:57 WIB 2026-09-01] >>> PERINGATAN MISS #12: PINE belum konfirmasi BUY — posisi AGRESIF, siap cut cepat!
[22:56:57 WIB 2026-09-01] === TRACKING B: SL 4355 | TP1 4450 (L1 close) | TP2 4538 (L2 runner) ===
[22:56:57 WIB 2026-09-01] [B] floating -28.3 pips | harga=4371.72 | PINE=FLAT RSI=49.3
[22:57:57 WIB 2026-09-01] [LIVE] floating -29.3 pips | harga=4370.70 | PINE=FLAT RSI=48.7
[22:57:57 WIB 2026-09-01] [A] SELL LIMIT 4538 belum kena | harga=4370.70 | PINE=FLAT RSI=48.7
[22:57:57 WIB 2026-09-01] >>> BUY LIMIT B KENA @4400 | harga=4370.70 | PINE=FLAT RSI=48.7
[22:57:57 WIB 2026-09-01] >>> PERINGATAN MISS #12: PINE belum konfirmasi BUY — posisi AGRESIF, siap cut cepat!
[22:57:57 WIB 2026-09-01] === TRACKING B: SL 4355 | TP1 4450 (L1 close) | TP2 4538 (L2 runner) ===
[22:57:57 WIB 2026-09-01] [B] floating -29.3 pips | harga=4370.70 | PINE=FLAT RSI=48.7
[22:58:57 WIB 2026-09-01] [LIVE] floating -27.8 pips | harga=4372.22 | PINE=FLAT RSI=49.2
[22:58:57 WIB 2026-09-01] [A] SELL LIMIT 4538 belum kena | harga=4372.22 | PINE=FLAT RSI=49.2
[22:58:57 WIB 2026-09-01] >>> BUY LIMIT B KENA @4400 | harga=4372.22 | PINE=FLAT RSI=49.2
[22:58:57 WIB 2026-09-01] >>> PERINGATAN MISS #12: PINE belum konfirmasi BUY — posisi AGRESIF, siap cut cepat!
[22:58:57 WIB 2026-09-01] === TRACKING B: SL 4355 | TP1 4450 (L1 close) | TP2 4538 (L2 runner) ===
[22:58:57 WIB 2026-09-01] [B] floating -27.8 pips | harga=4372.22 | PINE=FLAT RSI=49.2
[22:59:57 WIB 2026-09-01] [LIVE] floating -27.2 pips | harga=4372.77 | PINE=FLAT RSI=49.9
[22:59:57 WIB 2026-09-01] [A] SELL LIMIT 4538 belum kena | harga=4372.77 | PINE=FLAT RSI=49.9
[22:59:57 WIB 2026-09-01] >>> BUY LIMIT B KENA @4400 | harga=4372.77 | PINE=FLAT RSI=49.9
[22:59:57 WIB 2026-09-01] >>> PERINGATAN MISS #12: PINE belum konfirmasi BUY — posisi AGRESIF, siap cut cepat!
[22:59:57 WIB 2026-09-01] === TRACKING B: SL 4355 | TP1 4450 (L1 close) | TP2 4538 (L2 runner) ===
[22:59:57 WIB 2026-09-01] [B] floating -27.2 pips | harga=4372.77 | PINE=FLAT RSI=49.9
[23:00:57 WIB 2026-09-01] [LIVE] floating -25.6 pips | harga=4374.38 | PINE=FLAT RSI=50.8
[23:00:57 WIB 2026-09-01] [A] SELL LIMIT 4538 belum kena | harga=4374.38 | PINE=FLAT RSI=50.8
[23:00:57 WIB 2026-09-01] >>> BUY LIMIT B KENA @4400 | harga=4374.38 | PINE=FLAT RSI=50.8
[23:00:57 WIB 2026-09-01] >>> PERINGATAN MISS #12: PINE belum konfirmasi BUY — posisi AGRESIF, siap cut cepat!
[23:00:57 WIB 2026-09-01] === TRACKING B: SL 4355 | TP1 4450 (L1 close) | TP2 4538 (L2 runner) ===
[23:00:57 WIB 2026-09-01] [B] floating -25.6 pips | harga=4374.38 | PINE=FLAT RSI=50.8
[23:01:57 WIB 2026-09-01] [LIVE] floating -27.1 pips | harga=4372.88 | PINE=FLAT RSI=49.9
[23:01:57 WIB 2026-09-01] [A] SELL LIMIT 4538 belum kena | harga=4372.88 | PINE=FLAT RSI=49.9
[23:01:57 WIB 2026-09-01] >>> BUY LIMIT B KENA @4400 | harga=4372.88 | PINE=FLAT RSI=49.9
[23:01:57 WIB 2026-09-01] >>> PERINGATAN MISS #12: PINE belum konfirmasi BUY — posisi AGRESIF, siap cut cepat!
[23:01:57 WIB 2026-09-01] === TRACKING B: SL 4355 | TP1 4450 (L1 close) | TP2 4538 (L2 runner) ===
[23:01:57 WIB 2026-09-01] [B] floating -27.1 pips | harga=4372.88 | PINE=FLAT RSI=49.9
[23:02:57 WIB 2026-09-01] [LIVE] floating -27.8 pips | harga=4372.23 | PINE=FLAT RSI=49.6
[23:02:57 WIB 2026-09-01] [A] SELL LIMIT 4538 belum kena | harga=4372.23 | PINE=FLAT RSI=49.6
[23:02:57 WIB 2026-09-01] >>> BUY LIMIT B KENA @4400 | harga=4372.23 | PINE=FLAT RSI=49.6
[23:02:57 WIB 2026-09-01] >>> PERINGATAN MISS #12: PINE belum konfirmasi BUY — posisi AGRESIF, siap cut cepat!
[23:02:57 WIB 2026-09-01] === TRACKING B: SL 4355 | TP1 4450 (L1 close) | TP2 4538 (L2 runner) ===
[23:02:57 WIB 2026-09-01] [B] floating -27.8 pips | harga=4372.23 | PINE=FLAT RSI=49.6
[23:03:57 WIB 2026-09-01] [LIVE] floating -27.7 pips | harga=4372.32 | PINE=FLAT RSI=49.7
[23:03:57 WIB 2026-09-01] [A] SELL LIMIT 4538 belum kena | harga=4372.32 | PINE=FLAT RSI=49.7
[23:03:57 WIB 2026-09-01] >>> BUY LIMIT B KENA @4400 | harga=4372.32 | PINE=FLAT RSI=49.7
[23:03:57 WIB 2026-09-01] >>> PERINGATAN MISS #12: PINE belum konfirmasi BUY — posisi AGRESIF, siap cut cepat!
[23:03:57 WIB 2026-09-01] === TRACKING B: SL 4355 | TP1 4450 (L1 close) | TP2 4538 (L2 runner) ===
[23:03:57 WIB 2026-09-01] [B] floating -27.7 pips | harga=4372.32 | PINE=FLAT RSI=49.7
[23:04:57 WIB 2026-09-01] [LIVE] floating -28.1 pips | harga=4371.94 | PINE=FLAT RSI=49.4
[23:04:57 WIB 2026-09-01] [A] SELL LIMIT 4538 belum kena | harga=4371.94 | PINE=FLAT RSI=49.4
[23:04:57 WIB 2026-09-01] >>> BUY LIMIT B KENA @4400 | harga=4371.94 | PINE=FLAT RSI=49.4
[23:04:57 WIB 2026-09-01] >>> PERINGATAN MISS #12: PINE belum konfirmasi BUY — posisi AGRESIF, siap cut cepat!
[23:04:57 WIB 2026-09-01] === TRACKING B: SL 4355 | TP1 4450 (L1 close) | TP2 4538 (L2 runner) ===
[23:04:57 WIB 2026-09-01] [B] floating -28.1 pips | harga=4371.94 | PINE=FLAT RSI=49.4
[23:05:57 WIB 2026-09-01] [LIVE] floating -28.3 pips | harga=4371.70 | PINE=FLAT RSI=49.2
[23:05:57 WIB 2026-09-01] [A] SELL LIMIT 4538 belum kena | harga=4371.70 | PINE=FLAT RSI=49.2
[23:05:57 WIB 2026-09-01] >>> BUY LIMIT B KENA @4400 | harga=4371.70 | PINE=FLAT RSI=49.2
[23:05:57 WIB 2026-09-01] >>> PERINGATAN MISS #12: PINE belum konfirmasi BUY — posisi AGRESIF, siap cut cepat!
[23:05:57 WIB 2026-09-01] === TRACKING B: SL 4355 | TP1 4450 (L1 close) | TP2 4538 (L2 runner) ===
[23:05:57 WIB 2026-09-01] [B] floating -28.3 pips | harga=4371.70 | PINE=FLAT RSI=49.2
[23:06:57 WIB 2026-09-01] [LIVE] floating -30.0 pips | harga=4369.98 | PINE=FLAT RSI=48.3
[23:06:57 WIB 2026-09-01] [A] SELL LIMIT 4538 belum kena | harga=4369.98 | PINE=FLAT RSI=48.3
[23:06:57 WIB 2026-09-01] >>> BUY LIMIT B KENA @4400 | harga=4369.98 | PINE=FLAT RSI=48.3
[23:06:57 WIB 2026-09-01] >>> PERINGATAN MISS #12: PINE belum konfirmasi BUY — posisi AGRESIF, siap cut cepat!
[23:06:57 WIB 2026-09-01] === TRACKING B: SL 4355 | TP1 4450 (L1 close) | TP2 4538 (L2 runner) ===
[23:06:57 WIB 2026-09-01] [B] floating -30.0 pips | harga=4369.98 | PINE=FLAT RSI=48.3
[23:07:57 WIB 2026-09-01] [LIVE] floating -30.3 pips | harga=4369.75 | PINE=FLAT RSI=48.1
[23:07:57 WIB 2026-09-01] [A] SELL LIMIT 4538 belum kena | harga=4369.75 | PINE=FLAT RSI=48.1
[23:07:57 WIB 2026-09-01] >>> BUY LIMIT B KENA @4400 | harga=4369.75 | PINE=FLAT RSI=48.1
[23:07:57 WIB 2026-09-01] >>> PERINGATAN MISS #12: PINE belum konfirmasi BUY — posisi AGRESIF, siap cut cepat!
[23:07:57 WIB 2026-09-01] === TRACKING B: SL 4355 | TP1 4450 (L1 close) | TP2 4538 (L2 runner) ===
[23:07:57 WIB 2026-09-01] [B] floating -30.3 pips | harga=4369.75 | PINE=FLAT RSI=48.1
[23:08:57 WIB 2026-09-01] [LIVE] floating -31.0 pips | harga=4369.02 | PINE=FLAT RSI=47.7
[23:08:57 WIB 2026-09-01] [A] SELL LIMIT 4538 belum kena | harga=4369.02 | PINE=FLAT RSI=47.7
[23:08:57 WIB 2026-09-01] >>> BUY LIMIT B KENA @4400 | harga=4369.02 | PINE=FLAT RSI=47.7
[23:08:57 WIB 2026-09-01] >>> PERINGATAN MISS #12: PINE belum konfirmasi BUY — posisi AGRESIF, siap cut cepat!
[23:08:57 WIB 2026-09-01] === TRACKING B: SL 4355 | TP1 4450 (L1 close) | TP2 4538 (L2 runner) ===
[23:08:57 WIB 2026-09-01] [B] floating -31.0 pips | harga=4369.02 | PINE=FLAT RSI=47.7
[23:09:57 WIB 2026-09-01] [LIVE] floating -31.3 pips | harga=4368.70 | PINE=FLAT RSI=47.6
[23:09:57 WIB 2026-09-01] [A] SELL LIMIT 4538 belum kena | harga=4368.70 | PINE=FLAT RSI=47.6
[23:09:57 WIB 2026-09-01] >>> BUY LIMIT B KENA @4400 | harga=4368.70 | PINE=FLAT RSI=47.6
[23:09:57 WIB 2026-09-01] >>> PERINGATAN MISS #12: PINE belum konfirmasi BUY — posisi AGRESIF, siap cut cepat!
[23:09:57 WIB 2026-09-01] === TRACKING B: SL 4355 | TP1 4450 (L1 close) | TP2 4538 (L2 runner) ===
[23:09:57 WIB 2026-09-01] [B] floating -31.3 pips | harga=4368.70 | PINE=FLAT RSI=47.6
[23:10:57 WIB 2026-09-01] [LIVE] floating -31.7 pips | harga=4368.30 | PINE=FLAT RSI=47.3
[23:10:57 WIB 2026-09-01] [A] SELL LIMIT 4538 belum kena | harga=4368.30 | PINE=FLAT RSI=47.3
[23:10:57 WIB 2026-09-01] >>> BUY LIMIT B KENA @4400 | harga=4368.30 | PINE=FLAT RSI=47.3
[23:10:57 WIB 2026-09-01] >>> PERINGATAN MISS #12: PINE belum konfirmasi BUY — posisi AGRESIF, siap cut cepat!
[23:10:57 WIB 2026-09-01] === TRACKING B: SL 4355 | TP1 4450 (L1 close) | TP2 4538 (L2 runner) ===
[23:10:57 WIB 2026-09-01] [B] floating -31.7 pips | harga=4368.30 | PINE=FLAT RSI=47.3
[23:11:57 WIB 2026-09-01] [LIVE] floating -34.1 pips | harga=4365.89 | PINE=FLAT RSI=46
[23:11:57 WIB 2026-09-01] [A] SELL LIMIT 4538 belum kena | harga=4365.89 | PINE=FLAT RSI=46
[23:11:57 WIB 2026-09-01] >>> BUY LIMIT B KENA @4400 | harga=4365.89 | PINE=FLAT RSI=46
[23:11:57 WIB 2026-09-01] >>> PERINGATAN MISS #12: PINE belum konfirmasi BUY — posisi AGRESIF, siap cut cepat!
[23:11:57 WIB 2026-09-01] === TRACKING B: SL 4355 | TP1 4450 (L1 close) | TP2 4538 (L2 runner) ===
[23:11:57 WIB 2026-09-01] [B] floating -34.1 pips | harga=4365.89 | PINE=FLAT RSI=46
[23:12:57 WIB 2026-09-01] [LIVE] floating -33.9 pips | harga=4366.07 | PINE=FLAT RSI=46.2
[23:12:57 WIB 2026-09-01] [A] SELL LIMIT 4538 belum kena | harga=4366.07 | PINE=FLAT RSI=46.2
[23:12:57 WIB 2026-09-01] >>> BUY LIMIT B KENA @4400 | harga=4366.07 | PINE=FLAT RSI=46.2
[23:12:57 WIB 2026-09-01] >>> PERINGATAN MISS #12: PINE belum konfirmasi BUY — posisi AGRESIF, siap cut cepat!
[23:12:57 WIB 2026-09-01] === TRACKING B: SL 4355 | TP1 4450 (L1 close) | TP2 4538 (L2 runner) ===
[23:12:57 WIB 2026-09-01] [B] floating -33.9 pips | harga=4366.07 | PINE=FLAT RSI=46.2
[23:13:57 WIB 2026-09-01] [LIVE] floating -34.0 pips | harga=4365.98 | PINE=FLAT RSI=46.1
[23:13:57 WIB 2026-09-01] [A] SELL LIMIT 4538 belum kena | harga=4365.98 | PINE=FLAT RSI=46.1
[23:13:57 WIB 2026-09-01] >>> BUY LIMIT B KENA @4400 | harga=4365.98 | PINE=FLAT RSI=46.1
[23:13:57 WIB 2026-09-01] >>> PERINGATAN MISS #12: PINE belum konfirmasi BUY — posisi AGRESIF, siap cut cepat!
[23:13:57 WIB 2026-09-01] === TRACKING B: SL 4355 | TP1 4450 (L1 close) | TP2 4538 (L2 runner) ===
[23:13:57 WIB 2026-09-01] [B] floating -34.0 pips | harga=4365.98 | PINE=FLAT RSI=46.1
[23:14:57 WIB 2026-09-01] [LIVE] floating -37.0 pips | harga=4362.95 | PINE=FLAT RSI=44.6
[23:14:57 WIB 2026-09-01] [A] SELL LIMIT 4538 belum kena | harga=4362.95 | PINE=FLAT RSI=44.6
[23:14:57 WIB 2026-09-01] >>> BUY LIMIT B KENA @4400 | harga=4362.95 | PINE=FLAT RSI=44.6
[23:14:57 WIB 2026-09-01] >>> PERINGATAN MISS #12: PINE belum konfirmasi BUY — posisi AGRESIF, siap cut cepat!
[23:14:57 WIB 2026-09-01] === TRACKING B: SL 4355 | TP1 4450 (L1 close) | TP2 4538 (L2 runner) ===
[23:14:57 WIB 2026-09-01] [B] floating -37.0 pips | harga=4362.95 | PINE=FLAT RSI=44.6
[23:15:57 WIB 2026-09-01] [LIVE] floating -35.0 pips | harga=4365.02 | PINE=FLAT RSI=46
[23:15:57 WIB 2026-09-01] [A] SELL LIMIT 4538 belum kena | harga=4365.02 | PINE=FLAT RSI=46
[23:15:57 WIB 2026-09-01] >>> BUY LIMIT B KENA @4400 | harga=4365.02 | PINE=FLAT RSI=46
[23:15:57 WIB 2026-09-01] >>> PERINGATAN MISS #12: PINE belum konfirmasi BUY — posisi AGRESIF, siap cut cepat!
[23:15:57 WIB 2026-09-01] === TRACKING B: SL 4355 | TP1 4450 (L1 close) | TP2 4538 (L2 runner) ===
[23:15:57 WIB 2026-09-01] [B] floating -35.0 pips | harga=4365.02 | PINE=FLAT RSI=46
[23:16:57 WIB 2026-09-01] [LIVE] floating -36.5 pips | harga=4363.51 | PINE=FLAT RSI=45
[23:16:57 WIB 2026-09-01] [A] SELL LIMIT 4538 belum kena | harga=4363.51 | PINE=FLAT RSI=45
[23:16:57 WIB 2026-09-01] >>> BUY LIMIT B KENA @4400 | harga=4363.51 | PINE=FLAT RSI=45
[23:16:57 WIB 2026-09-01] >>> PERINGATAN MISS #12: PINE belum konfirmasi BUY — posisi AGRESIF, siap cut cepat!
[23:16:57 WIB 2026-09-01] === TRACKING B: SL 4355 | TP1 4450 (L1 close) | TP2 4538 (L2 runner) ===
[23:16:57 WIB 2026-09-01] [B] floating -36.5 pips | harga=4363.51 | PINE=FLAT RSI=45
[23:17:57 WIB 2026-09-01] [LIVE] floating -38.2 pips | harga=4361.78 | PINE=FLAT RSI=44
[23:17:57 WIB 2026-09-01] [A] SELL LIMIT 4538 belum kena | harga=4361.78 | PINE=FLAT RSI=44
[23:17:57 WIB 2026-09-01] >>> BUY LIMIT B KENA @4400 | harga=4361.78 | PINE=FLAT RSI=44
[23:17:57 WIB 2026-09-01] >>> PERINGATAN MISS #12: PINE belum konfirmasi BUY — posisi AGRESIF, siap cut cepat!
[23:17:57 WIB 2026-09-01] === TRACKING B: SL 4355 | TP1 4450 (L1 close) | TP2 4538 (L2 runner) ===
[23:17:57 WIB 2026-09-01] [B] floating -38.2 pips | harga=4361.78 | PINE=FLAT RSI=44
[23:18:57 WIB 2026-09-01] [LIVE] floating -39.9 pips | harga=4360.14 | PINE=FLAT RSI=43.2
[23:18:57 WIB 2026-09-01] [A] SELL LIMIT 4538 belum kena | harga=4360.14 | PINE=FLAT RSI=43.2
[23:18:57 WIB 2026-09-01] >>> BUY LIMIT B KENA @4400 | harga=4360.14 | PINE=FLAT RSI=43.2
[23:18:57 WIB 2026-09-01] >>> PERINGATAN MISS #12: PINE belum konfirmasi BUY — posisi AGRESIF, siap cut cepat!
[23:18:57 WIB 2026-09-01] === TRACKING B: SL 4355 | TP1 4450 (L1 close) | TP2 4538 (L2 runner) ===
[23:18:57 WIB 2026-09-01] [B] floating -39.9 pips | harga=4360.14 | PINE=FLAT RSI=43.2
[23:19:57 WIB 2026-09-01] [LIVE] floating -40.9 pips | harga=4359.13 | PINE=FLAT RSI=42.8
[23:19:57 WIB 2026-09-01] [A] SELL LIMIT 4538 belum kena | harga=4359.13 | PINE=FLAT RSI=42.8
[23:19:57 WIB 2026-09-01] >>> BUY LIMIT B KENA @4400 | harga=4359.13 | PINE=FLAT RSI=42.8
[23:19:57 WIB 2026-09-01] >>> PERINGATAN MISS #12: PINE belum konfirmasi BUY — posisi AGRESIF, siap cut cepat!
[23:19:57 WIB 2026-09-01] === TRACKING B: SL 4355 | TP1 4450 (L1 close) | TP2 4538 (L2 runner) ===
[23:19:57 WIB 2026-09-01] [B] floating -40.9 pips | harga=4359.13 | PINE=FLAT RSI=42.8
[23:20:57 WIB 2026-09-01] [LIVE] floating -42.4 pips | harga=4357.55 | PINE=FLAT RSI=42
[23:20:57 WIB 2026-09-01] [A] SELL LIMIT 4538 belum kena | harga=4357.55 | PINE=FLAT RSI=42
[23:20:57 WIB 2026-09-01] >>> BUY LIMIT B KENA @4400 | harga=4357.55 | PINE=FLAT RSI=42
[23:20:57 WIB 2026-09-01] >>> PERINGATAN MISS #12: PINE belum konfirmasi BUY — posisi AGRESIF, siap cut cepat!
[23:20:57 WIB 2026-09-01] === TRACKING B: SL 4355 | TP1 4450 (L1 close) | TP2 4538 (L2 runner) ===
[23:20:57 WIB 2026-09-01] [B] floating -42.4 pips | harga=4357.55 | PINE=FLAT RSI=42
[23:21:57 WIB 2026-09-01] [LIVE] floating -42.6 pips | harga=4357.45 | PINE=FLAT RSI=42
[23:21:57 WIB 2026-09-01] [A] SELL LIMIT 4538 belum kena | harga=4357.45 | PINE=FLAT RSI=42
[23:21:57 WIB 2026-09-01] >>> BUY LIMIT B KENA @4400 | harga=4357.45 | PINE=FLAT RSI=42
[23:21:57 WIB 2026-09-01] >>> PERINGATAN MISS #12: PINE belum konfirmasi BUY — posisi AGRESIF, siap cut cepat!
[23:21:57 WIB 2026-09-01] === TRACKING B: SL 4355 | TP1 4450 (L1 close) | TP2 4538 (L2 runner) ===
[23:21:57 WIB 2026-09-01] [B] floating -42.6 pips | harga=4357.45 | PINE=FLAT RSI=42
[23:22:57 WIB 2026-09-01] [LIVE] floating -44.0 pips | harga=4356.02 | PINE=FLAT RSI=41.3
[23:22:57 WIB 2026-09-01] [A] SELL LIMIT 4538 belum kena | harga=4356.02 | PINE=FLAT RSI=41.3
[23:22:57 WIB 2026-09-01] >>> BUY LIMIT B KENA @4400 | harga=4356.02 | PINE=FLAT RSI=41.3
[23:22:57 WIB 2026-09-01] >>> PERINGATAN MISS #12: PINE belum konfirmasi BUY — posisi AGRESIF, siap cut cepat!
[23:22:57 WIB 2026-09-01] === TRACKING B: SL 4355 | TP1 4450 (L1 close) | TP2 4538 (L2 runner) ===
[23:22:57 WIB 2026-09-01] [B] floating -44.0 pips | harga=4356.02 | PINE=FLAT RSI=41.3
[23:23:57 WIB 2026-09-01] [LIVE] floating -42.1 pips | harga=4357.90 | PINE=FLAT RSI=42.2
[23:23:57 WIB 2026-09-01] [A] SELL LIMIT 4538 belum kena | harga=4357.90 | PINE=FLAT RSI=42.2
[23:23:57 WIB 2026-09-01] >>> BUY LIMIT B KENA @4400 | harga=4357.90 | PINE=FLAT RSI=42.2
[23:23:57 WIB 2026-09-01] >>> PERINGATAN MISS #12: PINE belum konfirmasi BUY — posisi AGRESIF, siap cut cepat!
[23:23:57 WIB 2026-09-01] === TRACKING B: SL 4355 | TP1 4450 (L1 close) | TP2 4538 (L2 runner) ===
[23:23:57 WIB 2026-09-01] [B] floating -42.1 pips | harga=4357.90 | PINE=FLAT RSI=42.2
[23:24:57 WIB 2026-09-01] [LIVE] floating -41.7 pips | harga=4358.30 | PINE=FLAT RSI=42.3
[23:24:57 WIB 2026-09-01] [A] SELL LIMIT 4538 belum kena | harga=4358.30 | PINE=FLAT RSI=42.3
[23:24:57 WIB 2026-09-01] >>> BUY LIMIT B KENA @4400 | harga=4358.30 | PINE=FLAT RSI=42.3
[23:24:57 WIB 2026-09-01] >>> PERINGATAN MISS #12: PINE belum konfirmasi BUY — posisi AGRESIF, siap cut cepat!
[23:24:57 WIB 2026-09-01] === TRACKING B: SL 4355 | TP1 4450 (L1 close) | TP2 4538 (L2 runner) ===
[23:24:57 WIB 2026-09-01] [B] floating -41.7 pips | harga=4358.30 | PINE=FLAT RSI=42.3
[23:25:57 WIB 2026-09-01] [LIVE] floating -41.9 pips | harga=4358.15 | PINE=FLAT RSI=42.3
[23:25:57 WIB 2026-09-01] [A] SELL LIMIT 4538 belum kena | harga=4358.15 | PINE=FLAT RSI=42.3
[23:25:57 WIB 2026-09-01] >>> BUY LIMIT B KENA @4400 | harga=4358.15 | PINE=FLAT RSI=42.3
[23:25:57 WIB 2026-09-01] >>> PERINGATAN MISS #12: PINE belum konfirmasi BUY — posisi AGRESIF, siap cut cepat!
[23:25:57 WIB 2026-09-01] === TRACKING B: SL 4355 | TP1 4450 (L1 close) | TP2 4538 (L2 runner) ===
[23:25:57 WIB 2026-09-01] [B] floating -41.9 pips | harga=4358.15 | PINE=FLAT RSI=42.3
[23:26:57 WIB 2026-09-01] [LIVE] floating -41.9 pips | harga=4358.06 | PINE=FLAT RSI=42.2
[23:26:57 WIB 2026-09-01] [A] SELL LIMIT 4538 belum kena | harga=4358.06 | PINE=FLAT RSI=42.2
[23:26:57 WIB 2026-09-01] >>> BUY LIMIT B KENA @4400 | harga=4358.06 | PINE=FLAT RSI=42.2
[23:26:57 WIB 2026-09-01] >>> PERINGATAN MISS #12: PINE belum konfirmasi BUY — posisi AGRESIF, siap cut cepat!
[23:26:57 WIB 2026-09-01] === TRACKING B: SL 4355 | TP1 4450 (L1 close) | TP2 4538 (L2 runner) ===
[23:26:57 WIB 2026-09-01] [B] floating -41.9 pips | harga=4358.06 | PINE=FLAT RSI=42.2
[23:27:57 WIB 2026-09-01] *** SL KENA *** harga=4354.38 — CUT DISIPLIN, catat hasil
[23:27:57 WIB 2026-09-01] [A] SELL LIMIT 4538 belum kena | harga=4354.38 | PINE=FLAT RSI=40.6
[23:27:57 WIB 2026-09-01] >>> BUY LIMIT B KENA @4400 | harga=4354.38 | PINE=FLAT RSI=40.6
[23:27:57 WIB 2026-09-01] >>> PERINGATAN MISS #12: PINE belum konfirmasi BUY — posisi AGRESIF, siap cut cepat!
[23:27:57 WIB 2026-09-01] === TRACKING B: SL 4355 | TP1 4450 (L1 close) | TP2 4538 (L2 runner) ===
[23:27:57 WIB 2026-09-01] *** SL KENA *** harga=4354.38 — CUT DISIPLIN, catat hasil
[23:28:57 WIB 2026-09-01] *** SL KENA *** harga=4353.43 — CUT DISIPLIN, catat hasil
[23:28:57 WIB 2026-09-01] [A] SELL LIMIT 4538 belum kena | harga=4353.43 | PINE=FLAT RSI=40.5
[23:28:57 WIB 2026-09-01] >>> BUY LIMIT B KENA @4400 | harga=4353.43 | PINE=FLAT RSI=40.5
[23:28:57 WIB 2026-09-01] >>> PERINGATAN MISS #12: PINE belum konfirmasi BUY — posisi AGRESIF, siap cut cepat!
[23:28:57 WIB 2026-09-01] === TRACKING B: SL 4355 | TP1 4450 (L1 close) | TP2 4538 (L2 runner) ===
[23:28:57 WIB 2026-09-01] *** SL KENA *** harga=4353.43 — CUT DISIPLIN, catat hasil
[23:29:57 WIB 2026-09-01] *** SL KENA *** harga=4353.73 — CUT DISIPLIN, catat hasil
[23:29:57 WIB 2026-09-01] [A] SELL LIMIT 4538 belum kena | harga=4353.73 | PINE=FLAT RSI=40
[23:29:57 WIB 2026-09-01] >>> BUY LIMIT B KENA @4400 | harga=4353.73 | PINE=FLAT RSI=40
[23:29:57 WIB 2026-09-01] >>> PERINGATAN MISS #12: PINE belum konfirmasi BUY — posisi AGRESIF, siap cut cepat!
[23:29:57 WIB 2026-09-01] === TRACKING B: SL 4355 | TP1 4450 (L1 close) | TP2 4538 (L2 runner) ===
[23:29:57 WIB 2026-09-01] *** SL KENA *** harga=4353.73 — CUT DISIPLIN, catat hasil
[23:30:57 WIB 2026-09-01] *** SL KENA *** harga=4351.35 — CUT DISIPLIN, catat hasil
[23:30:57 WIB 2026-09-01] [A] SELL LIMIT 4538 belum kena | harga=4351.35 | PINE=FLAT RSI=39.3
[23:30:57 WIB 2026-09-01] >>> BUY LIMIT B KENA @4400 | harga=4351.35 | PINE=FLAT RSI=39.3
[23:30:57 WIB 2026-09-01] >>> PERINGATAN MISS #12: PINE belum konfirmasi BUY — posisi AGRESIF, siap cut cepat!
[23:30:57 WIB 2026-09-01] === TRACKING B: SL 4355 | TP1 4450 (L1 close) | TP2 4538 (L2 runner) ===
[23:30:57 WIB 2026-09-01] *** SL KENA *** harga=4351.35 — CUT DISIPLIN, catat hasil
[23:31:57 WIB 2026-09-01] *** SL KENA *** harga=4348.61 — CUT DISIPLIN, catat hasil
[23:31:57 WIB 2026-09-01] [A] SELL LIMIT 4538 belum kena | harga=4348.61 | PINE=FLAT RSI=38.2
[23:31:57 WIB 2026-09-01] >>> BUY LIMIT B KENA @4400 | harga=4348.61 | PINE=FLAT RSI=38.2
[23:31:57 WIB 2026-09-01] >>> PERINGATAN MISS #12: PINE belum konfirmasi BUY — posisi AGRESIF, siap cut cepat!
[23:31:57 WIB 2026-09-01] === TRACKING B: SL 4355 | TP1 4450 (L1 close) | TP2 4538 (L2 runner) ===
[23:31:57 WIB 2026-09-01] *** SL KENA *** harga=4348.61 — CUT DISIPLIN, catat hasil
[23:32:57 WIB 2026-09-01] *** SL KENA *** harga=4349.72 — CUT DISIPLIN, catat hasil
[23:32:57 WIB 2026-09-01] [A] SELL LIMIT 4538 belum kena | harga=4349.72 | PINE=FLAT RSI=38.6
[23:32:57 WIB 2026-09-01] >>> BUY LIMIT B KENA @4400 | harga=4349.72 | PINE=FLAT RSI=38.6
[23:32:57 WIB 2026-09-01] >>> PERINGATAN MISS #12: PINE belum konfirmasi BUY — posisi AGRESIF, siap cut cepat!
[23:32:57 WIB 2026-09-01] === TRACKING B: SL 4355 | TP1 4450 (L1 close) | TP2 4538 (L2 runner) ===
[23:32:57 WIB 2026-09-01] *** SL KENA *** harga=4349.72 — CUT DISIPLIN, catat hasil
[23:33:57 WIB 2026-09-01] *** SL KENA *** harga=4350.60 — CUT DISIPLIN, catat hasil
[23:33:57 WIB 2026-09-01] [A] SELL LIMIT 4538 belum kena | harga=4350.60 | PINE=FLAT RSI=39
[23:33:57 WIB 2026-09-01] >>> BUY LIMIT B KENA @4400 | harga=4350.60 | PINE=FLAT RSI=39
[23:33:57 WIB 2026-09-01] >>> PERINGATAN MISS #12: PINE belum konfirmasi BUY — posisi AGRESIF, siap cut cepat!
[23:33:57 WIB 2026-09-01] === TRACKING B: SL 4355 | TP1 4450 (L1 close) | TP2 4538 (L2 runner) ===
[23:33:57 WIB 2026-09-01] *** SL KENA *** harga=4350.60 — CUT DISIPLIN, catat hasil
[23:34:57 WIB 2026-09-01] *** SL KENA *** harga=4347.89 — CUT DISIPLIN, catat hasil
[23:34:57 WIB 2026-09-01] [A] SELL LIMIT 4538 belum kena | harga=4347.89 | PINE=FLAT RSI=37.9
[23:34:57 WIB 2026-09-01] >>> BUY LIMIT B KENA @4400 | harga=4347.89 | PINE=FLAT RSI=37.9
[23:34:57 WIB 2026-09-01] >>> PERINGATAN MISS #12: PINE belum konfirmasi BUY — posisi AGRESIF, siap cut cepat!
[23:34:57 WIB 2026-09-01] === TRACKING B: SL 4355 | TP1 4450 (L1 close) | TP2 4538 (L2 runner) ===
[23:34:57 WIB 2026-09-01] *** SL KENA *** harga=4347.89 — CUT DISIPLIN, catat hasil
[23:35:57 WIB 2026-09-01] *** SL KENA *** harga=4349.39 — CUT DISIPLIN, catat hasil
[23:35:57 WIB 2026-09-01] [A] SELL LIMIT 4538 belum kena | harga=4349.39 | PINE=FLAT RSI=38.5
[23:35:57 WIB 2026-09-01] >>> BUY LIMIT B KENA @4400 | harga=4349.39 | PINE=FLAT RSI=38.5
[23:35:57 WIB 2026-09-01] >>> PERINGATAN MISS #12: PINE belum konfirmasi BUY — posisi AGRESIF, siap cut cepat!
[23:35:57 WIB 2026-09-01] === TRACKING B: SL 4355 | TP1 4450 (L1 close) | TP2 4538 (L2 runner) ===
[23:35:57 WIB 2026-09-01] *** SL KENA *** harga=4349.39 — CUT DISIPLIN, catat hasil
[23:36:57 WIB 2026-09-01] *** SL KENA *** harga=4351.11 — CUT DISIPLIN, catat hasil
[23:36:57 WIB 2026-09-01] [A] SELL LIMIT 4538 belum kena | harga=4351.11 | PINE=FLAT RSI=39.2
[23:36:57 WIB 2026-09-01] >>> BUY LIMIT B KENA @4400 | harga=4351.11 | PINE=FLAT RSI=39.2
[23:36:57 WIB 2026-09-01] >>> PERINGATAN MISS #12: PINE belum konfirmasi BUY — posisi AGRESIF, siap cut cepat!
[23:36:57 WIB 2026-09-01] === TRACKING B: SL 4355 | TP1 4450 (L1 close) | TP2 4538 (L2 runner) ===
[23:36:57 WIB 2026-09-01] *** SL KENA *** harga=4351.11 — CUT DISIPLIN, catat hasil
[23:37:57 WIB 2026-09-01] *** SL KENA *** harga=4351.94 — CUT DISIPLIN, catat hasil
[23:37:57 WIB 2026-09-01] [A] SELL LIMIT 4538 belum kena | harga=4351.94 | PINE=FLAT RSI=39.6
[23:37:57 WIB 2026-09-01] >>> BUY LIMIT B KENA @4400 | harga=4351.94 | PINE=FLAT RSI=39.6
[23:37:57 WIB 2026-09-01] >>> PERINGATAN MISS #12: PINE belum konfirmasi BUY — posisi AGRESIF, siap cut cepat!
[23:37:57 WIB 2026-09-01] === TRACKING B: SL 4355 | TP1 4450 (L1 close) | TP2 4538 (L2 runner) ===
[23:37:57 WIB 2026-09-01] *** SL KENA *** harga=4351.94 — CUT DISIPLIN, catat hasil
[23:38:57 WIB 2026-09-01] *** SL KENA *** harga=4354.51 — CUT DISIPLIN, catat hasil
[23:38:57 WIB 2026-09-01] [A] SELL LIMIT 4538 belum kena | harga=4354.51 | PINE=FLAT RSI=41
[23:38:57 WIB 2026-09-01] >>> BUY LIMIT B KENA @4400 | harga=4354.51 | PINE=FLAT RSI=41
[23:38:57 WIB 2026-09-01] >>> PERINGATAN MISS #12: PINE belum konfirmasi BUY — posisi AGRESIF, siap cut cepat!
[23:38:57 WIB 2026-09-01] === TRACKING B: SL 4355 | TP1 4450 (L1 close) | TP2 4538 (L2 runner) ===
[23:38:57 WIB 2026-09-01] *** SL KENA *** harga=4354.51 — CUT DISIPLIN, catat hasil
[23:39:57 WIB 2026-09-01] *** SL KENA *** harga=4355.10 — CUT DISIPLIN, catat hasil
[23:39:57 WIB 2026-09-01] [A] SELL LIMIT 4538 belum kena | harga=4355.10 | PINE=FLAT RSI=41.4
[23:39:57 WIB 2026-09-01] >>> BUY LIMIT B KENA @4400 | harga=4355.10 | PINE=FLAT RSI=41.4
[23:39:57 WIB 2026-09-01] >>> PERINGATAN MISS #12: PINE belum konfirmasi BUY — posisi AGRESIF, siap cut cepat!
[23:39:57 WIB 2026-09-01] === TRACKING B: SL 4355 | TP1 4450 (L1 close) | TP2 4538 (L2 runner) ===
[23:39:57 WIB 2026-09-01] *** SL KENA *** harga=4355.10 — CUT DISIPLIN, catat hasil
[23:40:57 WIB 2026-09-01] *** SL KENA *** harga=4355.10 — CUT DISIPLIN, catat hasil
[23:40:57 WIB 2026-09-01] [A] SELL LIMIT 4538 belum kena | harga=4355.10 | PINE=FLAT RSI=41.4
[23:40:57 WIB 2026-09-01] >>> BUY LIMIT B KENA @4400 | harga=4355.10 | PINE=FLAT RSI=41.4
[23:40:57 WIB 2026-09-01] >>> PERINGATAN MISS #12: PINE belum konfirmasi BUY — posisi AGRESIF, siap cut cepat!
[23:40:57 WIB 2026-09-01] === TRACKING B: SL 4355 | TP1 4450 (L1 close) | TP2 4538 (L2 runner) ===
[23:40:57 WIB 2026-09-01] *** SL KENA *** harga=4355.10 — CUT DISIPLIN, catat hasil
[23:41:57 WIB 2026-09-01] *** SL KENA *** harga=4357.56 — CUT DISIPLIN, catat hasil
[23:41:57 WIB 2026-09-01] [A] SELL LIMIT 4538 belum kena | harga=4357.56 | PINE=FLAT RSI=43
[23:41:57 WIB 2026-09-01] >>> BUY LIMIT B KENA @4400 | harga=4357.56 | PINE=FLAT RSI=43
[23:41:57 WIB 2026-09-01] >>> PERINGATAN MISS #12: PINE belum konfirmasi BUY — posisi AGRESIF, siap cut cepat!
[23:41:57 WIB 2026-09-01] === TRACKING B: SL 4355 | TP1 4450 (L1 close) | TP2 4538 (L2 runner) ===
[23:41:57 WIB 2026-09-01] *** SL KENA *** harga=4357.56 — CUT DISIPLIN, catat hasil
[23:42:57 WIB 2026-09-01] *** SL KENA *** harga=4353.43 — CUT DISIPLIN, catat hasil
[23:42:57 WIB 2026-09-01] [A] SELL LIMIT 4538 belum kena | harga=4353.43 | PINE=FLAT RSI=40.3
[23:42:57 WIB 2026-09-01] >>> BUY LIMIT B KENA @4400 | harga=4353.43 | PINE=FLAT RSI=40.3
[23:42:57 WIB 2026-09-01] >>> PERINGATAN MISS #12: PINE belum konfirmasi BUY — posisi AGRESIF, siap cut cepat!
[23:42:57 WIB 2026-09-01] === TRACKING B: SL 4355 | TP1 4450 (L1 close) | TP2 4538 (L2 runner) ===
[23:42:57 WIB 2026-09-01] *** SL KENA *** harga=4353.43 — CUT DISIPLIN, catat hasil
[23:43:57 WIB 2026-09-01] *** SL KENA *** harga=4354.97 — CUT DISIPLIN, catat hasil
[23:43:57 WIB 2026-09-01] [A] SELL LIMIT 4538 belum kena | harga=4354.97 | PINE=FLAT RSI=41.3
[23:43:57 WIB 2026-09-01] >>> BUY LIMIT B KENA @4400 | harga=4354.97 | PINE=FLAT RSI=41.3
[23:43:57 WIB 2026-09-01] >>> PERINGATAN MISS #12: PINE belum konfirmasi BUY — posisi AGRESIF, siap cut cepat!
[23:43:57 WIB 2026-09-01] === TRACKING B: SL 4355 | TP1 4450 (L1 close) | TP2 4538 (L2 runner) ===
[23:43:57 WIB 2026-09-01] *** SL KENA *** harga=4354.97 — CUT DISIPLIN, catat hasil
[23:44:57 WIB 2026-09-01] *** SL KENA *** harga=4354.05 — CUT DISIPLIN, catat hasil
[23:44:57 WIB 2026-09-01] [A] SELL LIMIT 4538 belum kena | harga=4354.05 | PINE=FLAT RSI=41.1
[23:44:57 WIB 2026-09-01] >>> BUY LIMIT B KENA @4400 | harga=4354.05 | PINE=FLAT RSI=41.1
[23:44:57 WIB 2026-09-01] >>> PERINGATAN MISS #12: PINE belum konfirmasi BUY — posisi AGRESIF, siap cut cepat!
[23:44:57 WIB 2026-09-01] === TRACKING B: SL 4355 | TP1 4450 (L1 close) | TP2 4538 (L2 runner) ===
[23:44:57 WIB 2026-09-01] *** SL KENA *** harga=4354.05 — CUT DISIPLIN, catat hasil
[23:45:57 WIB 2026-09-01] *** SL KENA *** harga=4356.39 — CUT DISIPLIN, catat hasil
[23:45:57 WIB 2026-09-01] [A] SELL LIMIT 4538 belum kena | harga=4356.39 | PINE=FLAT RSI=42.3
[23:45:57 WIB 2026-09-01] >>> BUY LIMIT B KENA @4400 | harga=4356.39 | PINE=FLAT RSI=42.3
[23:45:57 WIB 2026-09-01] >>> PERINGATAN MISS #12: PINE belum konfirmasi BUY — posisi AGRESIF, siap cut cepat!
[23:45:57 WIB 2026-09-01] === TRACKING B: SL 4355 | TP1 4450 (L1 close) | TP2 4538 (L2 runner) ===
[23:45:57 WIB 2026-09-01] *** SL KENA *** harga=4356.39 — CUT DISIPLIN, catat hasil
[23:46:57 WIB 2026-09-01] *** SL KENA *** harga=4356.27 — CUT DISIPLIN, catat hasil
[23:46:57 WIB 2026-09-01] [A] SELL LIMIT 4538 belum kena | harga=4356.27 | PINE=FLAT RSI=42.2
[23:46:57 WIB 2026-09-01] >>> BUY LIMIT B KENA @4400 | harga=4356.27 | PINE=FLAT RSI=42.2
[23:46:57 WIB 2026-09-01] >>> PERINGATAN MISS #12: PINE belum konfirmasi BUY — posisi AGRESIF, siap cut cepat!
[23:46:57 WIB 2026-09-01] === TRACKING B: SL 4355 | TP1 4450 (L1 close) | TP2 4538 (L2 runner) ===
[23:46:57 WIB 2026-09-01] *** SL KENA *** harga=4356.27 — CUT DISIPLIN, catat hasil
[23:47:57 WIB 2026-09-01] *** SL KENA *** harga=4356.89 — CUT DISIPLIN, catat hasil
[23:47:57 WIB 2026-09-01] [A] SELL LIMIT 4538 belum kena | harga=4356.89 | PINE=FLAT RSI=42.6
[23:47:57 WIB 2026-09-01] >>> BUY LIMIT B KENA @4400 | harga=4356.89 | PINE=FLAT RSI=42.6
[23:47:57 WIB 2026-09-01] >>> PERINGATAN MISS #12: PINE belum konfirmasi BUY — posisi AGRESIF, siap cut cepat!
[23:47:57 WIB 2026-09-01] === TRACKING B: SL 4355 | TP1 4450 (L1 close) | TP2 4538 (L2 runner) ===
[23:47:57 WIB 2026-09-01] *** SL KENA *** harga=4356.89 — CUT DISIPLIN, catat hasil
[23:48:57 WIB 2026-09-01] *** SL KENA *** harga=4357.17 — CUT DISIPLIN, catat hasil
[23:48:57 WIB 2026-09-01] [A] SELL LIMIT 4538 belum kena | harga=4357.17 | PINE=FLAT RSI=42.8
[23:48:57 WIB 2026-09-01] >>> BUY LIMIT B KENA @4400 | harga=4357.17 | PINE=FLAT RSI=42.8
[23:48:57 WIB 2026-09-01] >>> PERINGATAN MISS #12: PINE belum konfirmasi BUY — posisi AGRESIF, siap cut cepat!
[23:48:57 WIB 2026-09-01] === TRACKING B: SL 4355 | TP1 4450 (L1 close) | TP2 4538 (L2 runner) ===
[23:48:57 WIB 2026-09-01] *** SL KENA *** harga=4357.17 — CUT DISIPLIN, catat hasil
[23:49:57 WIB 2026-09-01] *** SL KENA *** harga=4356.55 — CUT DISIPLIN, catat hasil
[23:49:57 WIB 2026-09-01] [A] SELL LIMIT 4538 belum kena | harga=4356.55 | PINE=FLAT RSI=42.4
[23:49:57 WIB 2026-09-01] >>> BUY LIMIT B KENA @4400 | harga=4356.55 | PINE=FLAT RSI=42.4
[23:49:57 WIB 2026-09-01] >>> PERINGATAN MISS #12: PINE belum konfirmasi BUY — posisi AGRESIF, siap cut cepat!
[23:49:57 WIB 2026-09-01] === TRACKING B: SL 4355 | TP1 4450 (L1 close) | TP2 4538 (L2 runner) ===
[23:49:57 WIB 2026-09-01] *** SL KENA *** harga=4356.55 — CUT DISIPLIN, catat hasil
[23:50:57 WIB 2026-09-01] *** SL KENA *** harga=4357.40 — CUT DISIPLIN, catat hasil
[23:50:57 WIB 2026-09-01] [A] SELL LIMIT 4538 belum kena | harga=4357.40 | PINE=FLAT RSI=43
[23:50:57 WIB 2026-09-01] >>> BUY LIMIT B KENA @4400 | harga=4357.40 | PINE=FLAT RSI=43
[23:50:57 WIB 2026-09-01] >>> PERINGATAN MISS #12: PINE belum konfirmasi BUY — posisi AGRESIF, siap cut cepat!
[23:50:57 WIB 2026-09-01] === TRACKING B: SL 4355 | TP1 4450 (L1 close) | TP2 4538 (L2 runner) ===
[23:50:57 WIB 2026-09-01] *** SL KENA *** harga=4357.40 — CUT DISIPLIN, catat hasil
[23:51:57 WIB 2026-09-01] *** SL KENA *** harga=4355.73 — CUT DISIPLIN, catat hasil
[23:51:57 WIB 2026-09-01] [A] SELL LIMIT 4538 belum kena | harga=4355.73 | PINE=FLAT RSI=41.9
[23:51:57 WIB 2026-09-01] >>> BUY LIMIT B KENA @4400 | harga=4355.73 | PINE=FLAT RSI=41.9
[23:51:57 WIB 2026-09-01] >>> PERINGATAN MISS #12: PINE belum konfirmasi BUY — posisi AGRESIF, siap cut cepat!
[23:51:57 WIB 2026-09-01] === TRACKING B: SL 4355 | TP1 4450 (L1 close) | TP2 4538 (L2 runner) ===
[23:51:57 WIB 2026-09-01] *** SL KENA *** harga=4355.73 — CUT DISIPLIN, catat hasil
[23:52:57 WIB 2026-09-01] *** SL KENA *** harga=4355.60 — CUT DISIPLIN, catat hasil
[23:52:57 WIB 2026-09-01] [A] SELL LIMIT 4538 belum kena | harga=4355.60 | PINE=FLAT RSI=41.8
[23:52:57 WIB 2026-09-01] >>> BUY LIMIT B KENA @4400 | harga=4355.60 | PINE=FLAT RSI=41.8
[23:52:57 WIB 2026-09-01] >>> PERINGATAN MISS #12: PINE belum konfirmasi BUY — posisi AGRESIF, siap cut cepat!
[23:52:57 WIB 2026-09-01] === TRACKING B: SL 4355 | TP1 4450 (L1 close) | TP2 4538 (L2 runner) ===
[23:52:57 WIB 2026-09-01] *** SL KENA *** harga=4355.60 — CUT DISIPLIN, catat hasil
[23:53:57 WIB 2026-09-01] *** SL KENA *** harga=4354.63 — CUT DISIPLIN, catat hasil
[23:53:57 WIB 2026-09-01] [A] SELL LIMIT 4538 belum kena | harga=4354.63 | PINE=FLAT RSI=41.2
[23:53:57 WIB 2026-09-01] >>> BUY LIMIT B KENA @4400 | harga=4354.63 | PINE=FLAT RSI=41.2
[23:53:57 WIB 2026-09-01] >>> PERINGATAN MISS #12: PINE belum konfirmasi BUY — posisi AGRESIF, siap cut cepat!
[23:53:57 WIB 2026-09-01] === TRACKING B: SL 4355 | TP1 4450 (L1 close) | TP2 4538 (L2 runner) ===
[23:53:57 WIB 2026-09-01] *** SL KENA *** harga=4354.63 — CUT DISIPLIN, catat hasil
[23:54:57 WIB 2026-09-01] *** SL KENA *** harga=4355.08 — CUT DISIPLIN, catat hasil
[23:54:57 WIB 2026-09-01] [A] SELL LIMIT 4538 belum kena | harga=4355.08 | PINE=FLAT RSI=41.4
[23:54:57 WIB 2026-09-01] >>> BUY LIMIT B KENA @4400 | harga=4355.08 | PINE=FLAT RSI=41.4
[23:54:57 WIB 2026-09-01] >>> PERINGATAN MISS #12: PINE belum konfirmasi BUY — posisi AGRESIF, siap cut cepat!
[23:54:57 WIB 2026-09-01] === TRACKING B: SL 4355 | TP1 4450 (L1 close) | TP2 4538 (L2 runner) ===
[23:54:57 WIB 2026-09-01] *** SL KENA *** harga=4355.08 — CUT DISIPLIN, catat hasil
[23:55:57 WIB 2026-09-01] *** SL KENA *** harga=4355.19 — CUT DISIPLIN, catat hasil
[23:55:57 WIB 2026-09-01] [A] SELL LIMIT 4538 belum kena | harga=4355.19 | PINE=FLAT RSI=41.5
[23:55:57 WIB 2026-09-01] >>> BUY LIMIT B KENA @4400 | harga=4355.19 | PINE=FLAT RSI=41.5
[23:55:57 WIB 2026-09-01] >>> PERINGATAN MISS #12: PINE belum konfirmasi BUY — posisi AGRESIF, siap cut cepat!
[23:55:57 WIB 2026-09-01] === TRACKING B: SL 4355 | TP1 4450 (L1 close) | TP2 4538 (L2 runner) ===
[23:55:57 WIB 2026-09-01] *** SL KENA *** harga=4355.19 — CUT DISIPLIN, catat hasil
[23:56:57 WIB 2026-09-01] *** SL KENA *** harga=4353.82 — CUT DISIPLIN, catat hasil
[23:56:57 WIB 2026-09-01] [A] SELL LIMIT 4538 belum kena | harga=4353.82 | PINE=FLAT RSI=40.8
[23:56:57 WIB 2026-09-01] >>> BUY LIMIT B KENA @4400 | harga=4353.82 | PINE=FLAT RSI=40.8
[23:56:57 WIB 2026-09-01] >>> PERINGATAN MISS #12: PINE belum konfirmasi BUY — posisi AGRESIF, siap cut cepat!
[23:56:57 WIB 2026-09-01] === TRACKING B: SL 4355 | TP1 4450 (L1 close) | TP2 4538 (L2 runner) ===
[23:56:57 WIB 2026-09-01] *** SL KENA *** harga=4353.82 — CUT DISIPLIN, catat hasil
[23:57:57 WIB 2026-09-01] *** SL KENA *** harga=4354.48 — CUT DISIPLIN, catat hasil
[23:57:57 WIB 2026-09-01] [A] SELL LIMIT 4538 belum kena | harga=4354.48 | PINE=FLAT RSI=41.1
[23:57:57 WIB 2026-09-01] >>> BUY LIMIT B KENA @4400 | harga=4354.48 | PINE=FLAT RSI=41.1
[23:57:57 WIB 2026-09-01] >>> PERINGATAN MISS #12: PINE belum konfirmasi BUY — posisi AGRESIF, siap cut cepat!
[23:57:57 WIB 2026-09-01] === TRACKING B: SL 4355 | TP1 4450 (L1 close) | TP2 4538 (L2 runner) ===
[23:57:57 WIB 2026-09-01] *** SL KENA *** harga=4354.48 — CUT DISIPLIN, catat hasil
[23:58:57 WIB 2026-09-01] *** SL KENA *** harga=4354.81 — CUT DISIPLIN, catat hasil
[23:58:57 WIB 2026-09-01] [A] SELL LIMIT 4538 belum kena | harga=4354.81 | PINE=FLAT RSI=41.1
[23:58:57 WIB 2026-09-01] >>> BUY LIMIT B KENA @4400 | harga=4354.81 | PINE=FLAT RSI=41.1
[23:58:57 WIB 2026-09-01] >>> PERINGATAN MISS #12: PINE belum konfirmasi BUY — posisi AGRESIF, siap cut cepat!
[23:58:57 WIB 2026-09-01] === TRACKING B: SL 4355 | TP1 4450 (L1 close) | TP2 4538 (L2 runner) ===
[23:58:57 WIB 2026-09-01] *** SL KENA *** harga=4354.81 — CUT DISIPLIN, catat hasil
[23:59:57 WIB 2026-09-01] *** SL KENA *** harga=4351.39 — CUT DISIPLIN, catat hasil
[23:59:57 WIB 2026-09-01] [A] SELL LIMIT 4538 belum kena | harga=4351.39 | PINE=FLAT RSI=39.7
[23:59:57 WIB 2026-09-01] >>> BUY LIMIT B KENA @4400 | harga=4351.39 | PINE=FLAT RSI=39.7
[23:59:57 WIB 2026-09-01] >>> PERINGATAN MISS #12: PINE belum konfirmasi BUY — posisi AGRESIF, siap cut cepat!
[23:59:57 WIB 2026-09-01] === TRACKING B: SL 4355 | TP1 4450 (L1 close) | TP2 4538 (L2 runner) ===
[23:59:57 WIB 2026-09-01] *** SL KENA *** harga=4351.39 — CUT DISIPLIN, catat hasil
[00:00:57 WIB 2026-09-01] *** SL KENA *** harga=4350.71 — CUT DISIPLIN, catat hasil
[00:00:57 WIB 2026-09-01] [A] SELL LIMIT 4538 belum kena | harga=4350.71 | PINE=FLAT RSI=39.3
[00:00:57 WIB 2026-09-01] >>> BUY LIMIT B KENA @4400 | harga=4350.71 | PINE=FLAT RSI=39.3
[00:00:57 WIB 2026-09-01] >>> PERINGATAN MISS #12: PINE belum konfirmasi BUY — posisi AGRESIF, siap cut cepat!
[00:00:57 WIB 2026-09-01] === TRACKING B: SL 4355 | TP1 4450 (L1 close) | TP2 4538 (L2 runner) ===
[00:00:57 WIB 2026-09-01] *** SL KENA *** harga=4350.71 — CUT DISIPLIN, catat hasil
[00:01:57 WIB 2026-09-01] *** SL KENA *** harga=4349.69 — CUT DISIPLIN, catat hasil
[00:01:57 WIB 2026-09-01] [A] SELL LIMIT 4538 belum kena | harga=4349.69 | PINE=FLAT RSI=38.9
[00:01:57 WIB 2026-09-01] >>> BUY LIMIT B KENA @4400 | harga=4349.69 | PINE=FLAT RSI=38.9
[00:01:57 WIB 2026-09-01] >>> PERINGATAN MISS #12: PINE belum konfirmasi BUY — posisi AGRESIF, siap cut cepat!
[00:01:57 WIB 2026-09-01] === TRACKING B: SL 4355 | TP1 4450 (L1 close) | TP2 4538 (L2 runner) ===
[00:01:57 WIB 2026-09-01] *** SL KENA *** harga=4349.69 — CUT DISIPLIN, catat hasil
[00:02:57 WIB 2026-09-01] *** SL KENA *** harga=4347.72 — CUT DISIPLIN, catat hasil
[00:02:57 WIB 2026-09-01] [A] SELL LIMIT 4538 belum kena | harga=4347.72 | PINE=FLAT RSI=38
[00:02:57 WIB 2026-09-01] >>> BUY LIMIT B KENA @4400 | harga=4347.72 | PINE=FLAT RSI=38
[00:02:57 WIB 2026-09-01] >>> PERINGATAN MISS #12: PINE belum konfirmasi BUY — posisi AGRESIF, siap cut cepat!
[00:02:57 WIB 2026-09-01] === TRACKING B: SL 4355 | TP1 4450 (L1 close) | TP2 4538 (L2 runner) ===
[00:02:57 WIB 2026-09-01] *** SL KENA *** harga=4347.72 — CUT DISIPLIN, catat hasil
[00:03:57 WIB 2026-09-01] *** SL KENA *** harga=4347.65 — CUT DISIPLIN, catat hasil
[00:03:57 WIB 2026-09-01] [A] SELL LIMIT 4538 belum kena | harga=4347.65 | PINE=FLAT RSI=37.9
[00:03:57 WIB 2026-09-01] >>> BUY LIMIT B KENA @4400 | harga=4347.65 | PINE=FLAT RSI=37.9
[00:03:57 WIB 2026-09-01] >>> PERINGATAN MISS #12: PINE belum konfirmasi BUY — posisi AGRESIF, siap cut cepat!
[00:03:57 WIB 2026-09-01] === TRACKING B: SL 4355 | TP1 4450 (L1 close) | TP2 4538 (L2 runner) ===
[00:03:57 WIB 2026-09-01] *** SL KENA *** harga=4347.65 — CUT DISIPLIN, catat hasil
[00:04:57 WIB 2026-09-01] *** SL KENA *** harga=4347.58 — CUT DISIPLIN, catat hasil
[00:04:57 WIB 2026-09-01] [A] SELL LIMIT 4538 belum kena | harga=4347.58 | PINE=FLAT RSI=37.9
[00:04:57 WIB 2026-09-01] >>> BUY LIMIT B KENA @4400 | harga=4347.58 | PINE=FLAT RSI=37.9
[00:04:57 WIB 2026-09-01] >>> PERINGATAN MISS #12: PINE belum konfirmasi BUY — posisi AGRESIF, siap cut cepat!
[00:04:57 WIB 2026-09-01] === TRACKING B: SL 4355 | TP1 4450 (L1 close) | TP2 4538 (L2 runner) ===
[00:04:57 WIB 2026-09-01] *** SL KENA *** harga=4347.58 — CUT DISIPLIN, catat hasil
[00:05:57 WIB 2026-09-01] *** SL KENA *** harga=4347.23 — CUT DISIPLIN, catat hasil
[00:05:57 WIB 2026-09-01] [A] SELL LIMIT 4538 belum kena | harga=4347.23 | PINE=FLAT RSI=37.7
[00:05:57 WIB 2026-09-01] >>> BUY LIMIT B KENA @4400 | harga=4347.23 | PINE=FLAT RSI=37.7
[00:05:57 WIB 2026-09-01] >>> PERINGATAN MISS #12: PINE belum konfirmasi BUY — posisi AGRESIF, siap cut cepat!
[00:05:57 WIB 2026-09-01] === TRACKING B: SL 4355 | TP1 4450 (L1 close) | TP2 4538 (L2 runner) ===
[00:05:57 WIB 2026-09-01] *** SL KENA *** harga=4347.23 — CUT DISIPLIN, catat hasil
[00:06:57 WIB 2026-09-01] *** SL KENA *** harga=4346.78 — CUT DISIPLIN, catat hasil
[00:06:57 WIB 2026-09-01] [A] SELL LIMIT 4538 belum kena | harga=4346.78 | PINE=FLAT RSI=37.6
[00:06:57 WIB 2026-09-01] >>> BUY LIMIT B KENA @4400 | harga=4346.78 | PINE=FLAT RSI=37.6
[00:06:57 WIB 2026-09-01] >>> PERINGATAN MISS #12: PINE belum konfirmasi BUY — posisi AGRESIF, siap cut cepat!
[00:06:57 WIB 2026-09-01] === TRACKING B: SL 4355 | TP1 4450 (L1 close) | TP2 4538 (L2 runner) ===
[00:06:57 WIB 2026-09-01] *** SL KENA *** harga=4346.78 — CUT DISIPLIN, catat hasil
[00:07:57 WIB 2026-09-01] *** SL KENA *** harga=4345.95 — CUT DISIPLIN, catat hasil
[00:07:57 WIB 2026-09-01] [A] SELL LIMIT 4538 belum kena | harga=4345.95 | PINE=FLAT RSI=37.2
[00:07:57 WIB 2026-09-01] >>> BUY LIMIT B KENA @4400 | harga=4345.95 | PINE=FLAT RSI=37.2
[00:07:57 WIB 2026-09-01] >>> PERINGATAN MISS #12: PINE belum konfirmasi BUY — posisi AGRESIF, siap cut cepat!
[00:07:57 WIB 2026-09-01] === TRACKING B: SL 4355 | TP1 4450 (L1 close) | TP2 4538 (L2 runner) ===
[00:07:57 WIB 2026-09-01] *** SL KENA *** harga=4345.95 — CUT DISIPLIN, catat hasil
[00:08:57 WIB 2026-09-01] *** SL KENA *** harga=4346.48 — CUT DISIPLIN, catat hasil
[00:08:57 WIB 2026-09-01] [A] SELL LIMIT 4538 belum kena | harga=4346.48 | PINE=FLAT RSI=37.4
[00:08:57 WIB 2026-09-01] >>> BUY LIMIT B KENA @4400 | harga=4346.48 | PINE=FLAT RSI=37.4
[00:08:57 WIB 2026-09-01] >>> PERINGATAN MISS #12: PINE belum konfirmasi BUY — posisi AGRESIF, siap cut cepat!
[00:08:57 WIB 2026-09-01] === TRACKING B: SL 4355 | TP1 4450 (L1 close) | TP2 4538 (L2 runner) ===
[00:08:57 WIB 2026-09-01] *** SL KENA *** harga=4346.48 — CUT DISIPLIN, catat hasil
[00:09:57 WIB 2026-09-01] *** SL KENA *** harga=4346.06 — CUT DISIPLIN, catat hasil
[00:09:57 WIB 2026-09-01] [A] SELL LIMIT 4538 belum kena | harga=4346.06 | PINE=FLAT RSI=37.2
[00:09:57 WIB 2026-09-01] >>> BUY LIMIT B KENA @4400 | harga=4346.06 | PINE=FLAT RSI=37.2
[00:09:57 WIB 2026-09-01] >>> PERINGATAN MISS #12: PINE belum konfirmasi BUY — posisi AGRESIF, siap cut cepat!
[00:09:57 WIB 2026-09-01] === TRACKING B: SL 4355 | TP1 4450 (L1 close) | TP2 4538 (L2 runner) ===
[00:09:57 WIB 2026-09-01] *** SL KENA *** harga=4346.06 — CUT DISIPLIN, catat hasil
[00:10:57 WIB 2026-09-01] *** SL KENA *** harga=4345.35 — CUT DISIPLIN, catat hasil
[00:10:57 WIB 2026-09-01] [A] SELL LIMIT 4538 belum kena | harga=4345.35 | PINE=FLAT RSI=36.9
[00:10:57 WIB 2026-09-01] >>> BUY LIMIT B KENA @4400 | harga=4345.35 | PINE=FLAT RSI=36.9
[00:10:57 WIB 2026-09-01] >>> PERINGATAN MISS #12: PINE belum konfirmasi BUY — posisi AGRESIF, siap cut cepat!
[00:10:57 WIB 2026-09-01] === TRACKING B: SL 4355 | TP1 4450 (L1 close) | TP2 4538 (L2 runner) ===
[00:10:57 WIB 2026-09-01] *** SL KENA *** harga=4345.35 — CUT DISIPLIN, catat hasil
[00:11:57 WIB 2026-09-01] *** SL KENA *** harga=4345.32 — CUT DISIPLIN, catat hasil
[00:11:57 WIB 2026-09-01] [A] SELL LIMIT 4538 belum kena | harga=4345.32 | PINE=FLAT RSI=36.9
[00:11:57 WIB 2026-09-01] >>> BUY LIMIT B KENA @4400 | harga=4345.32 | PINE=FLAT RSI=36.9
[00:11:57 WIB 2026-09-01] >>> PERINGATAN MISS #12: PINE belum konfirmasi BUY — posisi AGRESIF, siap cut cepat!
[00:11:57 WIB 2026-09-01] === TRACKING B: SL 4355 | TP1 4450 (L1 close) | TP2 4538 (L2 runner) ===
[00:11:57 WIB 2026-09-01] *** SL KENA *** harga=4345.32 — CUT DISIPLIN, catat hasil
[00:12:57 WIB 2026-09-01] *** SL KENA *** harga=4346.69 — CUT DISIPLIN, catat hasil
[00:12:57 WIB 2026-09-01] [A] SELL LIMIT 4538 belum kena | harga=4346.69 | PINE=FLAT RSI=37.5
[00:12:57 WIB 2026-09-01] >>> BUY LIMIT B KENA @4400 | harga=4346.69 | PINE=FLAT RSI=37.5
[00:12:57 WIB 2026-09-01] >>> PERINGATAN MISS #12: PINE belum konfirmasi BUY — posisi AGRESIF, siap cut cepat!
[00:12:57 WIB 2026-09-01] === TRACKING B: SL 4355 | TP1 4450 (L1 close) | TP2 4538 (L2 runner) ===
[00:12:57 WIB 2026-09-01] *** SL KENA *** harga=4346.69 — CUT DISIPLIN, catat hasil
[00:13:57 WIB 2026-09-01] *** SL KENA *** harga=4346.10 — CUT DISIPLIN, catat hasil
[00:13:57 WIB 2026-09-01] [A] SELL LIMIT 4538 belum kena | harga=4346.10 | PINE=FLAT RSI=37.2
[00:13:57 WIB 2026-09-01] >>> BUY LIMIT B KENA @4400 | harga=4346.10 | PINE=FLAT RSI=37.2
[00:13:57 WIB 2026-09-01] >>> PERINGATAN MISS #12: PINE belum konfirmasi BUY — posisi AGRESIF, siap cut cepat!
[00:13:57 WIB 2026-09-01] === TRACKING B: SL 4355 | TP1 4450 (L1 close) | TP2 4538 (L2 runner) ===
[00:13:57 WIB 2026-09-01] *** SL KENA *** harga=4346.10 — CUT DISIPLIN, catat hasil
[00:14:57 WIB 2026-09-01] *** SL KENA *** harga=4346.82 — CUT DISIPLIN, catat hasil
[00:14:57 WIB 2026-09-01] [A] SELL LIMIT 4538 belum kena | harga=4346.82 | PINE=FLAT RSI=37.6
[00:14:57 WIB 2026-09-01] >>> BUY LIMIT B KENA @4400 | harga=4346.82 | PINE=FLAT RSI=37.6
[00:14:57 WIB 2026-09-01] >>> PERINGATAN MISS #12: PINE belum konfirmasi BUY — posisi AGRESIF, siap cut cepat!
[00:14:57 WIB 2026-09-01] === TRACKING B: SL 4355 | TP1 4450 (L1 close) | TP2 4538 (L2 runner) ===
[00:14:57 WIB 2026-09-01] *** SL KENA *** harga=4346.82 — CUT DISIPLIN, catat hasil
[00:15:57 WIB 2026-09-01] *** SL KENA *** harga=4347.70 — CUT DISIPLIN, catat hasil
[00:15:57 WIB 2026-09-01] [A] SELL LIMIT 4538 belum kena | harga=4347.70 | PINE=FLAT RSI=38.3
[00:15:57 WIB 2026-09-01] >>> BUY LIMIT B KENA @4400 | harga=4347.70 | PINE=FLAT RSI=38.3
[00:15:57 WIB 2026-09-01] >>> PERINGATAN MISS #12: PINE belum konfirmasi BUY — posisi AGRESIF, siap cut cepat!
[00:15:57 WIB 2026-09-01] === TRACKING B: SL 4355 | TP1 4450 (L1 close) | TP2 4538 (L2 runner) ===
[00:15:57 WIB 2026-09-01] *** SL KENA *** harga=4347.70 — CUT DISIPLIN, catat hasil
[00:16:57 WIB 2026-09-01] *** SL KENA *** harga=4345.81 — CUT DISIPLIN, catat hasil
[00:16:57 WIB 2026-09-01] [A] SELL LIMIT 4538 belum kena | harga=4345.81 | PINE=FLAT RSI=37.1
[00:16:57 WIB 2026-09-01] >>> BUY LIMIT B KENA @4400 | harga=4345.81 | PINE=FLAT RSI=37.1
[00:16:57 WIB 2026-09-01] >>> PERINGATAN MISS #12: PINE belum konfirmasi BUY — posisi AGRESIF, siap cut cepat!
[00:16:57 WIB 2026-09-01] === TRACKING B: SL 4355 | TP1 4450 (L1 close) | TP2 4538 (L2 runner) ===
[00:16:57 WIB 2026-09-01] *** SL KENA *** harga=4345.81 — CUT DISIPLIN, catat hasil
[00:17:57 WIB 2026-09-01] *** SL KENA *** harga=4344.93 — CUT DISIPLIN, catat hasil
[00:17:57 WIB 2026-09-01] [A] SELL LIMIT 4538 belum kena | harga=4344.93 | PINE=FLAT RSI=36.7
[00:17:57 WIB 2026-09-01] >>> BUY LIMIT B KENA @4400 | harga=4344.93 | PINE=FLAT RSI=36.7
[00:17:57 WIB 2026-09-01] >>> PERINGATAN MISS #12: PINE belum konfirmasi BUY — posisi AGRESIF, siap cut cepat!
[00:17:57 WIB 2026-09-01] === TRACKING B: SL 4355 | TP1 4450 (L1 close) | TP2 4538 (L2 runner) ===
[00:17:57 WIB 2026-09-01] *** SL KENA *** harga=4344.93 — CUT DISIPLIN, catat hasil
[00:18:57 WIB 2026-09-01] *** SL KENA *** harga=4344.82 — CUT DISIPLIN, catat hasil
[00:18:57 WIB 2026-09-01] [A] SELL LIMIT 4538 belum kena | harga=4344.82 | PINE=FLAT RSI=36.7
[00:18:57 WIB 2026-09-01] >>> BUY LIMIT B KENA @4400 | harga=4344.82 | PINE=FLAT RSI=36.7
[00:18:57 WIB 2026-09-01] >>> PERINGATAN MISS #12: PINE belum konfirmasi BUY — posisi AGRESIF, siap cut cepat!
[00:18:57 WIB 2026-09-01] === TRACKING B: SL 4355 | TP1 4450 (L1 close) | TP2 4538 (L2 runner) ===
[00:18:57 WIB 2026-09-01] *** SL KENA *** harga=4344.82 — CUT DISIPLIN, catat hasil
[00:19:57 WIB 2026-09-01] *** SL KENA *** harga=4347.07 — CUT DISIPLIN, catat hasil
[00:19:57 WIB 2026-09-01] [A] SELL LIMIT 4538 belum kena | harga=4347.07 | PINE=FLAT RSI=37.9
[00:19:57 WIB 2026-09-01] >>> BUY LIMIT B KENA @4400 | harga=4347.07 | PINE=FLAT RSI=37.9
[00:19:57 WIB 2026-09-01] >>> PERINGATAN MISS #12: PINE belum konfirmasi BUY — posisi AGRESIF, siap cut cepat!
[00:19:57 WIB 2026-09-01] === TRACKING B: SL 4355 | TP1 4450 (L1 close) | TP2 4538 (L2 runner) ===
[00:19:57 WIB 2026-09-01] *** SL KENA *** harga=4347.07 — CUT DISIPLIN, catat hasil
[00:20:57 WIB 2026-09-01] *** SL KENA *** harga=4347.18 — CUT DISIPLIN, catat hasil
[00:20:57 WIB 2026-09-01] [A] SELL LIMIT 4538 belum kena | harga=4347.18 | PINE=FLAT RSI=37.9
[00:20:57 WIB 2026-09-01] >>> BUY LIMIT B KENA @4400 | harga=4347.18 | PINE=FLAT RSI=37.9
[00:20:57 WIB 2026-09-01] >>> PERINGATAN MISS #12: PINE belum konfirmasi BUY — posisi AGRESIF, siap cut cepat!
[00:20:57 WIB 2026-09-01] === TRACKING B: SL 4355 | TP1 4450 (L1 close) | TP2 4538 (L2 runner) ===
[00:20:57 WIB 2026-09-01] *** SL KENA *** harga=4347.18 — CUT DISIPLIN, catat hasil
[00:21:57 WIB 2026-09-01] *** SL KENA *** harga=4345.44 — CUT DISIPLIN, catat hasil
[00:21:57 WIB 2026-09-01] [A] SELL LIMIT 4538 belum kena | harga=4345.44 | PINE=FLAT RSI=37
[00:21:57 WIB 2026-09-01] >>> BUY LIMIT B KENA @4400 | harga=4345.44 | PINE=FLAT RSI=37
[00:21:57 WIB 2026-09-01] >>> PERINGATAN MISS #12: PINE belum konfirmasi BUY — posisi AGRESIF, siap cut cepat!
[00:21:57 WIB 2026-09-01] === TRACKING B: SL 4355 | TP1 4450 (L1 close) | TP2 4538 (L2 runner) ===
[00:21:57 WIB 2026-09-01] *** SL KENA *** harga=4345.44 — CUT DISIPLIN, catat hasil
[00:22:57 WIB 2026-09-01] *** SL KENA *** harga=4345.82 — CUT DISIPLIN, catat hasil
[00:22:57 WIB 2026-09-01] [A] SELL LIMIT 4538 belum kena | harga=4345.82 | PINE=FLAT RSI=37.2
[00:22:57 WIB 2026-09-01] >>> BUY LIMIT B KENA @4400 | harga=4345.82 | PINE=FLAT RSI=37.2
[00:22:57 WIB 2026-09-01] >>> PERINGATAN MISS #12: PINE belum konfirmasi BUY — posisi AGRESIF, siap cut cepat!
[00:22:57 WIB 2026-09-01] === TRACKING B: SL 4355 | TP1 4450 (L1 close) | TP2 4538 (L2 runner) ===
[00:22:57 WIB 2026-09-01] *** SL KENA *** harga=4345.82 — CUT DISIPLIN, catat hasil
[00:23:57 WIB 2026-09-01] *** SL KENA *** harga=4345.91 — CUT DISIPLIN, catat hasil
[00:23:57 WIB 2026-09-01] [A] SELL LIMIT 4538 belum kena | harga=4345.91 | PINE=FLAT RSI=36.9
[00:23:57 WIB 2026-09-01] >>> BUY LIMIT B KENA @4400 | harga=4345.91 | PINE=FLAT RSI=36.9
[00:23:57 WIB 2026-09-01] >>> PERINGATAN MISS #12: PINE belum konfirmasi BUY — posisi AGRESIF, siap cut cepat!
[00:23:57 WIB 2026-09-01] === TRACKING B: SL 4355 | TP1 4450 (L1 close) | TP2 4538 (L2 runner) ===
[00:23:57 WIB 2026-09-01] *** SL KENA *** harga=4345.91 — CUT DISIPLIN, catat hasil
[00:24:57 WIB 2026-09-01] *** SL KENA *** harga=4346.87 — CUT DISIPLIN, catat hasil
[00:24:57 WIB 2026-09-01] [A] SELL LIMIT 4538 belum kena | harga=4346.87 | PINE=FLAT RSI=37.7
[00:24:57 WIB 2026-09-01] >>> BUY LIMIT B KENA @4400 | harga=4346.87 | PINE=FLAT RSI=37.7
[00:24:57 WIB 2026-09-01] >>> PERINGATAN MISS #12: PINE belum konfirmasi BUY — posisi AGRESIF, siap cut cepat!
[00:24:57 WIB 2026-09-01] === TRACKING B: SL 4355 | TP1 4450 (L1 close) | TP2 4538 (L2 runner) ===
[00:24:57 WIB 2026-09-01] *** SL KENA *** harga=4346.87 — CUT DISIPLIN, catat hasil
[00:25:57 WIB 2026-09-01] *** SL KENA *** harga=4344.60 — CUT DISIPLIN, catat hasil
[00:25:57 WIB 2026-09-01] [A] SELL LIMIT 4538 belum kena | harga=4344.60 | PINE=FLAT RSI=36.6
[00:25:57 WIB 2026-09-01] >>> BUY LIMIT B KENA @4400 | harga=4344.60 | PINE=FLAT RSI=36.6
[00:25:57 WIB 2026-09-01] >>> PERINGATAN MISS #12: PINE belum konfirmasi BUY — posisi AGRESIF, siap cut cepat!
[00:25:57 WIB 2026-09-01] === TRACKING B: SL 4355 | TP1 4450 (L1 close) | TP2 4538 (L2 runner) ===
[00:25:57 WIB 2026-09-01] *** SL KENA *** harga=4344.60 — CUT DISIPLIN, catat hasil
[00:26:57 WIB 2026-09-01] *** SL KENA *** harga=4344.07 — CUT DISIPLIN, catat hasil
[00:26:57 WIB 2026-09-01] [A] SELL LIMIT 4538 belum kena | harga=4344.07 | PINE=FLAT RSI=36.3
[00:26:57 WIB 2026-09-01] >>> BUY LIMIT B KENA @4400 | harga=4344.07 | PINE=FLAT RSI=36.3
[00:26:57 WIB 2026-09-01] >>> PERINGATAN MISS #12: PINE belum konfirmasi BUY — posisi AGRESIF, siap cut cepat!
[00:26:57 WIB 2026-09-01] === TRACKING B: SL 4355 | TP1 4450 (L1 close) | TP2 4538 (L2 runner) ===
[00:26:57 WIB 2026-09-01] *** SL KENA *** harga=4344.07 — CUT DISIPLIN, catat hasil
[00:27:57 WIB 2026-09-01] *** SL KENA *** harga=4345.24 — CUT DISIPLIN, catat hasil
[00:27:57 WIB 2026-09-01] [A] SELL LIMIT 4538 belum kena | harga=4345.24 | PINE=FLAT RSI=36.9
[00:27:57 WIB 2026-09-01] >>> BUY LIMIT B KENA @4400 | harga=4345.24 | PINE=FLAT RSI=36.9
[00:27:57 WIB 2026-09-01] >>> PERINGATAN MISS #12: PINE belum konfirmasi BUY — posisi AGRESIF, siap cut cepat!
[00:27:57 WIB 2026-09-01] === TRACKING B: SL 4355 | TP1 4450 (L1 close) | TP2 4538 (L2 runner) ===
[00:27:57 WIB 2026-09-01] *** SL KENA *** harga=4345.24 — CUT DISIPLIN, catat hasil
[00:28:57 WIB 2026-09-01] *** SL KENA *** harga=4345.87 — CUT DISIPLIN, catat hasil
[00:28:57 WIB 2026-09-01] [A] SELL LIMIT 4538 belum kena | harga=4345.87 | PINE=FLAT RSI=37.1
[00:28:57 WIB 2026-09-01] >>> BUY LIMIT B KENA @4400 | harga=4345.87 | PINE=FLAT RSI=37.1
[00:28:57 WIB 2026-09-01] >>> PERINGATAN MISS #12: PINE belum konfirmasi BUY — posisi AGRESIF, siap cut cepat!
[00:28:57 WIB 2026-09-01] === TRACKING B: SL 4355 | TP1 4450 (L1 close) | TP2 4538 (L2 runner) ===
[00:28:57 WIB 2026-09-01] *** SL KENA *** harga=4345.87 — CUT DISIPLIN, catat hasil
[00:29:57 WIB 2026-09-01] *** SL KENA *** harga=4349.47 — CUT DISIPLIN, catat hasil
[00:29:57 WIB 2026-09-01] [A] SELL LIMIT 4538 belum kena | harga=4349.47 | PINE=FLAT RSI=39.6
[00:29:57 WIB 2026-09-01] >>> BUY LIMIT B KENA @4400 | harga=4349.47 | PINE=FLAT RSI=39.6
[00:29:57 WIB 2026-09-01] >>> PERINGATAN MISS #12: PINE belum konfirmasi BUY — posisi AGRESIF, siap cut cepat!
[00:29:57 WIB 2026-09-01] === TRACKING B: SL 4355 | TP1 4450 (L1 close) | TP2 4538 (L2 runner) ===
[00:29:57 WIB 2026-09-01] *** SL KENA *** harga=4349.47 — CUT DISIPLIN, catat hasil
[00:30:57 WIB 2026-09-01] *** SL KENA *** harga=4350.55 — CUT DISIPLIN, catat hasil
[00:30:57 WIB 2026-09-01] [A] SELL LIMIT 4538 belum kena | harga=4350.55 | PINE=FLAT RSI=40.4
[00:30:57 WIB 2026-09-01] >>> BUY LIMIT B KENA @4400 | harga=4350.55 | PINE=FLAT RSI=40.4
[00:30:57 WIB 2026-09-01] >>> PERINGATAN MISS #12: PINE belum konfirmasi BUY — posisi AGRESIF, siap cut cepat!
[00:30:57 WIB 2026-09-01] === TRACKING B: SL 4355 | TP1 4450 (L1 close) | TP2 4538 (L2 runner) ===
[00:30:57 WIB 2026-09-01] *** SL KENA *** harga=4350.55 — CUT DISIPLIN, catat hasil
[00:31:57 WIB 2026-09-01] *** SL KENA *** harga=4351.64 — CUT DISIPLIN, catat hasil
[00:31:57 WIB 2026-09-01] [A] SELL LIMIT 4538 belum kena | harga=4351.64 | PINE=FLAT RSI=41.2
[00:31:57 WIB 2026-09-01] >>> BUY LIMIT B KENA @4400 | harga=4351.64 | PINE=FLAT RSI=41.2
[00:31:57 WIB 2026-09-01] >>> PERINGATAN MISS #12: PINE belum konfirmasi BUY — posisi AGRESIF, siap cut cepat!
[00:31:57 WIB 2026-09-01] === TRACKING B: SL 4355 | TP1 4450 (L1 close) | TP2 4538 (L2 runner) ===
[00:31:57 WIB 2026-09-01] *** SL KENA *** harga=4351.64 — CUT DISIPLIN, catat hasil
[00:32:57 WIB 2026-09-01] *** SL KENA *** harga=4349.57 — CUT DISIPLIN, catat hasil
[00:32:57 WIB 2026-09-01] [A] SELL LIMIT 4538 belum kena | harga=4349.57 | PINE=FLAT RSI=39.8
[00:32:57 WIB 2026-09-01] >>> BUY LIMIT B KENA @4400 | harga=4349.57 | PINE=FLAT RSI=39.8
[00:32:57 WIB 2026-09-01] >>> PERINGATAN MISS #12: PINE belum konfirmasi BUY — posisi AGRESIF, siap cut cepat!
[00:32:57 WIB 2026-09-01] === TRACKING B: SL 4355 | TP1 4450 (L1 close) | TP2 4538 (L2 runner) ===
[00:32:57 WIB 2026-09-01] *** SL KENA *** harga=4349.57 — CUT DISIPLIN, catat hasil
[00:33:57 WIB 2026-09-01] *** SL KENA *** harga=4349.02 — CUT DISIPLIN, catat hasil
[00:33:57 WIB 2026-09-01] [A] SELL LIMIT 4538 belum kena | harga=4349.02 | PINE=FLAT RSI=39.5
[00:33:57 WIB 2026-09-01] >>> BUY LIMIT B KENA @4400 | harga=4349.02 | PINE=FLAT RSI=39.5
[00:33:57 WIB 2026-09-01] >>> PERINGATAN MISS #12: PINE belum konfirmasi BUY — posisi AGRESIF, siap cut cepat!
[00:33:57 WIB 2026-09-01] === TRACKING B: SL 4355 | TP1 4450 (L1 close) | TP2 4538 (L2 runner) ===
[00:33:57 WIB 2026-09-01] *** SL KENA *** harga=4349.02 — CUT DISIPLIN, catat hasil
[00:34:57 WIB 2026-09-01] *** SL KENA *** harga=4348.23 — CUT DISIPLIN, catat hasil
[00:34:57 WIB 2026-09-01] [A] SELL LIMIT 4538 belum kena | harga=4348.23 | PINE=FLAT RSI=39.1
[00:34:57 WIB 2026-09-01] >>> BUY LIMIT B KENA @4400 | harga=4348.23 | PINE=FLAT RSI=39.1
[00:34:57 WIB 2026-09-01] >>> PERINGATAN MISS #12: PINE belum konfirmasi BUY — posisi AGRESIF, siap cut cepat!
[00:34:57 WIB 2026-09-01] === TRACKING B: SL 4355 | TP1 4450 (L1 close) | TP2 4538 (L2 runner) ===
[00:34:57 WIB 2026-09-01] *** SL KENA *** harga=4348.23 — CUT DISIPLIN, catat hasil
[00:35:57 WIB 2026-09-01] *** SL KENA *** harga=4349.53 — CUT DISIPLIN, catat hasil
[00:35:57 WIB 2026-09-01] [A] SELL LIMIT 4538 belum kena | harga=4349.53 | PINE=FLAT RSI=39.8
[00:35:57 WIB 2026-09-01] >>> BUY LIMIT B KENA @4400 | harga=4349.53 | PINE=FLAT RSI=39.8
[00:35:57 WIB 2026-09-01] >>> PERINGATAN MISS #12: PINE belum konfirmasi BUY — posisi AGRESIF, siap cut cepat!
[00:35:57 WIB 2026-09-01] === TRACKING B: SL 4355 | TP1 4450 (L1 close) | TP2 4538 (L2 runner) ===
[00:35:57 WIB 2026-09-01] *** SL KENA *** harga=4349.53 — CUT DISIPLIN, catat hasil
[00:36:57 WIB 2026-09-01] *** SL KENA *** harga=4349.60 — CUT DISIPLIN, catat hasil
[00:36:57 WIB 2026-09-01] [A] SELL LIMIT 4538 belum kena | harga=4349.60 | PINE=FLAT RSI=39.8
[00:36:57 WIB 2026-09-01] >>> BUY LIMIT B KENA @4400 | harga=4349.60 | PINE=FLAT RSI=39.8
[00:36:57 WIB 2026-09-01] >>> PERINGATAN MISS #12: PINE belum konfirmasi BUY — posisi AGRESIF, siap cut cepat!
[00:36:57 WIB 2026-09-01] === TRACKING B: SL 4355 | TP1 4450 (L1 close) | TP2 4538 (L2 runner) ===
[00:36:57 WIB 2026-09-01] *** SL KENA *** harga=4349.60 — CUT DISIPLIN, catat hasil
[00:37:57 WIB 2026-09-01] *** SL KENA *** harga=4348.11 — CUT DISIPLIN, catat hasil
[00:37:57 WIB 2026-09-01] [A] SELL LIMIT 4538 belum kena | harga=4348.11 | PINE=FLAT RSI=39.1
[00:37:57 WIB 2026-09-01] >>> BUY LIMIT B KENA @4400 | harga=4348.11 | PINE=FLAT RSI=39.1
[00:37:57 WIB 2026-09-01] >>> PERINGATAN MISS #12: PINE belum konfirmasi BUY — posisi AGRESIF, siap cut cepat!
[00:37:57 WIB 2026-09-01] === TRACKING B: SL 4355 | TP1 4450 (L1 close) | TP2 4538 (L2 runner) ===
[00:37:57 WIB 2026-09-01] *** SL KENA *** harga=4348.11 — CUT DISIPLIN, catat hasil
[00:38:57 WIB 2026-09-01] *** SL KENA *** harga=4348.61 — CUT DISIPLIN, catat hasil
[00:38:57 WIB 2026-09-01] [A] SELL LIMIT 4538 belum kena | harga=4348.61 | PINE=FLAT RSI=39.3
[00:38:57 WIB 2026-09-01] >>> BUY LIMIT B KENA @4400 | harga=4348.61 | PINE=FLAT RSI=39.3
[00:38:57 WIB 2026-09-01] >>> PERINGATAN MISS #12: PINE belum konfirmasi BUY — posisi AGRESIF, siap cut cepat!
[00:38:57 WIB 2026-09-01] === TRACKING B: SL 4355 | TP1 4450 (L1 close) | TP2 4538 (L2 runner) ===
[00:38:57 WIB 2026-09-01] *** SL KENA *** harga=4348.61 — CUT DISIPLIN, catat hasil
[00:39:57 WIB 2026-09-01] *** SL KENA *** harga=4347.24 — CUT DISIPLIN, catat hasil
[00:39:57 WIB 2026-09-01] [A] SELL LIMIT 4538 belum kena | harga=4347.24 | PINE=FLAT RSI=38.7
[00:39:57 WIB 2026-09-01] >>> BUY LIMIT B KENA @4400 | harga=4347.24 | PINE=FLAT RSI=38.7
[00:39:57 WIB 2026-09-01] >>> PERINGATAN MISS #12: PINE belum konfirmasi BUY — posisi AGRESIF, siap cut cepat!
[00:39:57 WIB 2026-09-01] === TRACKING B: SL 4355 | TP1 4450 (L1 close) | TP2 4538 (L2 runner) ===
[00:39:57 WIB 2026-09-01] *** SL KENA *** harga=4347.24 — CUT DISIPLIN, catat hasil
[00:40:57 WIB 2026-09-01] *** SL KENA *** harga=4344.02 — CUT DISIPLIN, catat hasil
[00:40:57 WIB 2026-09-01] [A] SELL LIMIT 4538 belum kena | harga=4344.02 | PINE=FLAT RSI=37.2
[00:40:57 WIB 2026-09-01] >>> BUY LIMIT B KENA @4400 | harga=4344.02 | PINE=FLAT RSI=37.2
[00:40:57 WIB 2026-09-01] >>> PERINGATAN MISS #12: PINE belum konfirmasi BUY — posisi AGRESIF, siap cut cepat!
[00:40:57 WIB 2026-09-01] === TRACKING B: SL 4355 | TP1 4450 (L1 close) | TP2 4538 (L2 runner) ===
[00:40:57 WIB 2026-09-01] *** SL KENA *** harga=4344.02 — CUT DISIPLIN, catat hasil
[00:41:57 WIB 2026-09-01] *** SL KENA *** harga=4344.65 — CUT DISIPLIN, catat hasil
[00:41:57 WIB 2026-09-01] [A] SELL LIMIT 4538 belum kena | harga=4344.65 | PINE=FLAT RSI=37.5
[00:41:57 WIB 2026-09-01] >>> BUY LIMIT B KENA @4400 | harga=4344.65 | PINE=FLAT RSI=37.5
[00:41:57 WIB 2026-09-01] >>> PERINGATAN MISS #12: PINE belum konfirmasi BUY — posisi AGRESIF, siap cut cepat!
[00:41:57 WIB 2026-09-01] === TRACKING B: SL 4355 | TP1 4450 (L1 close) | TP2 4538 (L2 runner) ===
[00:41:57 WIB 2026-09-01] *** SL KENA *** harga=4344.65 — CUT DISIPLIN, catat hasil
[00:42:57 WIB 2026-09-01] *** SL KENA *** harga=4344.81 — CUT DISIPLIN, catat hasil
[00:42:57 WIB 2026-09-01] [A] SELL LIMIT 4538 belum kena | harga=4344.81 | PINE=FLAT RSI=37.5
[00:42:57 WIB 2026-09-01] >>> BUY LIMIT B KENA @4400 | harga=4344.81 | PINE=FLAT RSI=37.5
[00:42:57 WIB 2026-09-01] >>> PERINGATAN MISS #12: PINE belum konfirmasi BUY — posisi AGRESIF, siap cut cepat!
[00:42:57 WIB 2026-09-01] === TRACKING B: SL 4355 | TP1 4450 (L1 close) | TP2 4538 (L2 runner) ===
[00:42:57 WIB 2026-09-01] *** SL KENA *** harga=4344.81 — CUT DISIPLIN, catat hasil
[00:43:57 WIB 2026-09-01] *** SL KENA *** harga=4343.06 — CUT DISIPLIN, catat hasil
[00:43:57 WIB 2026-09-01] [A] SELL LIMIT 4538 belum kena | harga=4343.06 | PINE=FLAT RSI=36.8
[00:43:57 WIB 2026-09-01] >>> BUY LIMIT B KENA @4400 | harga=4343.06 | PINE=FLAT RSI=36.8
[00:43:57 WIB 2026-09-01] >>> PERINGATAN MISS #12: PINE belum konfirmasi BUY — posisi AGRESIF, siap cut cepat!
[00:43:57 WIB 2026-09-01] === TRACKING B: SL 4355 | TP1 4450 (L1 close) | TP2 4538 (L2 runner) ===
[00:43:57 WIB 2026-09-01] *** SL KENA *** harga=4343.06 — CUT DISIPLIN, catat hasil
[00:44:57 WIB 2026-09-01] *** SL KENA *** harga=4344.42 — CUT DISIPLIN, catat hasil
[00:44:57 WIB 2026-09-01] [A] SELL LIMIT 4538 belum kena | harga=4344.42 | PINE=FLAT RSI=37.4
[00:44:57 WIB 2026-09-01] >>> BUY LIMIT B KENA @4400 | harga=4344.42 | PINE=FLAT RSI=37.4
[00:44:57 WIB 2026-09-01] >>> PERINGATAN MISS #12: PINE belum konfirmasi BUY — posisi AGRESIF, siap cut cepat!
[00:44:57 WIB 2026-09-01] === TRACKING B: SL 4355 | TP1 4450 (L1 close) | TP2 4538 (L2 runner) ===
[00:44:57 WIB 2026-09-01] *** SL KENA *** harga=4344.42 — CUT DISIPLIN, catat hasil
[00:45:57 WIB 2026-09-01] *** SL KENA *** harga=4343.10 — CUT DISIPLIN, catat hasil
[00:45:57 WIB 2026-09-01] [A] SELL LIMIT 4538 belum kena | harga=4343.10 | PINE=FLAT RSI=36.7
[00:45:57 WIB 2026-09-01] >>> BUY LIMIT B KENA @4400 | harga=4343.10 | PINE=FLAT RSI=36.7
[00:45:57 WIB 2026-09-01] >>> PERINGATAN MISS #12: PINE belum konfirmasi BUY — posisi AGRESIF, siap cut cepat!
[00:45:57 WIB 2026-09-01] === TRACKING B: SL 4355 | TP1 4450 (L1 close) | TP2 4538 (L2 runner) ===
[00:45:57 WIB 2026-09-01] *** SL KENA *** harga=4343.10 — CUT DISIPLIN, catat hasil
[04:23:14 WIB 2026-09-01] *** SL KENA *** harga=4342.83 — CUT DISIPLIN, catat hasil
[04:23:14 WIB 2026-09-01] [A] SELL LIMIT 4538 belum kena | harga=4342.83 | PINE=FLAT RSI=36.6
[04:23:14 WIB 2026-09-01] >>> BUY LIMIT B KENA @4400 | harga=4342.83 | PINE=FLAT RSI=36.6
[04:23:14 WIB 2026-09-01] >>> PERINGATAN MISS #12: PINE belum konfirmasi BUY — posisi AGRESIF, siap cut cepat!
[04:23:14 WIB 2026-09-01] === TRACKING B: SL 4355 | TP1 4450 (L1 close) | TP2 4538 (L2 runner) ===
[04:23:14 WIB 2026-09-01] *** SL KENA *** harga=4342.83 — CUT DISIPLIN, catat hasil
[04:24:13 WIB 2026-09-01] *** SL KENA *** harga=4328.40 — CUT DISIPLIN, catat hasil
[04:24:13 WIB 2026-09-01] [A] SELL LIMIT 4538 belum kena | harga=4328.40 | PINE=FLAT RSI=35.6
[04:24:13 WIB 2026-09-01] >>> BUY LIMIT B KENA @4400 | harga=4328.40 | PINE=FLAT RSI=35.6
[04:24:13 WIB 2026-09-01] >>> PERINGATAN MISS #12: PINE belum konfirmasi BUY — posisi AGRESIF, siap cut cepat!
[04:24:13 WIB 2026-09-01] === TRACKING B: SL 4355 | TP1 4450 (L1 close) | TP2 4538 (L2 runner) ===
[04:24:13 WIB 2026-09-01] *** SL KENA *** harga=4328.40 — CUT DISIPLIN, catat hasil
[10:27:39 WIB 2026-09-02] *** SL KENA *** harga=4328.40 — CUT DISIPLIN, catat hasil
[10:27:39 WIB 2026-09-02] [A] SELL LIMIT 4538 belum kena | harga=4328.40 | PINE=FLAT RSI=35.6
[10:27:39 WIB 2026-09-02] >>> BUY LIMIT B KENA @4400 | harga=4328.40 | PINE=FLAT RSI=35.6
[10:27:39 WIB 2026-09-02] >>> PERINGATAN MISS #12: PINE belum konfirmasi BUY — posisi AGRESIF, siap cut cepat!
[10:27:39 WIB 2026-09-02] === TRACKING B: SL 4355 | TP1 4450 (L1 close) | TP2 4538 (L2 runner) ===
[10:27:39 WIB 2026-09-02] *** SL KENA *** harga=4328.40 — CUT DISIPLIN, catat hasil
[10:28:37 WIB 2026-09-02] GUARD TF: chart tidak di M15 (interval bar 240 mnt) — auto-set M15, siklus ini dilewati
[10:29:36 WIB 2026-09-02] *** SL KENA *** harga=4294.17 — CUT DISIPLIN, catat hasil
[10:29:36 WIB 2026-09-02] [A] SELL LIMIT 4538 belum kena | harga=4294.17 | PINE=FLAT RSI=32.4
[10:29:36 WIB 2026-09-02] >>> BUY LIMIT B KENA @4400 | harga=4294.17 | PINE=FLAT RSI=32.4
[10:29:36 WIB 2026-09-02] >>> PERINGATAN MISS #12: PINE belum konfirmasi BUY — posisi AGRESIF, siap cut cepat!
[10:29:36 WIB 2026-09-02] === TRACKING B: SL 4355 | TP1 4450 (L1 close) | TP2 4538 (L2 runner) ===
[10:29:36 WIB 2026-09-02] *** SL KENA *** harga=4294.17 — CUT DISIPLIN, catat hasil
[10:30:36 WIB 2026-09-02] *** SL KENA *** harga=4292.43 — CUT DISIPLIN, catat hasil
[10:30:36 WIB 2026-09-02] [A] SELL LIMIT 4538 belum kena | harga=4292.43 | PINE=FLAT RSI=31.4
[10:30:36 WIB 2026-09-02] >>> BUY LIMIT B KENA @4400 | harga=4292.43 | PINE=FLAT RSI=31.4
[10:30:36 WIB 2026-09-02] >>> PERINGATAN MISS #12: PINE belum konfirmasi BUY — posisi AGRESIF, siap cut cepat!
[10:30:36 WIB 2026-09-02] === TRACKING B: SL 4355 | TP1 4450 (L1 close) | TP2 4538 (L2 runner) ===
[10:30:36 WIB 2026-09-02] *** SL KENA *** harga=4292.43 — CUT DISIPLIN, catat hasil
[10:31:36 WIB 2026-09-02] *** SL KENA *** harga=4290.68 — CUT DISIPLIN, catat hasil
[10:31:36 WIB 2026-09-02] [A] SELL LIMIT 4538 belum kena | harga=4290.68 | PINE=FLAT RSI=30.9
[10:31:36 WIB 2026-09-02] >>> BUY LIMIT B KENA @4400 | harga=4290.68 | PINE=FLAT RSI=30.9
[10:31:36 WIB 2026-09-02] >>> PERINGATAN MISS #12: PINE belum konfirmasi BUY — posisi AGRESIF, siap cut cepat!
[10:31:36 WIB 2026-09-02] === TRACKING B: SL 4355 | TP1 4450 (L1 close) | TP2 4538 (L2 runner) ===
[10:31:36 WIB 2026-09-02] *** SL KENA *** harga=4290.68 — CUT DISIPLIN, catat hasil
[10:32:36 WIB 2026-09-02] *** SL KENA *** harga=4292.01 — CUT DISIPLIN, catat hasil
[10:32:36 WIB 2026-09-02] [A] SELL LIMIT 4538 belum kena | harga=4292.01 | PINE=FLAT RSI=31.3
[10:32:36 WIB 2026-09-02] >>> BUY LIMIT B KENA @4400 | harga=4292.01 | PINE=FLAT RSI=31.3
[10:32:36 WIB 2026-09-02] >>> PERINGATAN MISS #12: PINE belum konfirmasi BUY — posisi AGRESIF, siap cut cepat!
[10:32:36 WIB 2026-09-02] === TRACKING B: SL 4355 | TP1 4450 (L1 close) | TP2 4538 (L2 runner) ===
[10:32:36 WIB 2026-09-02] *** SL KENA *** harga=4292.01 — CUT DISIPLIN, catat hasil
[10:33:36 WIB 2026-09-02] *** SL KENA *** harga=4290.06 — CUT DISIPLIN, catat hasil
[10:33:36 WIB 2026-09-02] [A] SELL LIMIT 4538 belum kena | harga=4290.06 | PINE=FLAT RSI=30.5
[10:33:36 WIB 2026-09-02] >>> BUY LIMIT B KENA @4400 | harga=4290.06 | PINE=FLAT RSI=30.5
[10:33:36 WIB 2026-09-02] >>> PERINGATAN MISS #12: PINE belum konfirmasi BUY — posisi AGRESIF, siap cut cepat!
[10:33:36 WIB 2026-09-02] === TRACKING B: SL 4355 | TP1 4450 (L1 close) | TP2 4538 (L2 runner) ===
[10:33:36 WIB 2026-09-02] *** SL KENA *** harga=4290.06 — CUT DISIPLIN, catat hasil
[10:34:36 WIB 2026-09-02] *** SL KENA *** harga=4287.44 — CUT DISIPLIN, catat hasil
[10:34:36 WIB 2026-09-02] [A] SELL LIMIT 4538 belum kena | harga=4287.44 | PINE=FLAT RSI=28.9
[10:34:36 WIB 2026-09-02] >>> BUY LIMIT B KENA @4400 | harga=4287.44 | PINE=FLAT RSI=28.9
[10:34:36 WIB 2026-09-02] >>> PERINGATAN MISS #12: PINE belum konfirmasi BUY — posisi AGRESIF, siap cut cepat!
[10:34:36 WIB 2026-09-02] === TRACKING B: SL 4355 | TP1 4450 (L1 close) | TP2 4538 (L2 runner) ===
[10:34:36 WIB 2026-09-02] *** SL KENA *** harga=4287.44 — CUT DISIPLIN, catat hasil
[10:35:36 WIB 2026-09-02] *** SL KENA *** harga=4285.06 — CUT DISIPLIN, catat hasil
[10:35:36 WIB 2026-09-02] [A] SELL LIMIT 4538 belum kena | harga=4285.06 | PINE=FLAT RSI=28.2
[10:35:36 WIB 2026-09-02] >>> BUY LIMIT B KENA @4400 | harga=4285.06 | PINE=FLAT RSI=28.2
[10:35:36 WIB 2026-09-02] >>> PERINGATAN MISS #12: PINE belum konfirmasi BUY — posisi AGRESIF, siap cut cepat!
[10:35:36 WIB 2026-09-02] === TRACKING B: SL 4355 | TP1 4450 (L1 close) | TP2 4538 (L2 runner) ===
[10:35:36 WIB 2026-09-02] *** SL KENA *** harga=4285.06 — CUT DISIPLIN, catat hasil
[10:36:36 WIB 2026-09-02] *** SL KENA *** harga=4285.38 — CUT DISIPLIN, catat hasil
[10:36:36 WIB 2026-09-02] [A] SELL LIMIT 4538 belum kena | harga=4285.38 | PINE=FLAT RSI=28.4
[10:36:36 WIB 2026-09-02] >>> BUY LIMIT B KENA @4400 | harga=4285.38 | PINE=FLAT RSI=28.4
[10:36:36 WIB 2026-09-02] >>> PERINGATAN MISS #12: PINE belum konfirmasi BUY — posisi AGRESIF, siap cut cepat!
[10:36:36 WIB 2026-09-02] === TRACKING B: SL 4355 | TP1 4450 (L1 close) | TP2 4538 (L2 runner) ===
[10:36:36 WIB 2026-09-02] *** SL KENA *** harga=4285.38 — CUT DISIPLIN, catat hasil
[10:37:36 WIB 2026-09-02] *** SL KENA *** harga=4285.20 — CUT DISIPLIN, catat hasil
[10:37:36 WIB 2026-09-02] [A] SELL LIMIT 4538 belum kena | harga=4285.20 | PINE=FLAT RSI=28.4
[10:37:36 WIB 2026-09-02] >>> BUY LIMIT B KENA @4400 | harga=4285.20 | PINE=FLAT RSI=28.4
[10:37:36 WIB 2026-09-02] >>> PERINGATAN MISS #12: PINE belum konfirmasi BUY — posisi AGRESIF, siap cut cepat!
[10:37:36 WIB 2026-09-02] === TRACKING B: SL 4355 | TP1 4450 (L1 close) | TP2 4538 (L2 runner) ===
[10:37:36 WIB 2026-09-02] *** SL KENA *** harga=4285.20 — CUT DISIPLIN, catat hasil
[10:38:36 WIB 2026-09-02] *** SL KENA *** harga=4287.51 — CUT DISIPLIN, catat hasil
[10:38:36 WIB 2026-09-02] [A] SELL LIMIT 4538 belum kena | harga=4287.51 | PINE=FLAT RSI=29.4
[10:38:36 WIB 2026-09-02] >>> BUY LIMIT B KENA @4400 | harga=4287.51 | PINE=FLAT RSI=29.4
[10:38:36 WIB 2026-09-02] >>> PERINGATAN MISS #12: PINE belum konfirmasi BUY — posisi AGRESIF, siap cut cepat!
[10:38:36 WIB 2026-09-02] === TRACKING B: SL 4355 | TP1 4450 (L1 close) | TP2 4538 (L2 runner) ===
[10:38:36 WIB 2026-09-02] *** SL KENA *** harga=4287.51 — CUT DISIPLIN, catat hasil
[10:39:36 WIB 2026-09-02] *** SL KENA *** harga=4290.94 — CUT DISIPLIN, catat hasil
[10:39:36 WIB 2026-09-02] [A] SELL LIMIT 4538 belum kena | harga=4290.94 | PINE=FLAT RSI=30.5
[10:39:36 WIB 2026-09-02] >>> BUY LIMIT B KENA @4400 | harga=4290.94 | PINE=FLAT RSI=30.5
[10:39:36 WIB 2026-09-02] >>> PERINGATAN MISS #12: PINE belum konfirmasi BUY — posisi AGRESIF, siap cut cepat!
[10:39:36 WIB 2026-09-02] === TRACKING B: SL 4355 | TP1 4450 (L1 close) | TP2 4538 (L2 runner) ===
[10:39:36 WIB 2026-09-02] *** SL KENA *** harga=4290.94 — CUT DISIPLIN, catat hasil
[10:40:36 WIB 2026-09-02] *** SL KENA *** harga=4289.26 — CUT DISIPLIN, catat hasil
[10:40:36 WIB 2026-09-02] [A] SELL LIMIT 4538 belum kena | harga=4289.26 | PINE=FLAT RSI=30.3
[10:40:36 WIB 2026-09-02] >>> BUY LIMIT B KENA @4400 | harga=4289.26 | PINE=FLAT RSI=30.3
[10:40:36 WIB 2026-09-02] >>> PERINGATAN MISS #12: PINE belum konfirmasi BUY — posisi AGRESIF, siap cut cepat!
[10:40:36 WIB 2026-09-02] === TRACKING B: SL 4355 | TP1 4450 (L1 close) | TP2 4538 (L2 runner) ===
[10:40:36 WIB 2026-09-02] *** SL KENA *** harga=4289.26 — CUT DISIPLIN, catat hasil
[10:41:36 WIB 2026-09-02] *** SL KENA *** harga=4288.16 — CUT DISIPLIN, catat hasil
[10:41:36 WIB 2026-09-02] [A] SELL LIMIT 4538 belum kena | harga=4288.16 | PINE=FLAT RSI=29.6
[10:41:36 WIB 2026-09-02] >>> BUY LIMIT B KENA @4400 | harga=4288.16 | PINE=FLAT RSI=29.6
[10:41:36 WIB 2026-09-02] >>> PERINGATAN MISS #12: PINE belum konfirmasi BUY — posisi AGRESIF, siap cut cepat!
[10:41:36 WIB 2026-09-02] === TRACKING B: SL 4355 | TP1 4450 (L1 close) | TP2 4538 (L2 runner) ===
[10:41:36 WIB 2026-09-02] *** SL KENA *** harga=4288.16 — CUT DISIPLIN, catat hasil
[10:42:36 WIB 2026-09-02] *** SL KENA *** harga=4287.54 — CUT DISIPLIN, catat hasil
[10:42:36 WIB 2026-09-02] [A] SELL LIMIT 4538 belum kena | harga=4287.54 | PINE=FLAT RSI=29.7
[10:42:36 WIB 2026-09-02] >>> BUY LIMIT B KENA @4400 | harga=4287.54 | PINE=FLAT RSI=29.7
[10:42:36 WIB 2026-09-02] >>> PERINGATAN MISS #12: PINE belum konfirmasi BUY — posisi AGRESIF, siap cut cepat!
[10:42:36 WIB 2026-09-02] === TRACKING B: SL 4355 | TP1 4450 (L1 close) | TP2 4538 (L2 runner) ===
[10:42:36 WIB 2026-09-02] *** SL KENA *** harga=4287.54 — CUT DISIPLIN, catat hasil
[10:43:36 WIB 2026-09-02] *** SL KENA *** harga=4286.81 — CUT DISIPLIN, catat hasil
[10:44:17 WIB 2026-09-02] === MONITOR XAU V2 MULAI (update 28 Aug: self-lock + guard TF + wick sanity + state persist) ===
[10:44:17 WIB 2026-09-02]   [LIVE] POSISI AKTIF BUY entry=0 SL=4355 TP1=NaN TP2=NaN (filled)
[10:44:17 WIB 2026-09-02] *** SL KENA *** harga=4287.32 — CUT DISIPLIN, catat hasil
[10:44:36 WIB 2026-09-02] *** SL KENA *** harga=4287.74 — CUT DISIPLIN, catat hasil
[10:45:36 WIB 2026-09-02] *** SL KENA *** harga=4291.54 — CUT DISIPLIN, catat hasil
[10:46:36 WIB 2026-09-02] *** SL KENA *** harga=4293.03 — CUT DISIPLIN, catat hasil
[10:47:36 WIB 2026-09-02] *** SL KENA *** harga=4295.16 — CUT DISIPLIN, catat hasil
[10:48:36 WIB 2026-09-02] *** SL KENA *** harga=4297.27 — CUT DISIPLIN, catat hasil
[10:49:36 WIB 2026-09-02] *** SL KENA *** harga=4298.40 — CUT DISIPLIN, catat hasil
[10:50:36 WIB 2026-09-02] *** SL KENA *** harga=4298.52 — CUT DISIPLIN, catat hasil
[10:51:36 WIB 2026-09-02] *** SL KENA *** harga=4298.19 — CUT DISIPLIN, catat hasil
[10:52:36 WIB 2026-09-02] *** SL KENA *** harga=4298.16 — CUT DISIPLIN, catat hasil
[10:53:36 WIB 2026-09-02] *** SL KENA *** harga=4298.85 — CUT DISIPLIN, catat hasil
[10:54:36 WIB 2026-09-02] *** SL KENA *** harga=4300.23 — CUT DISIPLIN, catat hasil
[10:55:36 WIB 2026-09-02] *** SL KENA *** harga=4300.56 — CUT DISIPLIN, catat hasil
[10:56:36 WIB 2026-09-02] *** SL KENA *** harga=4301.85 — CUT DISIPLIN, catat hasil
[10:57:36 WIB 2026-09-02] *** SL KENA *** harga=4302.61 — CUT DISIPLIN, catat hasil
[10:58:36 WIB 2026-09-02] *** SL KENA *** harga=4302.43 — CUT DISIPLIN, catat hasil
[10:59:36 WIB 2026-09-02] *** SL KENA *** harga=4302.90 — CUT DISIPLIN, catat hasil
[11:00:36 WIB 2026-09-02] *** SL KENA *** harga=4304.05 — CUT DISIPLIN, catat hasil
[11:01:36 WIB 2026-09-02] *** SL KENA *** harga=4303.60 — CUT DISIPLIN, catat hasil
[11:02:36 WIB 2026-09-02] *** SL KENA *** harga=4302.92 — CUT DISIPLIN, catat hasil
[11:03:36 WIB 2026-09-02] *** SL KENA *** harga=4304.48 — CUT DISIPLIN, catat hasil
[11:04:37 WIB 2026-09-02] *** SL KENA *** harga=4303.56 — CUT DISIPLIN, catat hasil
[11:05:37 WIB 2026-09-02] *** SL KENA *** harga=4305.02 — CUT DISIPLIN, catat hasil
[11:06:37 WIB 2026-09-02] *** SL KENA *** harga=4305.00 — CUT DISIPLIN, catat hasil
[11:07:37 WIB 2026-09-02] *** SL KENA *** harga=4304.69 — CUT DISIPLIN, catat hasil
[11:08:37 WIB 2026-09-02] *** SL KENA *** harga=4304.49 — CUT DISIPLIN, catat hasil
[11:09:37 WIB 2026-09-02] *** SL KENA *** harga=4306.10 — CUT DISIPLIN, catat hasil
[11:10:37 WIB 2026-09-02] *** SL KENA *** harga=4305.61 — CUT DISIPLIN, catat hasil
[11:11:37 WIB 2026-09-02] *** SL KENA *** harga=4306.45 — CUT DISIPLIN, catat hasil
[11:12:37 WIB 2026-09-02] *** SL KENA *** harga=4306.25 — CUT DISIPLIN, catat hasil
[11:13:37 WIB 2026-09-02] *** SL KENA *** harga=4304.63 — CUT DISIPLIN, catat hasil
[11:14:37 WIB 2026-09-02] *** SL KENA *** harga=4304.40 — CUT DISIPLIN, catat hasil
[11:15:37 WIB 2026-09-02] *** SL KENA *** harga=4304.93 — CUT DISIPLIN, catat hasil
[11:16:37 WIB 2026-09-02] *** SL KENA *** harga=4305.55 — CUT DISIPLIN, catat hasil
[11:17:37 WIB 2026-09-02] *** SL KENA *** harga=4304.06 — CUT DISIPLIN, catat hasil
[11:18:37 WIB 2026-09-02] *** SL KENA *** harga=4303.64 — CUT DISIPLIN, catat hasil
[11:19:37 WIB 2026-09-02] *** SL KENA *** harga=4303.66 — CUT DISIPLIN, catat hasil
[11:20:37 WIB 2026-09-02] *** SL KENA *** harga=4302.96 — CUT DISIPLIN, catat hasil
[11:21:37 WIB 2026-09-02] *** SL KENA *** harga=4303.01 — CUT DISIPLIN, catat hasil
[11:22:37 WIB 2026-09-02] *** SL KENA *** harga=4303.83 — CUT DISIPLIN, catat hasil
[11:23:37 WIB 2026-09-02] *** SL KENA *** harga=4303.30 — CUT DISIPLIN, catat hasil
[11:24:37 WIB 2026-09-02] *** SL KENA *** harga=4304.19 — CUT DISIPLIN, catat hasil
[11:25:37 WIB 2026-09-02] *** SL KENA *** harga=4303.69 — CUT DISIPLIN, catat hasil
[11:26:37 WIB 2026-09-02] *** SL KENA *** harga=4303.77 — CUT DISIPLIN, catat hasil
[11:27:37 WIB 2026-09-02] *** SL KENA *** harga=4302.98 — CUT DISIPLIN, catat hasil
[11:28:37 WIB 2026-09-02] *** SL KENA *** harga=4302.60 — CUT DISIPLIN, catat hasil
[11:29:37 WIB 2026-09-02] *** SL KENA *** harga=4302.44 — CUT DISIPLIN, catat hasil
[11:30:37 WIB 2026-09-02] *** SL KENA *** harga=4302.78 — CUT DISIPLIN, catat hasil
[11:31:37 WIB 2026-09-02] *** SL KENA *** harga=4303.36 — CUT DISIPLIN, catat hasil
[11:32:37 WIB 2026-09-02] *** SL KENA *** harga=4305.81 — CUT DISIPLIN, catat hasil
[11:33:37 WIB 2026-09-02] *** SL KENA *** harga=4305.94 — CUT DISIPLIN, catat hasil
[11:34:37 WIB 2026-09-02] *** SL KENA *** harga=4305.58 — CUT DISIPLIN, catat hasil
[11:35:37 WIB 2026-09-02] *** SL KENA *** harga=4305.63 — CUT DISIPLIN, catat hasil
[11:36:37 WIB 2026-09-02] *** SL KENA *** harga=4304.65 — CUT DISIPLIN, catat hasil
[11:37:37 WIB 2026-09-02] *** SL KENA *** harga=4306.55 — CUT DISIPLIN, catat hasil
[11:38:37 WIB 2026-09-02] *** SL KENA *** harga=4306.33 — CUT DISIPLIN, catat hasil
[11:39:37 WIB 2026-09-02] *** SL KENA *** harga=4304.57 — CUT DISIPLIN, catat hasil
[11:40:37 WIB 2026-09-02] *** SL KENA *** harga=4305.28 — CUT DISIPLIN, catat hasil
[11:41:37 WIB 2026-09-02] *** SL KENA *** harga=4304.64 — CUT DISIPLIN, catat hasil
[11:42:37 WIB 2026-09-02] *** SL KENA *** harga=4304.84 — CUT DISIPLIN, catat hasil
[11:43:37 WIB 2026-09-02] *** SL KENA *** harga=4303.75 — CUT DISIPLIN, catat hasil
[11:44:37 WIB 2026-09-02] *** SL KENA *** harga=4305.28 — CUT DISIPLIN, catat hasil
[11:45:37 WIB 2026-09-02] *** SL KENA *** harga=4305.62 — CUT DISIPLIN, catat hasil
[11:46:37 WIB 2026-09-02] *** SL KENA *** harga=4305.05 — CUT DISIPLIN, catat hasil
[11:47:37 WIB 2026-09-02] *** SL KENA *** harga=4305.27 — CUT DISIPLIN, catat hasil
[11:48:37 WIB 2026-09-02] *** SL KENA *** harga=4304.29 — CUT DISIPLIN, catat hasil
[11:49:37 WIB 2026-09-02] *** SL KENA *** harga=4306.07 — CUT DISIPLIN, catat hasil
[11:50:37 WIB 2026-09-02] *** SL KENA *** harga=4306.69 — CUT DISIPLIN, catat hasil
[11:51:37 WIB 2026-09-02] *** SL KENA *** harga=4306.00 — CUT DISIPLIN, catat hasil
[11:52:37 WIB 2026-09-02] *** SL KENA *** harga=4305.44 — CUT DISIPLIN, catat hasil
[11:53:37 WIB 2026-09-02] *** SL KENA *** harga=4305.88 — CUT DISIPLIN, catat hasil
[11:54:37 WIB 2026-09-02] *** SL KENA *** harga=4306.52 — CUT DISIPLIN, catat hasil
[11:55:37 WIB 2026-09-02] *** SL KENA *** harga=4306.56 — CUT DISIPLIN, catat hasil
[11:56:37 WIB 2026-09-02] *** SL KENA *** harga=4306.91 — CUT DISIPLIN, catat hasil
[11:57:37 WIB 2026-09-02] *** SL KENA *** harga=4306.48 — CUT DISIPLIN, catat hasil
[11:58:37 WIB 2026-09-02] *** SL KENA *** harga=4306.82 — CUT DISIPLIN, catat hasil
[11:59:37 WIB 2026-09-02] *** SL KENA *** harga=4307.60 — CUT DISIPLIN, catat hasil
[12:00:37 WIB 2026-09-02] *** SL KENA *** harga=4307.43 — CUT DISIPLIN, catat hasil
[12:01:37 WIB 2026-09-02] *** SL KENA *** harga=4307.35 — CUT DISIPLIN, catat hasil
[12:02:37 WIB 2026-09-02] *** SL KENA *** harga=4306.66 — CUT DISIPLIN, catat hasil
[12:03:37 WIB 2026-09-02] *** SL KENA *** harga=4306.41 — CUT DISIPLIN, catat hasil
[12:04:37 WIB 2026-09-02] *** SL KENA *** harga=4307.13 — CUT DISIPLIN, catat hasil
[12:05:37 WIB 2026-09-02] *** SL KENA *** harga=4305.77 — CUT DISIPLIN, catat hasil
[12:06:37 WIB 2026-09-02] *** SL KENA *** harga=4304.69 — CUT DISIPLIN, catat hasil
[12:07:37 WIB 2026-09-02] *** SL KENA *** harga=4304.85 — CUT DISIPLIN, catat hasil
[12:08:37 WIB 2026-09-02] *** SL KENA *** harga=4304.93 — CUT DISIPLIN, catat hasil
[12:09:37 WIB 2026-09-02] *** SL KENA *** harga=4305.02 — CUT DISIPLIN, catat hasil
[12:10:37 WIB 2026-09-02] *** SL KENA *** harga=4305.64 — CUT DISIPLIN, catat hasil
[12:11:37 WIB 2026-09-02] *** SL KENA *** harga=4305.48 — CUT DISIPLIN, catat hasil
[12:12:37 WIB 2026-09-02] *** SL KENA *** harga=4306.98 — CUT DISIPLIN, catat hasil
[12:13:37 WIB 2026-09-02] *** SL KENA *** harga=4308.27 — CUT DISIPLIN, catat hasil
[12:14:37 WIB 2026-09-02] *** SL KENA *** harga=4309.81 — CUT DISIPLIN, catat hasil
[12:15:37 WIB 2026-09-02] *** SL KENA *** harga=4312.35 — CUT DISIPLIN, catat hasil
[12:16:37 WIB 2026-09-02] *** SL KENA *** harga=4311.82 — CUT DISIPLIN, catat hasil
[12:17:37 WIB 2026-09-02] *** SL KENA *** harga=4312.28 — CUT DISIPLIN, catat hasil
[12:18:37 WIB 2026-09-02] *** SL KENA *** harga=4313.42 — CUT DISIPLIN, catat hasil
[12:19:37 WIB 2026-09-02] *** SL KENA *** harga=4311.37 — CUT DISIPLIN, catat hasil
[12:20:37 WIB 2026-09-02] *** SL KENA *** harga=4309.94 — CUT DISIPLIN, catat hasil
[12:21:37 WIB 2026-09-02] *** SL KENA *** harga=4308.94 — CUT DISIPLIN, catat hasil
[12:22:37 WIB 2026-09-02] *** SL KENA *** harga=4308.03 — CUT DISIPLIN, catat hasil
[12:23:37 WIB 2026-09-02] *** SL KENA *** harga=4307.15 — CUT DISIPLIN, catat hasil
[12:24:37 WIB 2026-09-02] *** SL KENA *** harga=4307.66 — CUT DISIPLIN, catat hasil
[12:25:37 WIB 2026-09-02] *** SL KENA *** harga=4309.02 — CUT DISIPLIN, catat hasil
[12:26:37 WIB 2026-09-02] *** SL KENA *** harga=4310.32 — CUT DISIPLIN, catat hasil
[12:27:37 WIB 2026-09-02] *** SL KENA *** harga=4311.63 — CUT DISIPLIN, catat hasil
[15:38:13 WIB 2026-09-02] === MONITOR XAU V2 MULAI (update 28 Aug: self-lock + guard TF + wick sanity + state persist) ===
[15:38:13 WIB 2026-09-02]   [LIVE] POSISI AKTIF BUY entry=0 SL=4355 TP1=NaN TP2=NaN (filled)
[15:38:13 WIB 2026-09-02] *** SL KENA *** harga=4323.79 — CUT DISIPLIN, catat hasil
[15:39:13 WIB 2026-09-02] *** SL KENA *** harga=4324.82 — CUT DISIPLIN, catat hasil
[15:40:13 WIB 2026-09-02] *** SL KENA *** harga=4325.08 — CUT DISIPLIN, catat hasil
[15:41:13 WIB 2026-09-02] *** SL KENA *** harga=4325.22 — CUT DISIPLIN, catat hasil
[15:42:13 WIB 2026-09-02] *** SL KENA *** harga=4324.95 — CUT DISIPLIN, catat hasil
[15:43:13 WIB 2026-09-02] *** SL KENA *** harga=4323.62 — CUT DISIPLIN, catat hasil
[15:44:13 WIB 2026-09-02] *** SL KENA *** harga=4322.85 — CUT DISIPLIN, catat hasil
[15:45:13 WIB 2026-09-02] *** SL KENA *** harga=4322.14 — CUT DISIPLIN, catat hasil
[15:46:13 WIB 2026-09-02] GUARD TF: chart tidak di M15 (interval bar 240 mnt) — auto-set M15, siklus ini dilewati
[15:47:13 WIB 2026-09-02] *** SL KENA *** harga=4321.24 — CUT DISIPLIN, catat hasil
[15:48:13 WIB 2026-09-02] *** SL KENA *** harga=4321.26 — CUT DISIPLIN, catat hasil
[15:49:13 WIB 2026-09-02] *** SL KENA *** harga=4322.40 — CUT DISIPLIN, catat hasil
[15:50:13 WIB 2026-09-02] *** SL KENA *** harga=4321.97 — CUT DISIPLIN, catat hasil
[15:51:13 WIB 2026-09-02] *** SL KENA *** harga=4320.38 — CUT DISIPLIN, catat hasil
[15:52:13 WIB 2026-09-02] *** SL KENA *** harga=4318.78 — CUT DISIPLIN, catat hasil
[15:53:13 WIB 2026-09-02] *** SL KENA *** harga=4317.65 — CUT DISIPLIN, catat hasil
[15:54:13 WIB 2026-09-02] *** SL KENA *** harga=4316.42 — CUT DISIPLIN, catat hasil
[15:55:13 WIB 2026-09-02] *** SL KENA *** harga=4314.61 — CUT DISIPLIN, catat hasil
[15:56:13 WIB 2026-09-02] *** SL KENA *** harga=4315.65 — CUT DISIPLIN, catat hasil
[15:57:13 WIB 2026-09-02] *** SL KENA *** harga=4316.05 — CUT DISIPLIN, catat hasil
[15:58:13 WIB 2026-09-02] *** SL KENA *** harga=4315.33 — CUT DISIPLIN, catat hasil
[15:59:13 WIB 2026-09-02] *** SL KENA *** harga=4314.26 — CUT DISIPLIN, catat hasil
[16:00:13 WIB 2026-09-02] *** SL KENA *** harga=4313.05 — CUT DISIPLIN, catat hasil
[16:01:13 WIB 2026-09-02] *** SL KENA *** harga=4314.09 — CUT DISIPLIN, catat hasil
[16:02:13 WIB 2026-09-02] *** SL KENA *** harga=4313.22 — CUT DISIPLIN, catat hasil
[16:03:13 WIB 2026-09-02] *** SL KENA *** harga=4315.56 — CUT DISIPLIN, catat hasil
[16:04:13 WIB 2026-09-02] *** SL KENA *** harga=4316.39 — CUT DISIPLIN, catat hasil
[16:05:13 WIB 2026-09-02] *** SL KENA *** harga=4315.91 — CUT DISIPLIN, catat hasil
[16:06:13 WIB 2026-09-02] *** SL KENA *** harga=4320.29 — CUT DISIPLIN, catat hasil
[16:07:13 WIB 2026-09-02] *** SL KENA *** harga=4321.45 — CUT DISIPLIN, catat hasil
[16:08:13 WIB 2026-09-02] *** SL KENA *** harga=4320.09 — CUT DISIPLIN, catat hasil
[16:09:13 WIB 2026-09-02] *** SL KENA *** harga=4318.03 — CUT DISIPLIN, catat hasil
[16:10:13 WIB 2026-09-02] *** SL KENA *** harga=4318.77 — CUT DISIPLIN, catat hasil
[16:11:13 WIB 2026-09-02] *** SL KENA *** harga=4317.52 — CUT DISIPLIN, catat hasil
[16:12:13 WIB 2026-09-02] *** SL KENA *** harga=4316.85 — CUT DISIPLIN, catat hasil
[16:13:13 WIB 2026-09-02] *** SL KENA *** harga=4316.83 — CUT DISIPLIN, catat hasil
[16:14:13 WIB 2026-09-02] *** SL KENA *** harga=4315.06 — CUT DISIPLIN, catat hasil
[16:15:13 WIB 2026-09-02] *** SL KENA *** harga=4313.93 — CUT DISIPLIN, catat hasil
[16:16:13 WIB 2026-09-02] *** SL KENA *** harga=4314.45 — CUT DISIPLIN, catat hasil
[16:17:13 WIB 2026-09-02] *** SL KENA *** harga=4315.10 — CUT DISIPLIN, catat hasil
[16:18:13 WIB 2026-09-02] *** SL KENA *** harga=4314.81 — CUT DISIPLIN, catat hasil
[16:19:13 WIB 2026-09-02] *** SL KENA *** harga=4314.86 — CUT DISIPLIN, catat hasil
[16:20:13 WIB 2026-09-02] *** SL KENA *** harga=4314.57 — CUT DISIPLIN, catat hasil
[16:21:13 WIB 2026-09-02] *** SL KENA *** harga=4312.09 — CUT DISIPLIN, catat hasil
[16:22:13 WIB 2026-09-02] *** SL KENA *** harga=4311.37 — CUT DISIPLIN, catat hasil
[16:23:13 WIB 2026-09-02] *** SL KENA *** harga=4310.47 — CUT DISIPLIN, catat hasil
[16:24:13 WIB 2026-09-02] *** SL KENA *** harga=4309.35 — CUT DISIPLIN, catat hasil
[16:25:13 WIB 2026-09-02] *** SL KENA *** harga=4308.94 — CUT DISIPLIN, catat hasil
[16:26:13 WIB 2026-09-02] *** SL KENA *** harga=4306.25 — CUT DISIPLIN, catat hasil
[16:27:13 WIB 2026-09-02] *** SL KENA *** harga=4305.53 — CUT DISIPLIN, catat hasil
[16:28:13 WIB 2026-09-02] *** SL KENA *** harga=4305.73 — CUT DISIPLIN, catat hasil
[16:29:13 WIB 2026-09-02] *** SL KENA *** harga=4308.03 — CUT DISIPLIN, catat hasil
[16:30:13 WIB 2026-09-02] *** SL KENA *** harga=4309.09 — CUT DISIPLIN, catat hasil
[16:31:13 WIB 2026-09-02] *** SL KENA *** harga=4308.89 — CUT DISIPLIN, catat hasil
[16:32:13 WIB 2026-09-02] *** SL KENA *** harga=4308.94 — CUT DISIPLIN, catat hasil
[16:33:13 WIB 2026-09-02] *** SL KENA *** harga=4309.69 — CUT DISIPLIN, catat hasil
[16:34:13 WIB 2026-09-02] *** SL KENA *** harga=4308.37 — CUT DISIPLIN, catat hasil
[16:35:13 WIB 2026-09-02] GUARD TF: chart tidak di M15 (interval bar 240 mnt) — auto-set M15, siklus ini dilewati
[16:36:13 WIB 2026-09-02] *** SL KENA *** harga=4309.70 — CUT DISIPLIN, catat hasil
[16:37:13 WIB 2026-09-02] *** SL KENA *** harga=4308.98 — CUT DISIPLIN, catat hasil
[16:38:13 WIB 2026-09-02] *** SL KENA *** harga=4307.93 — CUT DISIPLIN, catat hasil
[16:39:13 WIB 2026-09-02] *** SL KENA *** harga=4308.85 — CUT DISIPLIN, catat hasil
[16:40:13 WIB 2026-09-02] GUARD TF: chart tidak di M15 (interval bar 30 mnt) — auto-set M15, siklus ini dilewati
[16:41:13 WIB 2026-09-02] *** SL KENA *** harga=4309.98 — CUT DISIPLIN, catat hasil
[16:42:13 WIB 2026-09-02] *** SL KENA *** harga=4311.89 — CUT DISIPLIN, catat hasil
[16:43:14 WIB 2026-09-02] *** SL KENA *** harga=4311.10 — CUT DISIPLIN, catat hasil
[16:44:14 WIB 2026-09-02] *** SL KENA *** harga=4309.85 — CUT DISIPLIN, catat hasil
[16:45:14 WIB 2026-09-02] *** SL KENA *** harga=4310.16 — CUT DISIPLIN, catat hasil
[16:46:14 WIB 2026-09-02] *** SL KENA *** harga=4310.33 — CUT DISIPLIN, catat hasil
[16:47:14 WIB 2026-09-02] *** SL KENA *** harga=4310.18 — CUT DISIPLIN, catat hasil
[16:48:14 WIB 2026-09-02] *** SL KENA *** harga=4310.37 — CUT DISIPLIN, catat hasil
[16:49:14 WIB 2026-09-02] GUARD TF: chart tidak di M15 (interval bar 30 mnt) — auto-set M15, siklus ini dilewati
[16:50:14 WIB 2026-09-02] *** SL KENA *** harga=4310.44 — CUT DISIPLIN, catat hasil
[16:51:14 WIB 2026-09-02] *** SL KENA *** harga=4310.17 — CUT DISIPLIN, catat hasil
[16:52:14 WIB 2026-09-02] *** SL KENA *** harga=4309.62 — CUT DISIPLIN, catat hasil
[16:53:14 WIB 2026-09-02] *** SL KENA *** harga=4308.44 — CUT DISIPLIN, catat hasil
[16:54:14 WIB 2026-09-02] *** SL KENA *** harga=4309.33 — CUT DISIPLIN, catat hasil
[16:55:14 WIB 2026-09-02] *** SL KENA *** harga=4308.74 — CUT DISIPLIN, catat hasil
[16:56:14 WIB 2026-09-02] *** SL KENA *** harga=4309.76 — CUT DISIPLIN, catat hasil
[16:57:14 WIB 2026-09-02] *** SL KENA *** harga=4309.49 — CUT DISIPLIN, catat hasil
[16:58:14 WIB 2026-09-02] *** SL KENA *** harga=4308.66 — CUT DISIPLIN, catat hasil
[16:59:14 WIB 2026-09-02] *** SL KENA *** harga=4308.52 — CUT DISIPLIN, catat hasil
[17:00:14 WIB 2026-09-02] *** SL KENA *** harga=4308.68 — CUT DISIPLIN, catat hasil
[17:01:14 WIB 2026-09-02] *** SL KENA *** harga=4308.89 — CUT DISIPLIN, catat hasil
[17:02:14 WIB 2026-09-02] *** SL KENA *** harga=4308.29 — CUT DISIPLIN, catat hasil
[17:03:14 WIB 2026-09-02] *** SL KENA *** harga=4307.10 — CUT DISIPLIN, catat hasil
[17:04:14 WIB 2026-09-02] *** SL KENA *** harga=4306.17 — CUT DISIPLIN, catat hasil
[17:05:14 WIB 2026-09-02] *** SL KENA *** harga=4304.40 — CUT DISIPLIN, catat hasil
[17:06:14 WIB 2026-09-02] *** SL KENA *** harga=4305.12 — CUT DISIPLIN, catat hasil
[17:07:14 WIB 2026-09-02] GUARD TF: chart tidak di M15 (interval bar 240 mnt) — auto-set M15, siklus ini dilewati
[17:08:14 WIB 2026-09-02] *** SL KENA *** harga=4302.94 — CUT DISIPLIN, catat hasil
[17:09:14 WIB 2026-09-02] [LIVE] floating 16.3 pips | harga=4303.33 | PINE=FLAT RSI=29.7
[17:10:14 WIB 2026-09-02] [LIVE] floating 16.1 pips | harga=4303.08 | PINE=FLAT RSI=29.5
[17:11:14 WIB 2026-09-02] [LIVE] floating 16.8 pips | harga=4303.77 | PINE=FLAT RSI=31.9
[17:12:14 WIB 2026-09-02] GUARD TF: chart tidak di M15 (interval bar 30 mnt) — auto-set M15, siklus ini dilewati
[17:13:14 WIB 2026-09-02] [LIVE] floating 17.0 pips | harga=4304.03 | PINE=FLAT RSI=31.2
[17:14:14 WIB 2026-09-02] [LIVE] floating 20.4 pips | harga=4307.36 | PINE=FLAT RSI=37.2
[17:15:14 WIB 2026-09-02] [LIVE] floating 19.8 pips | harga=4306.83 | PINE=FLAT RSI=38.3
[17:16:14 WIB 2026-09-02] [LIVE] floating 20.0 pips | harga=4306.98 | PINE=FLAT RSI=38
[17:17:14 WIB 2026-09-02] [LIVE] floating 20.7 pips | harga=4307.70 | PINE=FLAT RSI=39.9
[17:18:14 WIB 2026-09-02] [LIVE] floating 21.9 pips | harga=4308.86 | PINE=FLAT RSI=42
[17:19:14 WIB 2026-09-02] [LIVE] floating 21.4 pips | harga=4308.40 | PINE=FLAT RSI=41.3
[17:20:14 WIB 2026-09-02] [LIVE] floating 21.6 pips | harga=4308.56 | PINE=FLAT RSI=42
[17:21:14 WIB 2026-09-02] [LIVE] floating 23.3 pips | harga=4310.29 | PINE=FLAT RSI=46.5
[17:22:14 WIB 2026-09-02] [LIVE] floating 23.9 pips | harga=4310.94 | PINE=FLAT RSI=46.2
[17:23:14 WIB 2026-09-02] [LIVE] floating 24.5 pips | harga=4311.48 | PINE=FLAT RSI=48.4
[17:24:14 WIB 2026-09-02] [LIVE] floating 23.3 pips | harga=4310.32 | PINE=FLAT RSI=45.8
[17:25:14 WIB 2026-09-02] [LIVE] floating 23.6 pips | harga=4310.61 | PINE=FLAT RSI=46.4
[17:26:14 WIB 2026-09-02] [LIVE] floating 24.9 pips | harga=4311.92 | PINE=FLAT RSI=48.6
[17:27:14 WIB 2026-09-02] [LIVE] floating 24.1 pips | harga=4311.15 | PINE=FLAT RSI=46.8
[17:28:14 WIB 2026-09-02] [LIVE] floating 23.6 pips | harga=4310.56 | PINE=FLAT RSI=46.7
[17:29:14 WIB 2026-09-02] [LIVE] floating 23.5 pips | harga=4310.48 | PINE=FLAT RSI=47.3
[17:30:14 WIB 2026-09-02] [LIVE] floating 23.1 pips | harga=4310.13 | PINE=FLAT RSI=45.2
[17:31:14 WIB 2026-09-02] [LIVE] floating 23.3 pips | harga=4310.31 | PINE=FLAT RSI=45
[17:32:14 WIB 2026-09-02] [LIVE] floating 21.1 pips | harga=4308.15 | PINE=FLAT RSI=42.1
[17:33:14 WIB 2026-09-02] GUARD TF: chart tidak di M15 (interval bar 60 mnt) — auto-set M15, siklus ini dilewati
[17:34:14 WIB 2026-09-02] [LIVE] floating 21.7 pips | harga=4308.70 | PINE=FLAT RSI=42.2
[17:35:14 WIB 2026-09-02] [LIVE] floating 21.9 pips | harga=4308.91 | PINE=FLAT RSI=42.7
[17:36:14 WIB 2026-09-02] [LIVE] floating 21.6 pips | harga=4308.63 | PINE=FLAT RSI=42.1
[17:37:14 WIB 2026-09-02] [LIVE] floating 21.6 pips | harga=4308.57 | PINE=FLAT RSI=42.1
[17:38:14 WIB 2026-09-02] [LIVE] floating 21.5 pips | harga=4308.49 | PINE=FLAT RSI=41.6
[17:39:14 WIB 2026-09-02] [LIVE] floating 21.2 pips | harga=4308.16 | PINE=FLAT RSI=41.4
[17:40:14 WIB 2026-09-02] [LIVE] floating 21.5 pips | harga=4308.55 | PINE=FLAT RSI=42.3
[17:41:14 WIB 2026-09-02] [LIVE] floating 21.9 pips | harga=4308.91 | PINE=FLAT RSI=42.4
[17:42:14 WIB 2026-09-02] [LIVE] floating 21.0 pips | harga=4307.97 | PINE=FLAT RSI=41.7
[17:43:14 WIB 2026-09-02] [LIVE] floating 21.5 pips | harga=4308.46 | PINE=FLAT RSI=42
[17:44:14 WIB 2026-09-02] [LIVE] floating 22.1 pips | harga=4309.14 | PINE=FLAT RSI=42.6
[17:45:14 WIB 2026-09-02] [LIVE] floating 22.5 pips | harga=4309.47 | PINE=FLAT RSI=43
[17:46:14 WIB 2026-09-02] [LIVE] floating 22.3 pips | harga=4309.31 | PINE=FLAT RSI=42.6
[17:47:14 WIB 2026-09-02] [LIVE] floating 22.1 pips | harga=4309.12 | PINE=FLAT RSI=42.6
[17:48:14 WIB 2026-09-02] [LIVE] floating 22.1 pips | harga=4309.05 | PINE=FLAT RSI=42.4
[17:49:14 WIB 2026-09-02] [LIVE] floating 22.3 pips | harga=4309.33 | PINE=FLAT RSI=42.9
[17:50:14 WIB 2026-09-02] [LIVE] floating 23.4 pips | harga=4310.38 | PINE=FLAT RSI=43.9
[17:51:14 WIB 2026-09-02] [LIVE] floating 20.8 pips | harga=4307.80 | PINE=FLAT RSI=41.2
[17:52:14 WIB 2026-09-02] [LIVE] floating 20.0 pips | harga=4306.97 | PINE=FLAT RSI=40.8
[17:53:14 WIB 2026-09-02] [LIVE] floating 18.7 pips | harga=4305.69 | PINE=FLAT RSI=39.5
[17:54:14 WIB 2026-09-02] [LIVE] floating 20.1 pips | harga=4307.10 | PINE=FLAT RSI=40.8
[17:55:14 WIB 2026-09-02] [LIVE] floating 21.3 pips | harga=4308.31 | PINE=FLAT RSI=42
[17:56:14 WIB 2026-09-02] [LIVE] floating 21.3 pips | harga=4308.31 | PINE=FLAT RSI=41.6
[17:57:14 WIB 2026-09-02] [LIVE] floating 20.5 pips | harga=4307.52 | PINE=FLAT RSI=40.8
[17:58:14 WIB 2026-09-02] [LIVE] floating 21.0 pips | harga=4307.97 | PINE=FLAT RSI=41
[17:59:14 WIB 2026-09-02] [LIVE] floating 19.6 pips | harga=4306.60 | PINE=FLAT RSI=39.7
[18:00:14 WIB 2026-09-02] [LIVE] floating 22.4 pips | harga=4309.35 | PINE=FLAT RSI=45.2
[18:01:14 WIB 2026-09-02] [LIVE] floating 22.9 pips | harga=4309.85 | PINE=FLAT RSI=45.6
[18:02:14 WIB 2026-09-02] [LIVE] floating 22.8 pips | harga=4309.80 | PINE=FLAT RSI=45.9
[18:03:14 WIB 2026-09-02] [LIVE] floating 23.4 pips | harga=4310.36 | PINE=FLAT RSI=48.7
[18:04:14 WIB 2026-09-02] [LIVE] floating 23.7 pips | harga=4310.72 | PINE=FLAT RSI=48.5
[18:05:14 WIB 2026-09-02] [LIVE] floating 25.9 pips | harga=4312.91 | PINE=FLAT RSI=53
[18:06:14 WIB 2026-09-02] [LIVE] floating 24.4 pips | harga=4311.44 | PINE=FLAT RSI=49.2
[18:07:14 WIB 2026-09-02] [LIVE] floating 21.8 pips | harga=4308.82 | PINE=FLAT RSI=46.9
[18:08:14 WIB 2026-09-02] [LIVE] floating 22.2 pips | harga=4309.23 | PINE=FLAT RSI=45.3
[18:09:14 WIB 2026-09-02] [LIVE] floating 22.8 pips | harga=4309.83 | PINE=? RSI=?
[18:10:14 WIB 2026-09-02] [LIVE] floating 25.9 pips | harga=4312.94 | PINE=FLAT RSI=53.1
[18:11:14 WIB 2026-09-02] [LIVE] floating 27.7 pips | harga=4314.65 | PINE=FLAT RSI=54.5
[18:12:14 WIB 2026-09-02] [LIVE] floating 27.5 pips | harga=4314.50 | PINE=FLAT RSI=56.3
[18:13:14 WIB 2026-09-02] [LIVE] floating 29.2 pips | harga=4316.22 | PINE=FLAT RSI=58.9
[18:14:14 WIB 2026-09-02] [LIVE] floating 30.6 pips | harga=4317.65 | PINE=FLAT RSI=61.6
[18:15:14 WIB 2026-09-02] [LIVE] floating 35.8 pips | harga=4322.82 | PINE=FLAT RSI=67.9
[18:16:14 WIB 2026-09-02] [LIVE] floating 34.0 pips | harga=4321.03 | PINE=FLAT RSI=63.6
[18:17:14 WIB 2026-09-02] [LIVE] floating 31.3 pips | harga=4318.31 | PINE=FLAT RSI=59.1
[18:18:14 WIB 2026-09-02] [LIVE] floating 31.5 pips | harga=4318.49 | PINE=FLAT RSI=59.1
[18:19:14 WIB 2026-09-02] [LIVE] floating 29.2 pips | harga=4316.22 | PINE=FLAT RSI=55.1
[18:20:14 WIB 2026-09-02] [LIVE] floating 32.1 pips | harga=4319.05 | PINE=FLAT RSI=60.1
[18:21:14 WIB 2026-09-02] [LIVE] floating 31.3 pips | harga=4318.34 | PINE=FLAT RSI=59.1
[18:22:14 WIB 2026-09-02] [LIVE] floating 30.4 pips | harga=4317.43 | PINE=FLAT RSI=57.1
[18:23:14 WIB 2026-09-02] [LIVE] floating 30.1 pips | harga=4317.13 | PINE=FLAT RSI=56.5
[18:24:14 WIB 2026-09-02] GUARD TF: chart tidak di M15 (interval bar 1440 mnt) — auto-set M15, siklus ini dilewati
[18:25:15 WIB 2026-09-02] [LIVE] floating 32.2 pips | harga=4319.19 | PINE=FLAT RSI=60.3
[18:26:14 WIB 2026-09-02] [LIVE] floating 30.7 pips | harga=4317.72 | PINE=FLAT RSI=57
[18:27:14 WIB 2026-09-02] [LIVE] floating 32.3 pips | harga=4319.31 | PINE=FLAT RSI=60.5
[18:28:14 WIB 2026-09-02] [LIVE] floating 34.7 pips | harga=4321.69 | PINE=FLAT RSI=63.7
[18:29:15 WIB 2026-09-02] [LIVE] floating 34.8 pips | harga=4321.83 | PINE=FLAT RSI=63.7
[18:30:14 WIB 2026-09-02] [LIVE] floating 35.0 pips | harga=4321.97 | PINE=FLAT RSI=63.8
[18:31:15 WIB 2026-09-02] [LIVE] floating 36.6 pips | harga=4323.57 | PINE=FLAT RSI=66
[18:32:15 WIB 2026-09-02] [LIVE] floating 36.6 pips | harga=4323.60 | PINE=FLAT RSI=65.8
[18:33:15 WIB 2026-09-02] [LIVE] floating 39.6 pips | harga=4326.59 | PINE=FLAT RSI=68.3
[18:34:15 WIB 2026-09-02] [LIVE] floating 40.4 pips | harga=4327.44 | PINE=FLAT RSI=69.1
[18:35:17 WIB 2026-09-02] [LIVE] floating 43.1 pips | harga=4330.14 | PINE=FLAT RSI=71.7
[18:36:15 WIB 2026-09-02] [LIVE] floating 43.9 pips | harga=4330.89 | PINE=FLAT RSI=72
[18:37:15 WIB 2026-09-02] [LIVE] floating 44.4 pips | harga=4331.35 | PINE=FLAT RSI=72.8
[18:38:15 WIB 2026-09-02] [LIVE] floating 44.9 pips | harga=4331.95 | PINE=FLAT RSI=73.3
[18:39:15 WIB 2026-09-02] [LIVE] floating 44.9 pips | harga=4331.85 | PINE=FLAT RSI=73.2
[18:40:15 WIB 2026-09-02] [LIVE] floating 22.4 pips | harga=4332.38 | PINE=FLAT RSI=73.4
[18:41:15 WIB 2026-09-02] [LIVE] floating 21.2 pips | harga=4331.19 | PINE=FLAT RSI=70.4
[18:42:15 WIB 2026-09-02] [LIVE] floating 17.4 pips | harga=4327.39 | PINE=FLAT RSI=64
[18:43:15 WIB 2026-09-02] [LIVE] floating 16.7 pips | harga=4326.70 | PINE=FLAT RSI=63
[18:44:15 WIB 2026-09-02] [LIVE] floating 15.5 pips | harga=4325.47 | PINE=FLAT RSI=60.9
[18:45:15 WIB 2026-09-02] [LIVE] floating 14.8 pips | harga=4324.76 | PINE=FLAT RSI=60
[18:46:15 WIB 2026-09-02] GUARD TF: chart tidak di M15 (interval bar 60 mnt) — auto-set M15, siklus ini dilewati
[18:47:15 WIB 2026-09-02] [LIVE] floating 15.9 pips | harga=4325.90 | PINE=FLAT RSI=60.8
[18:48:15 WIB 2026-09-02] [LIVE] floating 17.3 pips | harga=4327.26 | PINE=FLAT RSI=62.3
[18:49:15 WIB 2026-09-02] [LIVE] floating 16.3 pips | harga=4326.28 | PINE=FLAT RSI=61.7
[18:50:15 WIB 2026-09-02] [LIVE] floating 16.0 pips | harga=4325.99 | PINE=FLAT RSI=61.2
[18:51:15 WIB 2026-09-02] [LIVE] floating 14.7 pips | harga=4324.70 | PINE=FLAT RSI=59.5
[18:52:15 WIB 2026-09-02] [LIVE] floating 15.1 pips | harga=4325.06 | PINE=FLAT RSI=59.2
[18:53:15 WIB 2026-09-02] [LIVE] floating 16.9 pips | harga=4326.86 | PINE=FLAT RSI=62.1
[18:54:15 WIB 2026-09-02] [LIVE] floating 17.8 pips | harga=4327.77 | PINE=FLAT RSI=62.8
[18:55:15 WIB 2026-09-02] [LIVE] floating 20.6 pips | harga=4330.62 | PINE=FLAT RSI=65.4
[18:56:15 WIB 2026-09-02] [LIVE] floating 22.8 pips | harga=4332.77 | PINE=FLAT RSI=67.2
[18:57:15 WIB 2026-09-02] [LIVE] floating 20.0 pips | harga=4329.96 | PINE=FLAT RSI=64.3
[18:58:15 WIB 2026-09-02] [LIVE] floating 20.9 pips | harga=4330.93 | PINE=FLAT RSI=65.4
[18:59:15 WIB 2026-09-02] [LIVE] floating 20.1 pips | harga=4330.10 | PINE=FLAT RSI=63.9
[19:00:15 WIB 2026-09-02] [LIVE] floating 22.5 pips | harga=4332.50 | PINE=FLAT RSI=67.1
[19:01:15 WIB 2026-09-02] [LIVE] floating 23.2 pips | harga=4333.23 | PINE=FLAT RSI=67.3
[19:02:15 WIB 2026-09-02] [LIVE] floating 23.4 pips | harga=4333.40 | PINE=FLAT RSI=68
[19:03:15 WIB 2026-09-02] [LIVE] floating 19.4 pips | harga=4329.45 | PINE=FLAT RSI=62.1
[19:04:15 WIB 2026-09-02] [LIVE] floating 23.4 pips | harga=4333.44 | PINE=FLAT RSI=68
[19:05:15 WIB 2026-09-02] [LIVE] floating 24.8 pips | harga=4334.84 | PINE=FLAT RSI=69
[19:06:15 WIB 2026-09-02] [LIVE] floating 25.5 pips | harga=4335.52 | PINE=FLAT RSI=69.5
[19:07:15 WIB 2026-09-02] [LIVE] floating 24.2 pips | harga=4334.23 | PINE=FLAT RSI=68.9
[19:08:15 WIB 2026-09-02] [LIVE] floating 21.9 pips | harga=4331.90 | PINE=FLAT RSI=64
[19:09:15 WIB 2026-09-02] [LIVE] floating 21.7 pips | harga=4331.73 | PINE=FLAT RSI=63.1
[19:10:15 WIB 2026-09-02] [LIVE] floating 24.0 pips | harga=4333.97 | PINE=FLAT RSI=67.4
[19:11:15 WIB 2026-09-02] [LIVE] floating 23.5 pips | harga=4333.49 | PINE=FLAT RSI=65
[19:12:15 WIB 2026-09-02] [LIVE] floating 21.7 pips | harga=4331.68 | PINE=FLAT RSI=62.8
[19:13:15 WIB 2026-09-02] [LIVE] floating 20.6 pips | harga=4330.60 | PINE=FLAT RSI=60.6
[19:14:15 WIB 2026-09-02] [LIVE] floating 23.1 pips | harga=4333.14 | PINE=FLAT RSI=65.5
[19:15:15 WIB 2026-09-02] [LIVE] floating 23.1 pips | harga=4333.13 | PINE=FLAT RSI=65.9
[19:16:15 WIB 2026-09-02] [LIVE] floating 23.0 pips | harga=4332.98 | PINE=FLAT RSI=66.2
[19:17:15 WIB 2026-09-02] [LIVE] floating 21.9 pips | harga=4331.90 | PINE=FLAT RSI=62.2
[19:18:15 WIB 2026-09-02] [LIVE] floating 23.1 pips | harga=4333.14 | PINE=FLAT RSI=64.7
[19:19:15 WIB 2026-09-02] [LIVE] floating 25.0 pips | harga=4335.02 | PINE=FLAT RSI=66.8
[19:20:15 WIB 2026-09-02] [LIVE] floating 21.5 pips | harga=4331.48 | PINE=FLAT RSI=62.8
[19:21:15 WIB 2026-09-02] [LIVE] floating 32.7 pips | harga=4342.65 | PINE=FLAT RSI=71.1
[19:22:15 WIB 2026-09-02] [LIVE] floating 25.9 pips | harga=4335.86 | PINE=FLAT RSI=67.7
[19:23:15 WIB 2026-09-02] [LIVE] floating 27.1 pips | harga=4337.10 | PINE=FLAT RSI=68.5
[19:24:15 WIB 2026-09-02] [LIVE] floating 25.5 pips | harga=4335.50 | PINE=FLAT RSI=67.3
[19:25:15 WIB 2026-09-02] [LIVE] floating 29.1 pips | harga=4339.14 | PINE=FLAT RSI=69.8
[19:26:15 WIB 2026-09-02] [LIVE] floating 30.9 pips | harga=4340.85 | PINE=FLAT RSI=71.3
[19:27:15 WIB 2026-09-02] [LIVE] floating 30.6 pips | harga=4340.60 | PINE=FLAT RSI=70.9
[19:28:15 WIB 2026-09-02] [LIVE] floating 26.2 pips | harga=4336.22 | PINE=FLAT RSI=66.5
[19:29:15 WIB 2026-09-02] GUARD TF: chart tidak di M15 (interval bar 30 mnt) — auto-set M15, siklus ini dilewati
[19:30:15 WIB 2026-09-02] GUARD TF: chart tidak di M15 (interval bar 1440 mnt) — auto-set M15, siklus ini dilewati
[19:31:15 WIB 2026-09-02] [LIVE] floating 24.8 pips | harga=4334.80 | PINE=FLAT RSI=65.8
[19:32:15 WIB 2026-09-02] [LIVE] floating 25.2 pips | harga=4335.24 | PINE=FLAT RSI=63.6
[19:33:15 WIB 2026-09-02] [LIVE] floating 24.4 pips | harga=4334.44 | PINE=FLAT RSI=61.9
[19:34:15 WIB 2026-09-02] [LIVE] floating 23.3 pips | harga=4333.29 | PINE=FLAT RSI=59.6
[19:35:15 WIB 2026-09-02] [LIVE] floating 20.3 pips | harga=4330.28 | PINE=FLAT RSI=56
[19:36:15 WIB 2026-09-02] [LIVE] floating 20.6 pips | harga=4330.59 | PINE=FLAT RSI=56.5
[19:37:15 WIB 2026-09-02] GUARD TF: chart tidak di M15 (interval bar 60 mnt) — auto-set M15, siklus ini dilewati
[19:38:15 WIB 2026-09-02] [LIVE] floating 18.4 pips | harga=4328.43 | PINE=FLAT RSI=53.4
[19:39:15 WIB 2026-09-02] [LIVE] floating 20.7 pips | harga=4330.73 | PINE=FLAT RSI=56.5
[19:40:15 WIB 2026-09-02] [LIVE] floating 23.6 pips | harga=4333.56 | PINE=FLAT RSI=59.3
[19:41:15 WIB 2026-09-02] [LIVE] floating 24.0 pips | harga=4334.00 | PINE=FLAT RSI=59.6
[19:42:15 WIB 2026-09-02] [LIVE] floating 24.2 pips | harga=4334.19 | PINE=FLAT RSI=60
[19:43:16 WIB 2026-09-02] [LIVE] floating 23.8 pips | harga=4333.82 | PINE=FLAT RSI=59.4
[19:44:15 WIB 2026-09-02] [LIVE] floating 23.8 pips | harga=4333.79 | PINE=FLAT RSI=59.5
[19:45:15 WIB 2026-09-02] [LIVE] floating 24.5 pips | harga=4334.47 | PINE=FLAT RSI=60.2
[19:46:15 WIB 2026-09-02] [LIVE] floating 22.8 pips | harga=4332.77 | PINE=FLAT RSI=58
[19:47:15 WIB 2026-09-02] [LIVE] floating 22.3 pips | harga=4332.25 | PINE=FLAT RSI=57.7
[19:48:15 WIB 2026-09-02] [LIVE] floating 27.6 pips | harga=4337.56 | PINE=FLAT RSI=62.9
[19:49:15 WIB 2026-09-02] [LIVE] floating 27.3 pips | harga=4337.26 | PINE=FLAT RSI=63
[19:50:16 WIB 2026-09-02] [LIVE] floating 29.4 pips | harga=4339.40 | PINE=FLAT RSI=64.7
[19:51:16 WIB 2026-09-02] [LIVE] floating 26.9 pips | harga=4336.91 | PINE=FLAT RSI=61
[19:52:16 WIB 2026-09-02] [LIVE] floating 24.6 pips | harga=4334.59 | PINE=FLAT RSI=57.6
[19:53:16 WIB 2026-09-02] [LIVE] floating 23.4 pips | harga=4333.44 | PINE=FLAT RSI=56.2
[19:54:16 WIB 2026-09-02] [LIVE] floating 24.0 pips | harga=4334.01 | PINE=FLAT RSI=64.6
[19:55:01 WIB 2026-09-02] [LIVE] floating 24.6 pips | harga=4334.59 | PINE=FLAT RSI=57.8
[19:56:01 WIB 2026-09-02] [LIVE] floating 23.7 pips | harga=4333.73 | PINE=FLAT RSI=56.8
[19:57:03 WIB 2026-09-02] [LIVE] floating 23.4 pips | harga=4333.40 | PINE=FLAT RSI=56.5
[19:58:02 WIB 2026-09-02] [LIVE] floating 21.8 pips | harga=4331.83 | PINE=FLAT RSI=54.5
[19:59:02 WIB 2026-09-02] [LIVE] floating 21.9 pips | harga=4331.86 | PINE=FLAT RSI=54.2
[20:00:02 WIB 2026-09-02] [LIVE] floating 21.6 pips | harga=4331.61 | PINE=FLAT RSI=54
[20:01:02 WIB 2026-09-02] [LIVE] floating 26.2 pips | harga=4336.19 | PINE=FLAT RSI=59.5
[20:02:02 WIB 2026-09-02] [LIVE] floating 26.2 pips | harga=4336.19 | PINE=FLAT RSI=58.9
[20:03:02 WIB 2026-09-02] [LIVE] floating 29.9 pips | harga=4339.90 | PINE=FLAT RSI=61.7
[20:04:02 WIB 2026-09-02] [LIVE] floating 28.6 pips | harga=4338.60 | PINE=FLAT RSI=60.3
[20:05:02 WIB 2026-09-02] [LIVE] floating 28.5 pips | harga=4338.52 | PINE=FLAT RSI=60.5
[20:06:02 WIB 2026-09-02] [LIVE] floating 30.4 pips | harga=4340.44 | PINE=FLAT RSI=61.8
[20:07:02 WIB 2026-09-02] [LIVE] floating 30.2 pips | harga=4340.23 | PINE=FLAT RSI=62.2
[20:08:02 WIB 2026-09-02] [LIVE] floating 31.7 pips | harga=4341.74 | PINE=FLAT RSI=63.6
[20:09:02 WIB 2026-09-02] [LIVE] floating 33.3 pips | harga=4343.33 | PINE=FLAT RSI=63.8
[20:10:02 WIB 2026-09-02] [LIVE] floating 32.1 pips | harga=4342.15 | PINE=FLAT RSI=63.4
[20:11:02 WIB 2026-09-02] [LIVE] floating 32.8 pips | harga=4342.78 | PINE=FLAT RSI=63.9
[20:12:02 WIB 2026-09-02] [LIVE] floating 31.8 pips | harga=4341.80 | PINE=FLAT RSI=63.6
[20:13:02 WIB 2026-09-02] [LIVE] floating 29.7 pips | harga=4339.73 | PINE=FLAT RSI=60.7
[20:14:02 WIB 2026-09-02] [LIVE] floating 28.4 pips | harga=4338.35 | PINE=FLAT RSI=58.4
[20:15:02 WIB 2026-09-02] [LIVE] floating 29.7 pips | harga=4339.69 | PINE=FLAT RSI=60.1
[20:16:02 WIB 2026-09-02] [LIVE] floating 28.8 pips | harga=4338.82 | PINE=FLAT RSI=59
[20:17:02 WIB 2026-09-02] [LIVE] floating 30.6 pips | harga=4340.60 | PINE=FLAT RSI=60.8
[20:18:02 WIB 2026-09-02] [LIVE] floating 33.6 pips | harga=4343.57 | PINE=FLAT RSI=63.7
[20:19:02 WIB 2026-09-02] [LIVE] floating 33.8 pips | harga=4343.77 | PINE=FLAT RSI=63.4
[20:20:02 WIB 2026-09-02] [LIVE] floating 32.6 pips | harga=4342.55 | PINE=FLAT RSI=62.5
[20:21:02 WIB 2026-09-02] [LIVE] floating 32.7 pips | harga=4342.74 | PINE=FLAT RSI=62.8
[20:22:02 WIB 2026-09-02] [LIVE] floating 33.8 pips | harga=4343.84 | PINE=FLAT RSI=63.3
[20:23:02 WIB 2026-09-02] [LIVE] floating 35.4 pips | harga=4345.35 | PINE=FLAT RSI=64.4
[20:24:02 WIB 2026-09-02] [LIVE] floating 37.2 pips | harga=4347.24 | PINE=FLAT RSI=65.8
[20:25:02 WIB 2026-09-02] [LIVE] floating 38.3 pips | harga=4348.32 | PINE=FLAT RSI=66.8
[20:26:02 WIB 2026-09-02] [LIVE] floating 38.9 pips | harga=4348.86 | PINE=FLAT RSI=67.6
[20:27:02 WIB 2026-09-02] [LIVE] floating 47.1 pips | harga=4357.15 | PINE=FLAT RSI=72.2
[20:28:02 WIB 2026-09-02] [LIVE] floating 46.7 pips | harga=4356.65 | PINE=FLAT RSI=71.6
[20:29:02 WIB 2026-09-02] [LIVE] floating 45.3 pips | harga=4355.28 | PINE=FLAT RSI=71.4
[20:30:02 WIB 2026-09-02] [LIVE] floating 48.4 pips | harga=4358.36 | PINE=FLAT RSI=72.7
[20:31:02 WIB 2026-09-02] [LIVE] floating 51.3 pips | harga=4361.34 | PINE=FLAT RSI=74.3
[20:32:02 WIB 2026-09-02] [LIVE] floating 54.8 pips | harga=4364.77 | PINE=FLAT RSI=74.7
[20:33:02 WIB 2026-09-02] [LIVE] floating 54.1 pips | harga=4364.06 | PINE=FLAT RSI=78.5
[20:34:02 WIB 2026-09-02] [LIVE] floating 53.2 pips | harga=4363.21 | PINE=FLAT RSI=78.2
[20:35:02 WIB 2026-09-02] [LIVE] floating 54.9 pips | harga=4364.95 | PINE=FLAT RSI=78.6
[20:36:02 WIB 2026-09-02] [LIVE] floating 57.2 pips | harga=4367.21 | PINE=FLAT RSI=78.9
[20:37:02 WIB 2026-09-02] [LIVE] floating 56.4 pips | harga=4366.44 | PINE=FLAT RSI=79.2
[20:38:02 WIB 2026-09-02] [LIVE] floating 54.2 pips | harga=4364.19 | PINE=FLAT RSI=78.6
[20:39:02 WIB 2026-09-02] [LIVE] floating 55.2 pips | harga=4365.15 | PINE=FLAT RSI=75.8
[20:40:02 WIB 2026-09-02] [LIVE] floating 57.2 pips | harga=4367.24 | PINE=? RSI=?
[20:41:03 WIB 2026-09-02] [LIVE] floating 57.2 pips | harga=4367.22 | PINE=? RSI=?
[20:42:02 WIB 2026-09-02] [LIVE] floating 59.9 pips | harga=4369.90 | PINE=? RSI=?
[20:43:03 WIB 2026-09-02] [LIVE] floating 63.0 pips | harga=4373.05 | PINE=? RSI=?
[20:44:02 WIB 2026-09-02] *** TP1 KENA *** harga=4374.66 — L1 profit! Geser SL L2 ke BE 4310
[20:45:02 WIB 2026-09-02] *** TP1 KENA *** harga=4378.09 — L1 profit! Geser SL L2 ke BE 4310
[20:46:02 WIB 2026-09-02] *** TP1 KENA *** harga=4376.26 — L1 profit! Geser SL L2 ke BE 4310
[20:47:03 WIB 2026-09-02] *** TP1 KENA *** harga=4373.59 — L1 profit! Geser SL L2 ke BE 4310
[20:48:02 WIB 2026-09-02] *** TP1 KENA *** harga=4374.60 — L1 profit! Geser SL L2 ke BE 4310
[20:49:02 WIB 2026-09-02] *** TP1 KENA *** harga=4373.61 — L1 profit! Geser SL L2 ke BE 4310
[20:50:02 WIB 2026-09-02] [LIVE] floating 58.6 pips | harga=4368.60 | PINE=? RSI=?
[20:51:02 WIB 2026-09-02] [LIVE] floating 61.8 pips | harga=4371.82 | PINE=? RSI=?
[20:52:02 WIB 2026-09-02] [LIVE] floating 61.7 pips | harga=4371.74 | PINE=? RSI=?
[20:53:02 WIB 2026-09-02] *** TP1 KENA *** harga=4376.98 — L1 profit! Geser SL L2 ke BE 4310
[20:54:03 WIB 2026-09-02] *** TP1 KENA *** harga=4376.08 — L1 profit! Geser SL L2 ke BE 4310
[20:55:02 WIB 2026-09-02] *** TP1 KENA *** harga=4376.68 — L1 profit! Geser SL L2 ke BE 4310
[20:56:02 WIB 2026-09-02] *** TP1 KENA *** harga=4374.72 — L1 profit! Geser SL L2 ke BE 4310
[20:57:03 WIB 2026-09-02] *** TP1 KENA *** harga=4376.31 — L1 profit! Geser SL L2 ke BE 4310
[20:58:02 WIB 2026-09-02] *** TP1 KENA *** harga=4377.03 — L1 profit! Geser SL L2 ke BE 4310
[20:59:03 WIB 2026-09-02] *** TP1 KENA *** harga=4380.60 — L1 profit! Geser SL L2 ke BE 4310
[21:00:03 WIB 2026-09-02] *** TP1 KENA *** harga=4385.10 — L1 profit! Geser SL L2 ke BE 4310
[21:01:03 WIB 2026-09-02] *** TP1 KENA *** harga=4383.85 — L1 profit! Geser SL L2 ke BE 4310
[21:02:03 WIB 2026-09-02] *** TP1 KENA *** harga=4380.52 — L1 profit! Geser SL L2 ke BE 4310
[21:03:03 WIB 2026-09-02] *** TP1 KENA *** harga=4384.24 — L1 profit! Geser SL L2 ke BE 4310
[21:04:03 WIB 2026-09-02] *** TP1 KENA *** harga=4382.47 — L1 profit! Geser SL L2 ke BE 4310
[21:05:03 WIB 2026-09-02] *** TP1 KENA *** harga=4384.56 — L1 profit! Geser SL L2 ke BE 4310
[21:06:03 WIB 2026-09-02] *** TP1 KENA *** harga=4389.39 — L1 profit! Geser SL L2 ke BE 4310
[21:07:03 WIB 2026-09-02] *** TP1 KENA *** harga=4389.22 — L1 profit! Geser SL L2 ke BE 4310
[21:08:03 WIB 2026-09-02] *** TP1 KENA *** harga=4392.50 — L1 profit! Geser SL L2 ke BE 4310
[21:09:03 WIB 2026-09-02] *** TP1 KENA *** harga=4392.57 — L1 profit! Geser SL L2 ke BE 4310
[21:10:03 WIB 2026-09-02] *** TP1 KENA *** harga=4391.31 — L1 profit! Geser SL L2 ke BE 4310
[21:11:03 WIB 2026-09-02] *** TP1 KENA *** harga=4394.65 — L1 profit! Geser SL L2 ke BE 4310
[21:12:03 WIB 2026-09-02] *** TP1 KENA *** harga=4395.20 — L1 profit! Geser SL L2 ke BE 4310
[21:13:03 WIB 2026-09-02] *** TP1 KENA *** harga=4390.60 — L1 profit! Geser SL L2 ke BE 4310
[21:14:03 WIB 2026-09-02] *** TP1 KENA *** harga=4388.84 — L1 profit! Geser SL L2 ke BE 4310
[21:15:03 WIB 2026-09-02] *** TP1 KENA *** harga=4387.86 — L1 profit! Geser SL L2 ke BE 4310
[21:16:03 WIB 2026-09-02] *** TP1 KENA *** harga=4387.24 — L1 profit! Geser SL L2 ke BE 4310
[21:17:03 WIB 2026-09-02] *** TP1 KENA *** harga=4386.89 — L1 profit! Geser SL L2 ke BE 4310
[21:18:03 WIB 2026-09-02] *** TP1 KENA *** harga=4387.97 — L1 profit! Geser SL L2 ke BE 4310
[21:19:03 WIB 2026-09-02] *** TP1 KENA *** harga=4388.61 — L1 profit! Geser SL L2 ke BE 4310
[21:20:03 WIB 2026-09-02] *** TP1 KENA *** harga=4392.31 — L1 profit! Geser SL L2 ke BE 4310
[21:21:03 WIB 2026-09-02] *** TP1 KENA *** harga=4395.17 — L1 profit! Geser SL L2 ke BE 4310
[21:22:03 WIB 2026-09-02] *** TP1 KENA *** harga=4393.70 — L1 profit! Geser SL L2 ke BE 4310
[21:23:03 WIB 2026-09-02] *** TP1 KENA *** harga=4390.31 — L1 profit! Geser SL L2 ke BE 4310
[21:24:03 WIB 2026-09-02] *** TP1 KENA *** harga=4388.33 — L1 profit! Geser SL L2 ke BE 4310
[21:25:03 WIB 2026-09-02] *** TP1 KENA *** harga=4387.30 — L1 profit! Geser SL L2 ke BE 4310
[21:26:03 WIB 2026-09-02] *** TP1 KENA *** harga=4385.60 — L1 profit! Geser SL L2 ke BE 4310
[21:27:03 WIB 2026-09-02] *** TP1 KENA *** harga=4387.02 — L1 profit! Geser SL L2 ke BE 4310
[21:28:03 WIB 2026-09-02] *** TP1 KENA *** harga=4388.49 — L1 profit! Geser SL L2 ke BE 4310
[21:29:03 WIB 2026-09-02] *** TP1 KENA *** harga=4389.74 — L1 profit! Geser SL L2 ke BE 4310
[21:30:03 WIB 2026-09-02] *** TP1 KENA *** harga=4387.70 — L1 profit! Geser SL L2 ke BE 4310
[21:34:26 WIB 2026-09-02] === MONITOR XAU V2 MULAI (update 28 Aug: self-lock + guard TF + wick sanity + state persist) ===
[21:34:26 WIB 2026-09-02]   [LIVE] POSISI AKTIF BUY entry=4310 SL=NaN TP1=4374 TP2=4457 (filled)
[21:34:26 WIB 2026-09-02] *** TP1 KENA *** harga=4386.63 — L1 profit! Geser SL L2 ke BE 4310
[21:35:26 WIB 2026-09-02] *** TP1 KENA *** harga=4385.73 — L1 profit! Geser SL L2 ke BE 4310
[21:36:26 WIB 2026-09-02] *** TP1 KENA *** harga=4384.35 — L1 profit! Geser SL L2 ke BE 4310
[21:37:26 WIB 2026-09-02] *** TP1 KENA *** harga=4383.69 — L1 profit! Geser SL L2 ke BE 4310
[21:38:26 WIB 2026-09-02] *** TP1 KENA *** harga=4383.35 — L1 profit! Geser SL L2 ke BE 4310
[21:39:26 WIB 2026-09-02] *** TP1 KENA *** harga=4384.48 — L1 profit! Geser SL L2 ke BE 4310
[21:40:26 WIB 2026-09-02] *** TP1 KENA *** harga=4382.63 — L1 profit! Geser SL L2 ke BE 4310
[21:41:26 WIB 2026-09-02] *** TP1 KENA *** harga=4383.56 — L1 profit! Geser SL L2 ke BE 4310
[21:42:26 WIB 2026-09-02] *** TP1 KENA *** harga=4383.80 — L1 profit! Geser SL L2 ke BE 4310
[21:43:26 WIB 2026-09-02] *** TP1 KENA *** harga=4384.72 — L1 profit! Geser SL L2 ke BE 4310
[21:44:26 WIB 2026-09-02] *** TP1 KENA *** harga=4384.68 — L1 profit! Geser SL L2 ke BE 4310
[21:45:26 WIB 2026-09-02] *** TP1 KENA *** harga=4385.11 — L1 profit! Geser SL L2 ke BE 4310
[21:46:26 WIB 2026-09-02] *** TP1 KENA *** harga=4381.88 — L1 profit! Geser SL L2 ke BE 4310
[21:47:26 WIB 2026-09-02] *** TP1 KENA *** harga=4381.06 — L1 profit! Geser SL L2 ke BE 4310
[21:48:26 WIB 2026-09-02] *** TP1 KENA *** harga=4379.76 — L1 profit! Geser SL L2 ke BE 4310
[21:49:26 WIB 2026-09-02] *** TP1 KENA *** harga=4379.61 — L1 profit! Geser SL L2 ke BE 4310
[21:50:26 WIB 2026-09-02] *** TP1 KENA *** harga=4381.73 — L1 profit! Geser SL L2 ke BE 4310
[21:51:26 WIB 2026-09-02] *** TP1 KENA *** harga=4377.90 — L1 profit! Geser SL L2 ke BE 4310
[21:52:26 WIB 2026-09-02] *** TP1 KENA *** harga=4377.47 — L1 profit! Geser SL L2 ke BE 4310
[21:53:26 WIB 2026-09-02] *** TP1 KENA *** harga=4376.91 — L1 profit! Geser SL L2 ke BE 4310
[21:54:31 WIB 2026-09-02] === MONITOR XAU V2 MULAI (update 28 Aug: self-lock + guard TF + wick sanity + state persist) ===
[21:54:31 WIB 2026-09-02]   [LIVE] POSISI AKTIF BUY entry=4310 SL=NaN TP1=4374 TP2=4457 (filled)
[21:56:51 WIB 2026-09-02] === MONITOR XAU V2 MULAI (update 28 Aug: self-lock + guard TF + wick sanity + state persist) ===
[21:56:51 WIB 2026-09-02]   [LIVE] POSISI AKTIF BUY entry=4310 SL=NaN TP1=4374 TP2=4457 (filled)
[21:56:51 WIB 2026-09-02] *** TP1 KENA *** harga=4376.40 — L1 profit! Geser SL L2 ke BE 4310
[21:58:18 WIB 2026-09-02] === MONITOR XAU V2 MULAI (update 28 Aug: self-lock + guard TF + wick sanity + state persist) ===
[21:58:18 WIB 2026-09-02]   [LIVE] POSISI AKTIF BUY entry=4310 SL=NaN TP1=4374 TP2=4457 (filled)
[01:20:16 WIB 2026-09-02] === MONITOR XAU V2 MULAI (update 28 Aug: self-lock + guard TF + wick sanity + state persist) ===
[01:20:16 WIB 2026-09-02]   [LIVE] POSISI AKTIF BUY entry=4310 SL=NaN TP1=4374 TP2=4457 (filled)
[01:20:16 WIB 2026-09-02] *** TP1 KENA *** harga=4377.30 — L1 profit! Geser SL L2 ke BE 4310
[01:21:16 WIB 2026-09-02] *** TP1 KENA *** harga=4378.10 — L1 profit! Geser SL L2 ke BE 4310
[01:22:16 WIB 2026-09-02] *** TP1 KENA *** harga=4373.80 — L1 profit! Geser SL L2 ke BE 4310
[01:23:16 WIB 2026-09-02] *** TP1 KENA *** harga=4373.99 — L1 profit! Geser SL L2 ke BE 4310
[01:24:16 WIB 2026-09-02] *** TP1 KENA *** harga=4373.23 — L1 profit! Geser SL L2 ke BE 4310
[01:25:16 WIB 2026-09-02] *** TP1 KENA *** harga=4373.25 — L1 profit! Geser SL L2 ke BE 4310
[01:26:17 WIB 2026-09-02] *** TP1 KENA *** harga=4373.57 — L1 profit! Geser SL L2 ke BE 4310
[01:27:16 WIB 2026-09-02] *** TP1 KENA *** harga=4372.89 — L1 profit! Geser SL L2 ke BE 4310
[01:28:16 WIB 2026-09-02] *** TP1 KENA *** harga=4372.48 — L1 profit! Geser SL L2 ke BE 4310
[01:29:17 WIB 2026-09-02] *** TP1 KENA *** harga=4372.86 — L1 profit! Geser SL L2 ke BE 4310
[01:30:17 WIB 2026-09-02] *** TP1 KENA *** harga=4373.36 — L1 profit! Geser SL L2 ke BE 4310
[01:31:17 WIB 2026-09-02] *** TP1 KENA *** harga=4374.23 — L1 profit! Geser SL L2 ke BE 4310
[01:32:17 WIB 2026-09-02] *** TP1 KENA *** harga=4375.37 — L1 profit! Geser SL L2 ke BE 4310
[01:33:17 WIB 2026-09-02] *** TP1 KENA *** harga=4376.78 — L1 profit! Geser SL L2 ke BE 4310
[01:34:17 WIB 2026-09-02] *** TP1 KENA *** harga=4377.45 — L1 profit! Geser SL L2 ke BE 4310
[01:35:17 WIB 2026-09-02] *** TP1 KENA *** harga=4377.03 — L1 profit! Geser SL L2 ke BE 4310
[01:36:17 WIB 2026-09-02] *** TP1 KENA *** harga=4377.56 — L1 profit! Geser SL L2 ke BE 4310
[01:37:17 WIB 2026-09-02] *** TP1 KENA *** harga=4375.90 — L1 profit! Geser SL L2 ke BE 4310
[01:38:17 WIB 2026-09-02] *** TP1 KENA *** harga=4376.35 — L1 profit! Geser SL L2 ke BE 4310
[01:39:17 WIB 2026-09-02] *** TP1 KENA *** harga=4376.06 — L1 profit! Geser SL L2 ke BE 4310
[01:40:17 WIB 2026-09-02] *** TP1 KENA *** harga=4376.56 — L1 profit! Geser SL L2 ke BE 4310
[01:41:17 WIB 2026-09-02] *** TP1 KENA *** harga=4375.94 — L1 profit! Geser SL L2 ke BE 4310
[01:42:17 WIB 2026-09-02] *** TP1 KENA *** harga=4374.82 — L1 profit! Geser SL L2 ke BE 4310
[01:43:17 WIB 2026-09-02] *** TP1 KENA *** harga=4373.85 — L1 profit! Geser SL L2 ke BE 4310
[01:44:17 WIB 2026-09-02] *** TP1 KENA *** harga=4373.94 — L1 profit! Geser SL L2 ke BE 4310
[01:45:17 WIB 2026-09-02] [LIVE] floating 63.3 pips | harga=4373.28 | PINE=? RSI=?
[01:46:17 WIB 2026-09-02] [LIVE] floating 63.1 pips | harga=4373.10 | PINE=? RSI=?
[01:47:17 WIB 2026-09-02] [LIVE] floating 63.6 pips | harga=4373.59 | PINE=? RSI=?
[01:48:17 WIB 2026-09-02] [LIVE] floating 63.7 pips | harga=4373.72 | PINE=? RSI=?
[01:49:17 WIB 2026-09-02] *** TP1 KENA *** harga=4373.97 — L1 profit! Geser SL L2 ke BE 4310
[01:50:17 WIB 2026-09-02] *** TP1 KENA *** harga=4374.41 — L1 profit! Geser SL L2 ke BE 4310
[01:51:17 WIB 2026-09-02] *** TP1 KENA *** harga=4375.27 — L1 profit! Geser SL L2 ke BE 4310
[01:52:17 WIB 2026-09-02] *** TP1 KENA *** harga=4375.35 — L1 profit! Geser SL L2 ke BE 4310
[01:53:17 WIB 2026-09-02] *** TP1 KENA *** harga=4375.35 — L1 profit! Geser SL L2 ke BE 4310
[01:54:17 WIB 2026-09-02] *** TP1 KENA *** harga=4375.41 — L1 profit! Geser SL L2 ke BE 4310
[01:55:17 WIB 2026-09-02] *** TP1 KENA *** harga=4374.77 — L1 profit! Geser SL L2 ke BE 4310
[01:56:17 WIB 2026-09-02] *** TP1 KENA *** harga=4374.66 — L1 profit! Geser SL L2 ke BE 4310
[01:57:17 WIB 2026-09-02] *** TP1 KENA *** harga=4374.44 — L1 profit! Geser SL L2 ke BE 4310
[01:58:17 WIB 2026-09-02] *** TP1 KENA *** harga=4373.18 — L1 profit! Geser SL L2 ke BE 4310
[01:59:17 WIB 2026-09-02] *** TP1 KENA *** harga=4373.11 — L1 profit! Geser SL L2 ke BE 4310
[02:00:17 WIB 2026-09-02] *** TP1 KENA *** harga=4374.23 — L1 profit! Geser SL L2 ke BE 4310
[02:01:17 WIB 2026-09-02] *** TP1 KENA *** harga=4373.36 — L1 profit! Geser SL L2 ke BE 4310
[02:02:17 WIB 2026-09-02] *** TP1 KENA *** harga=4372.73 — L1 profit! Geser SL L2 ke BE 4310
[02:03:17 WIB 2026-09-02] *** TP1 KENA *** harga=4374.30 — L1 profit! Geser SL L2 ke BE 4310
[02:04:17 WIB 2026-09-02] *** TP1 KENA *** harga=4375.10 — L1 profit! Geser SL L2 ke BE 4310
[02:05:17 WIB 2026-09-02] *** TP1 KENA *** harga=4375.16 — L1 profit! Geser SL L2 ke BE 4310
[02:06:17 WIB 2026-09-02] *** TP1 KENA *** harga=4375.57 — L1 profit! Geser SL L2 ke BE 4310
[02:07:17 WIB 2026-09-02] *** TP1 KENA *** harga=4376.26 — L1 profit! Geser SL L2 ke BE 4310
[02:08:17 WIB 2026-09-02] *** TP1 KENA *** harga=4376.11 — L1 profit! Geser SL L2 ke BE 4310
[02:09:17 WIB 2026-09-02] *** TP1 KENA *** harga=4375.83 — L1 profit! Geser SL L2 ke BE 4310
[02:10:17 WIB 2026-09-02] *** TP1 KENA *** harga=4377.02 — L1 profit! Geser SL L2 ke BE 4310
[02:11:17 WIB 2026-09-02] *** TP1 KENA *** harga=4377.23 — L1 profit! Geser SL L2 ke BE 4310
[02:12:17 WIB 2026-09-02] *** TP1 KENA *** harga=4377.15 — L1 profit! Geser SL L2 ke BE 4310
[02:13:17 WIB 2026-09-02] *** TP1 KENA *** harga=4379.49 — L1 profit! Geser SL L2 ke BE 4310
[02:14:17 WIB 2026-09-02] *** TP1 KENA *** harga=4379.21 — L1 profit! Geser SL L2 ke BE 4310
[10:04:57 WIB 2026-09-03] === MONITOR XAU V2 MULAI (update 28 Aug: self-lock + guard TF + wick sanity + state persist) ===
[10:04:57 WIB 2026-09-03]   [LIVE] POSISI AKTIF BUY entry=4310 SL=NaN TP1=4374 TP2=4457 (filled)
[10:04:58 WIB 2026-09-03] *** TP1 KENA *** harga=4424.53 — L1 profit! Geser SL L2 ke BE 4310
[10:05:58 WIB 2026-09-03] *** TP1 KENA *** harga=4424.89 — L1 profit! Geser SL L2 ke BE 4310
[10:06:58 WIB 2026-09-03] *** TP1 KENA *** harga=4424.80 — L1 profit! Geser SL L2 ke BE 4310
[10:07:58 WIB 2026-09-03] *** TP1 KENA *** harga=4426.02 — L1 profit! Geser SL L2 ke BE 4310
[10:08:58 WIB 2026-09-03] *** TP1 KENA *** harga=4424.89 — L1 profit! Geser SL L2 ke BE 4310
[10:09:58 WIB 2026-09-03] *** TP1 KENA *** harga=4425.22 — L1 profit! Geser SL L2 ke BE 4310
[10:10:58 WIB 2026-09-03] *** TP1 KENA *** harga=4424.48 — L1 profit! Geser SL L2 ke BE 4310
[10:11:58 WIB 2026-09-03] *** TP1 KENA *** harga=4425.28 — L1 profit! Geser SL L2 ke BE 4310
[10:12:58 WIB 2026-09-03] *** TP1 KENA *** harga=4428.07 — L1 profit! Geser SL L2 ke BE 4310
[10:13:58 WIB 2026-09-03] *** TP1 KENA *** harga=4428.64 — L1 profit! Geser SL L2 ke BE 4310
[10:14:58 WIB 2026-09-03] *** TP1 KENA *** harga=4428.46 — L1 profit! Geser SL L2 ke BE 4310
[10:15:58 WIB 2026-09-03] *** TP1 KENA *** harga=4430.52 — L1 profit! Geser SL L2 ke BE 4310
[10:16:58 WIB 2026-09-03] *** TP1 KENA *** harga=4428.40 — L1 profit! Geser SL L2 ke BE 4310
[10:17:58 WIB 2026-09-03] *** TP1 KENA *** harga=4426.35 — L1 profit! Geser SL L2 ke BE 4310
[10:18:58 WIB 2026-09-03] *** TP1 KENA *** harga=4426.44 — L1 profit! Geser SL L2 ke BE 4310
[10:19:58 WIB 2026-09-03] *** TP1 KENA *** harga=4426.90 — L1 profit! Geser SL L2 ke BE 4310
[10:20:58 WIB 2026-09-03] *** TP1 KENA *** harga=4425.65 — L1 profit! Geser SL L2 ke BE 4310
[10:21:58 WIB 2026-09-03] *** TP1 KENA *** harga=4425.06 — L1 profit! Geser SL L2 ke BE 4310
[10:22:58 WIB 2026-09-03] *** TP1 KENA *** harga=4425.11 — L1 profit! Geser SL L2 ke BE 4310
[10:23:58 WIB 2026-09-03] *** TP1 KENA *** harga=4425.30 — L1 profit! Geser SL L2 ke BE 4310
[10:24:58 WIB 2026-09-03] *** TP1 KENA *** harga=4426.14 — L1 profit! Geser SL L2 ke BE 4310
[10:25:58 WIB 2026-09-03] *** TP1 KENA *** harga=4426.86 — L1 profit! Geser SL L2 ke BE 4310
[10:26:58 WIB 2026-09-03] *** TP1 KENA *** harga=4427.07 — L1 profit! Geser SL L2 ke BE 4310
[10:27:58 WIB 2026-09-03] *** TP1 KENA *** harga=4427.47 — L1 profit! Geser SL L2 ke BE 4310
[10:28:58 WIB 2026-09-03] *** TP1 KENA *** harga=4429.13 — L1 profit! Geser SL L2 ke BE 4310
[10:29:58 WIB 2026-09-03] *** TP1 KENA *** harga=4429.69 — L1 profit! Geser SL L2 ke BE 4310
[10:32:51 WIB 2026-09-03] === MONITOR XAU V2 MULAI (update 28 Aug: self-lock + guard TF + wick sanity + state persist) ===
[10:32:51 WIB 2026-09-03]   [LIVE] POSISI AKTIF BUY entry=4310 SL=NaN TP1=4374 TP2=4457 (filled)
[10:32:51 WIB 2026-09-03] *** TP1 KENA *** harga=4431.97 — L1 profit! Geser SL L2 ke BE 4310
[10:33:51 WIB 2026-09-03] *** TP1 KENA *** harga=4431.39 — L1 profit! Geser SL L2 ke BE 4310
[10:34:51 WIB 2026-09-03] *** TP1 KENA *** harga=4432.21 — L1 profit! Geser SL L2 ke BE 4310
[10:35:51 WIB 2026-09-03] *** TP1 KENA *** harga=4430.91 — L1 profit! Geser SL L2 ke BE 4310
[10:36:51 WIB 2026-09-03] *** TP1 KENA *** harga=4429.82 — L1 profit! Geser SL L2 ke BE 4310
[10:37:51 WIB 2026-09-03] *** TP1 KENA *** harga=4430.37 — L1 profit! Geser SL L2 ke BE 4310
[10:38:51 WIB 2026-09-03] *** TP1 KENA *** harga=4430.30 — L1 profit! Geser SL L2 ke BE 4310
[10:39:51 WIB 2026-09-03] *** TP1 KENA *** harga=4430.32 — L1 profit! Geser SL L2 ke BE 4310
[10:40:51 WIB 2026-09-03] *** TP1 KENA *** harga=4429.95 — L1 profit! Geser SL L2 ke BE 4310
[10:41:51 WIB 2026-09-03] *** TP1 KENA *** harga=4429.47 — L1 profit! Geser SL L2 ke BE 4310
[10:42:51 WIB 2026-09-03] *** TP1 KENA *** harga=4428.68 — L1 profit! Geser SL L2 ke BE 4310
[10:43:51 WIB 2026-09-03] *** TP1 KENA *** harga=4427.84 — L1 profit! Geser SL L2 ke BE 4310
[10:44:51 WIB 2026-09-03] *** TP1 KENA *** harga=4427.15 — L1 profit! Geser SL L2 ke BE 4310
[10:45:51 WIB 2026-09-03] *** TP1 KENA *** harga=4426.91 — L1 profit! Geser SL L2 ke BE 4310
[10:46:51 WIB 2026-09-03] *** TP1 KENA *** harga=4426.25 — L1 profit! Geser SL L2 ke BE 4310
[10:47:51 WIB 2026-09-03] *** TP1 KENA *** harga=4425.59 — L1 profit! Geser SL L2 ke BE 4310
[10:48:51 WIB 2026-09-03] *** TP1 KENA *** harga=4425.85 — L1 profit! Geser SL L2 ke BE 4310
[10:49:51 WIB 2026-09-03] *** TP1 KENA *** harga=4427.38 — L1 profit! Geser SL L2 ke BE 4310
[10:50:51 WIB 2026-09-03] *** TP1 KENA *** harga=4428.03 — L1 profit! Geser SL L2 ke BE 4310
[10:51:51 WIB 2026-09-03] *** TP1 KENA *** harga=4427.54 — L1 profit! Geser SL L2 ke BE 4310
[10:52:51 WIB 2026-09-03] *** TP1 KENA *** harga=4427.34 — L1 profit! Geser SL L2 ke BE 4310
[10:53:51 WIB 2026-09-03] *** TP1 KENA *** harga=4428.94 — L1 profit! Geser SL L2 ke BE 4310
[10:54:51 WIB 2026-09-03] *** TP1 KENA *** harga=4429.84 — L1 profit! Geser SL L2 ke BE 4310
[10:55:51 WIB 2026-09-03] *** TP1 KENA *** harga=4430.12 — L1 profit! Geser SL L2 ke BE 4310
[10:56:51 WIB 2026-09-03] *** TP1 KENA *** harga=4431.97 — L1 profit! Geser SL L2 ke BE 4310
[10:57:51 WIB 2026-09-03] *** TP1 KENA *** harga=4432.16 — L1 profit! Geser SL L2 ke BE 4310
[10:58:51 WIB 2026-09-03] *** TP1 KENA *** harga=4431.68 — L1 profit! Geser SL L2 ke BE 4310
[10:59:51 WIB 2026-09-03] *** TP1 KENA *** harga=4431.63 — L1 profit! Geser SL L2 ke BE 4310
[11:00:51 WIB 2026-09-03] *** TP1 KENA *** harga=4430.85 — L1 profit! Geser SL L2 ke BE 4310
[11:01:51 WIB 2026-09-03] *** TP1 KENA *** harga=4429.00 — L1 profit! Geser SL L2 ke BE 4310
[11:02:51 WIB 2026-09-03] *** TP1 KENA *** harga=4428.60 — L1 profit! Geser SL L2 ke BE 4310
[11:03:51 WIB 2026-09-03] *** TP1 KENA *** harga=4427.26 — L1 profit! Geser SL L2 ke BE 4310
[11:04:51 WIB 2026-09-03] *** TP1 KENA *** harga=4428.18 — L1 profit! Geser SL L2 ke BE 4310
[11:05:51 WIB 2026-09-03] *** TP1 KENA *** harga=4426.78 — L1 profit! Geser SL L2 ke BE 4310
[11:06:51 WIB 2026-09-03] *** TP1 KENA *** harga=4427.47 — L1 profit! Geser SL L2 ke BE 4310
[11:07:51 WIB 2026-09-03] *** TP1 KENA *** harga=4428.81 — L1 profit! Geser SL L2 ke BE 4310
[11:08:51 WIB 2026-09-03] *** TP1 KENA *** harga=4432.27 — L1 profit! Geser SL L2 ke BE 4310
[11:09:51 WIB 2026-09-03] *** TP1 KENA *** harga=4433.27 — L1 profit! Geser SL L2 ke BE 4310
[11:10:51 WIB 2026-09-03] *** TP1 KENA *** harga=4435.36 — L1 profit! Geser SL L2 ke BE 4310
[11:11:51 WIB 2026-09-03] *** TP1 KENA *** harga=4433.82 — L1 profit! Geser SL L2 ke BE 4310
[11:12:51 WIB 2026-09-03] *** TP1 KENA *** harga=4433.07 — L1 profit! Geser SL L2 ke BE 4310
[11:13:51 WIB 2026-09-03] *** TP1 KENA *** harga=4432.09 — L1 profit! Geser SL L2 ke BE 4310
[11:14:51 WIB 2026-09-03] *** TP1 KENA *** harga=4431.49 — L1 profit! Geser SL L2 ke BE 4310
[11:15:51 WIB 2026-09-03] *** TP1 KENA *** harga=4430.67 — L1 profit! Geser SL L2 ke BE 4310
[11:16:51 WIB 2026-09-03] *** TP1 KENA *** harga=4430.27 — L1 profit! Geser SL L2 ke BE 4310
[11:17:51 WIB 2026-09-03] *** TP1 KENA *** harga=4430.98 — L1 profit! Geser SL L2 ke BE 4310
[11:18:51 WIB 2026-09-03] *** TP1 KENA *** harga=4430.98 — L1 profit! Geser SL L2 ke BE 4310
[11:19:51 WIB 2026-09-03] *** TP1 KENA *** harga=4430.69 — L1 profit! Geser SL L2 ke BE 4310
[11:20:51 WIB 2026-09-03] GUARD TF: chart tidak di M15 (interval bar 60 mnt) — auto-set M15, siklus ini dilewati
[11:21:51 WIB 2026-09-03] *** TP1 KENA *** harga=4432.34 — L1 profit! Geser SL L2 ke BE 4310
[11:22:51 WIB 2026-09-03] *** TP1 KENA *** harga=4431.86 — L1 profit! Geser SL L2 ke BE 4310
[11:23:52 WIB 2026-09-03] *** TP1 KENA *** harga=4432.87 — L1 profit! Geser SL L2 ke BE 4310
[11:24:52 WIB 2026-09-03] *** TP1 KENA *** harga=4433.93 — L1 profit! Geser SL L2 ke BE 4310
[11:25:52 WIB 2026-09-03] *** TP1 KENA *** harga=4435.53 — L1 profit! Geser SL L2 ke BE 4310
[11:26:52 WIB 2026-09-03] *** TP1 KENA *** harga=4436.11 — L1 profit! Geser SL L2 ke BE 4310
[11:27:52 WIB 2026-09-03] GUARD TF: chart tidak di M15 (interval bar 1440 mnt) — auto-set M15, siklus ini dilewati
[11:28:52 WIB 2026-09-03] *** TP1 KENA *** harga=4435.09 — L1 profit! Geser SL L2 ke BE 4310
[11:29:52 WIB 2026-09-03] *** TP1 KENA *** harga=4435.84 — L1 profit! Geser SL L2 ke BE 4310
[11:30:52 WIB 2026-09-03] *** TP1 KENA *** harga=4436.29 — L1 profit! Geser SL L2 ke BE 4310
[11:31:52 WIB 2026-09-03] *** TP1 KENA *** harga=4436.54 — L1 profit! Geser SL L2 ke BE 4310
[11:32:52 WIB 2026-09-03] *** TP1 KENA *** harga=4436.20 — L1 profit! Geser SL L2 ke BE 4310
[11:33:52 WIB 2026-09-03] GUARD TF: chart tidak di M15 (interval bar 60 mnt) — auto-set M15, siklus ini dilewati
[11:34:52 WIB 2026-09-03] *** TP1 KENA *** harga=4437.10 — L1 profit! Geser SL L2 ke BE 4310
[11:35:52 WIB 2026-09-03] *** TP1 KENA *** harga=4437.23 — L1 profit! Geser SL L2 ke BE 4310
[11:36:52 WIB 2026-09-03] *** TP1 KENA *** harga=4436.23 — L1 profit! Geser SL L2 ke BE 4310
[11:37:52 WIB 2026-09-03] *** TP1 KENA *** harga=4437.01 — L1 profit! Geser SL L2 ke BE 4310
[11:38:52 WIB 2026-09-03] GUARD TF: chart tidak di M15 (interval bar 60 mnt) — auto-set M15, siklus ini dilewati
[11:39:52 WIB 2026-09-03] *** TP1 KENA *** harga=4437.93 — L1 profit! Geser SL L2 ke BE 4310
[11:40:52 WIB 2026-09-03] *** TP1 KENA *** harga=4437.36 — L1 profit! Geser SL L2 ke BE 4310
[11:41:52 WIB 2026-09-03] *** TP1 KENA *** harga=4437.27 — L1 profit! Geser SL L2 ke BE 4310
[11:42:52 WIB 2026-09-03] *** TP1 KENA *** harga=4437.91 — L1 profit! Geser SL L2 ke BE 4310
[11:43:52 WIB 2026-09-03] *** TP1 KENA *** harga=4437.77 — L1 profit! Geser SL L2 ke BE 4310
[11:44:52 WIB 2026-09-03] *** TP1 KENA *** harga=4438.12 — L1 profit! Geser SL L2 ke BE 4310
[11:45:52 WIB 2026-09-03] *** TP1 KENA *** harga=4438.01 — L1 profit! Geser SL L2 ke BE 4310
[11:46:52 WIB 2026-09-03] *** TP1 KENA *** harga=4438.11 — L1 profit! Geser SL L2 ke BE 4310
[11:47:52 WIB 2026-09-03] *** TP1 KENA *** harga=4437.86 — L1 profit! Geser SL L2 ke BE 4310
[11:48:52 WIB 2026-09-03] *** TP1 KENA *** harga=4436.87 — L1 profit! Geser SL L2 ke BE 4310
[11:49:52 WIB 2026-09-03] *** TP1 KENA *** harga=4436.47 — L1 profit! Geser SL L2 ke BE 4310
[11:50:52 WIB 2026-09-03] *** TP1 KENA *** harga=4436.18 — L1 profit! Geser SL L2 ke BE 4310
[11:51:52 WIB 2026-09-03] *** TP1 KENA *** harga=4436.07 — L1 profit! Geser SL L2 ke BE 4310
[11:52:52 WIB 2026-09-03] *** TP1 KENA *** harga=4435.66 — L1 profit! Geser SL L2 ke BE 4310
[11:53:52 WIB 2026-09-03] *** TP1 KENA *** harga=4435.52 — L1 profit! Geser SL L2 ke BE 4310
[11:54:52 WIB 2026-09-03] *** TP1 KENA *** harga=4435.59 — L1 profit! Geser SL L2 ke BE 4310
[11:55:52 WIB 2026-09-03] *** TP1 KENA *** harga=4435.53 — L1 profit! Geser SL L2 ke BE 4310
[11:56:52 WIB 2026-09-03] *** TP1 KENA *** harga=4435.59 — L1 profit! Geser SL L2 ke BE 4310
[11:57:52 WIB 2026-09-03] *** TP1 KENA *** harga=4436.18 — L1 profit! Geser SL L2 ke BE 4310
[11:58:52 WIB 2026-09-03] *** TP1 KENA *** harga=4436.48 — L1 profit! Geser SL L2 ke BE 4310
[11:59:52 WIB 2026-09-03] *** TP1 KENA *** harga=4437.38 — L1 profit! Geser SL L2 ke BE 4310
[12:00:52 WIB 2026-09-03] *** TP1 KENA *** harga=4438.96 — L1 profit! Geser SL L2 ke BE 4310
[12:01:52 WIB 2026-09-03] *** TP1 KENA *** harga=4437.58 — L1 profit! Geser SL L2 ke BE 4310
[12:02:52 WIB 2026-09-03] *** TP1 KENA *** harga=4438.19 — L1 profit! Geser SL L2 ke BE 4310
[12:03:52 WIB 2026-09-03] *** TP1 KENA *** harga=4436.90 — L1 profit! Geser SL L2 ke BE 4310
[12:04:52 WIB 2026-09-03] *** TP1 KENA *** harga=4436.98 — L1 profit! Geser SL L2 ke BE 4310
[12:05:52 WIB 2026-09-03] *** TP1 KENA *** harga=4433.90 — L1 profit! Geser SL L2 ke BE 4310
[12:06:52 WIB 2026-09-03] *** TP1 KENA *** harga=4433.24 — L1 profit! Geser SL L2 ke BE 4310
[12:07:52 WIB 2026-09-03] *** TP1 KENA *** harga=4433.23 — L1 profit! Geser SL L2 ke BE 4310
[12:08:52 WIB 2026-09-03] *** TP1 KENA *** harga=4431.99 — L1 profit! Geser SL L2 ke BE 4310
[12:09:52 WIB 2026-09-03] *** TP1 KENA *** harga=4431.01 — L1 profit! Geser SL L2 ke BE 4310
[12:10:52 WIB 2026-09-03] *** TP1 KENA *** harga=4431.73 — L1 profit! Geser SL L2 ke BE 4310
[12:11:52 WIB 2026-09-03] *** TP1 KENA *** harga=4431.20 — L1 profit! Geser SL L2 ke BE 4310
[12:12:52 WIB 2026-09-03] *** TP1 KENA *** harga=4431.31 — L1 profit! Geser SL L2 ke BE 4310
[12:13:52 WIB 2026-09-03] *** TP1 KENA *** harga=4430.72 — L1 profit! Geser SL L2 ke BE 4310
[12:14:52 WIB 2026-09-03] *** TP1 KENA *** harga=4430.11 — L1 profit! Geser SL L2 ke BE 4310
[12:15:52 WIB 2026-09-03] *** TP1 KENA *** harga=4428.91 — L1 profit! Geser SL L2 ke BE 4310
[12:16:52 WIB 2026-09-03] *** TP1 KENA *** harga=4428.23 — L1 profit! Geser SL L2 ke BE 4310
[12:17:52 WIB 2026-09-03] *** TP1 KENA *** harga=4427.43 — L1 profit! Geser SL L2 ke BE 4310
[12:18:52 WIB 2026-09-03] *** TP1 KENA *** harga=4430.48 — L1 profit! Geser SL L2 ke BE 4310
[12:19:52 WIB 2026-09-03] *** TP1 KENA *** harga=4428.23 — L1 profit! Geser SL L2 ke BE 4310
[12:20:52 WIB 2026-09-03] *** TP1 KENA *** harga=4426.81 — L1 profit! Geser SL L2 ke BE 4310
[12:21:52 WIB 2026-09-03] *** TP1 KENA *** harga=4425.75 — L1 profit! Geser SL L2 ke BE 4310
[12:22:52 WIB 2026-09-03] *** TP1 KENA *** harga=4425.56 — L1 profit! Geser SL L2 ke BE 4310
[12:23:52 WIB 2026-09-03] *** TP1 KENA *** harga=4423.37 — L1 profit! Geser SL L2 ke BE 4310
[12:24:52 WIB 2026-09-03] *** TP1 KENA *** harga=4425.62 — L1 profit! Geser SL L2 ke BE 4310
[12:25:52 WIB 2026-09-03] *** TP1 KENA *** harga=4424.29 — L1 profit! Geser SL L2 ke BE 4310
[12:26:52 WIB 2026-09-03] *** TP1 KENA *** harga=4425.80 — L1 profit! Geser SL L2 ke BE 4310
[12:27:52 WIB 2026-09-03] *** TP1 KENA *** harga=4424.03 — L1 profit! Geser SL L2 ke BE 4310
[12:28:52 WIB 2026-09-03] *** TP1 KENA *** harga=4424.78 — L1 profit! Geser SL L2 ke BE 4310
[12:29:52 WIB 2026-09-03] *** TP1 KENA *** harga=4426.02 — L1 profit! Geser SL L2 ke BE 4310
[12:30:52 WIB 2026-09-03] *** TP1 KENA *** harga=4426.53 — L1 profit! Geser SL L2 ke BE 4310
[12:31:52 WIB 2026-09-03] *** TP1 KENA *** harga=4424.90 — L1 profit! Geser SL L2 ke BE 4310
[12:32:52 WIB 2026-09-03] *** TP1 KENA *** harga=4428.27 — L1 profit! Geser SL L2 ke BE 4310
[12:33:52 WIB 2026-09-03] GUARD TF: chart tidak di M15 (interval bar 1440 mnt) — auto-set M15, siklus ini dilewati
[12:34:52 WIB 2026-09-03] GUARD TF: chart tidak di M15 (interval bar 60 mnt) — auto-set M15, siklus ini dilewati
[12:35:52 WIB 2026-09-03] *** TP1 KENA *** harga=4431.26 — L1 profit! Geser SL L2 ke BE 4310
[12:36:52 WIB 2026-09-03] *** TP1 KENA *** harga=4426.82 — L1 profit! Geser SL L2 ke BE 4310
[12:37:52 WIB 2026-09-03] *** TP1 KENA *** harga=4428.92 — L1 profit! Geser SL L2 ke BE 4310
[12:38:52 WIB 2026-09-03] *** TP1 KENA *** harga=4429.27 — L1 profit! Geser SL L2 ke BE 4310
[12:39:52 WIB 2026-09-03] *** TP1 KENA *** harga=4428.64 — L1 profit! Geser SL L2 ke BE 4310
[12:40:52 WIB 2026-09-03] *** TP1 KENA *** harga=4426.09 — L1 profit! Geser SL L2 ke BE 4310
[12:41:52 WIB 2026-09-03] GUARD TF: chart tidak di M15 (interval bar 240 mnt) — auto-set M15, siklus ini dilewati
[12:42:52 WIB 2026-09-03] GUARD TF: chart tidak di M15 (interval bar 30 mnt) — auto-set M15, siklus ini dilewati
[12:43:52 WIB 2026-09-03] *** TP1 KENA *** harga=4430.91 — L1 profit! Geser SL L2 ke BE 4310
[12:44:52 WIB 2026-09-03] *** TP1 KENA *** harga=4432.13 — L1 profit! Geser SL L2 ke BE 4310
[12:45:52 WIB 2026-09-03] GUARD TF: chart tidak di M15 (interval bar 60 mnt) — auto-set M15, siklus ini dilewati
[12:46:52 WIB 2026-09-03] *** TP1 KENA *** harga=4428.73 — L1 profit! Geser SL L2 ke BE 4310
[12:47:52 WIB 2026-09-03] *** TP1 KENA *** harga=4431.97 — L1 profit! Geser SL L2 ke BE 4310
[12:48:52 WIB 2026-09-03] *** TP1 KENA *** harga=4433.70 — L1 profit! Geser SL L2 ke BE 4310
[12:49:52 WIB 2026-09-03] *** TP1 KENA *** harga=4434.55 — L1 profit! Geser SL L2 ke BE 4310
[12:50:52 WIB 2026-09-03] *** TP1 KENA *** harga=4437.61 — L1 profit! Geser SL L2 ke BE 4310
[12:51:52 WIB 2026-09-03] *** TP1 KENA *** harga=4436.28 — L1 profit! Geser SL L2 ke BE 4310
[12:52:52 WIB 2026-09-03] *** TP1 KENA *** harga=4437.27 — L1 profit! Geser SL L2 ke BE 4310
[12:53:52 WIB 2026-09-03] *** TP1 KENA *** harga=4434.76 — L1 profit! Geser SL L2 ke BE 4310
[12:54:52 WIB 2026-09-03] *** TP1 KENA *** harga=4434.24 — L1 profit! Geser SL L2 ke BE 4310
[12:55:52 WIB 2026-09-03] *** TP1 KENA *** harga=4435.06 — L1 profit! Geser SL L2 ke BE 4310
[12:56:52 WIB 2026-09-03] *** TP1 KENA *** harga=4435.66 — L1 profit! Geser SL L2 ke BE 4310
[12:57:52 WIB 2026-09-03] *** TP1 KENA *** harga=4433.35 — L1 profit! Geser SL L2 ke BE 4310
[12:58:52 WIB 2026-09-03] *** TP1 KENA *** harga=4432.28 — L1 profit! Geser SL L2 ke BE 4310
[12:59:52 WIB 2026-09-03] *** TP1 KENA *** harga=4430.69 — L1 profit! Geser SL L2 ke BE 4310
[13:00:52 WIB 2026-09-03] *** TP1 KENA *** harga=4432.96 — L1 profit! Geser SL L2 ke BE 4310
[13:01:52 WIB 2026-09-03] *** TP1 KENA *** harga=4431.65 — L1 profit! Geser SL L2 ke BE 4310
[13:02:52 WIB 2026-09-03] *** TP1 KENA *** harga=4430.00 — L1 profit! Geser SL L2 ke BE 4310
[13:03:52 WIB 2026-09-03] *** TP1 KENA *** harga=4429.71 — L1 profit! Geser SL L2 ke BE 4310
[13:04:52 WIB 2026-09-03] *** TP1 KENA *** harga=4430.01 — L1 profit! Geser SL L2 ke BE 4310
[13:05:52 WIB 2026-09-03] *** TP1 KENA *** harga=4432.10 — L1 profit! Geser SL L2 ke BE 4310
[13:06:52 WIB 2026-09-03] *** TP1 KENA *** harga=4433.54 — L1 profit! Geser SL L2 ke BE 4310
[13:07:52 WIB 2026-09-03] *** TP1 KENA *** harga=4431.89 — L1 profit! Geser SL L2 ke BE 4310
[13:08:52 WIB 2026-09-03] *** TP1 KENA *** harga=4432.56 — L1 profit! Geser SL L2 ke BE 4310
[13:09:52 WIB 2026-09-03] *** TP1 KENA *** harga=4432.44 — L1 profit! Geser SL L2 ke BE 4310
[13:10:52 WIB 2026-09-03] *** TP1 KENA *** harga=4429.60 — L1 profit! Geser SL L2 ke BE 4310
[13:11:52 WIB 2026-09-03] *** TP1 KENA *** harga=4427.32 — L1 profit! Geser SL L2 ke BE 4310
[13:12:52 WIB 2026-09-03] *** TP1 KENA *** harga=4427.38 — L1 profit! Geser SL L2 ke BE 4310
[13:13:52 WIB 2026-09-03] *** TP1 KENA *** harga=4427.52 — L1 profit! Geser SL L2 ke BE 4310
[13:14:52 WIB 2026-09-03] *** TP1 KENA *** harga=4427.87 — L1 profit! Geser SL L2 ke BE 4310
[13:15:52 WIB 2026-09-03] *** TP1 KENA *** harga=4430.47 — L1 profit! Geser SL L2 ke BE 4310
[13:16:52 WIB 2026-09-03] *** TP1 KENA *** harga=4428.02 — L1 profit! Geser SL L2 ke BE 4310
[13:17:52 WIB 2026-09-03] GUARD TF: chart tidak di M15 (interval bar 60 mnt) — auto-set M15, siklus ini dilewati
[13:18:52 WIB 2026-09-03] *** TP1 KENA *** harga=4427.69 — L1 profit! Geser SL L2 ke BE 4310
[13:19:52 WIB 2026-09-03] GUARD TF: chart tidak di M15 (interval bar 240 mnt) — auto-set M15, siklus ini dilewati
[13:20:52 WIB 2026-09-03] *** TP1 KENA *** harga=4426.40 — L1 profit! Geser SL L2 ke BE 4310
[13:21:52 WIB 2026-09-03] *** TP1 KENA *** harga=4424.10 — L1 profit! Geser SL L2 ke BE 4310
[13:22:52 WIB 2026-09-03] *** TP1 KENA *** harga=4423.74 — L1 profit! Geser SL L2 ke BE 4310
[13:23:52 WIB 2026-09-03] *** TP1 KENA *** harga=4422.40 — L1 profit! Geser SL L2 ke BE 4310
[13:24:52 WIB 2026-09-03] *** TP1 KENA *** harga=4419.20 — L1 profit! Geser SL L2 ke BE 4310
[13:25:52 WIB 2026-09-03] *** TP1 KENA *** harga=4419.89 — L1 profit! Geser SL L2 ke BE 4310
[13:26:52 WIB 2026-09-03] *** TP1 KENA *** harga=4422.52 — L1 profit! Geser SL L2 ke BE 4310
[13:27:52 WIB 2026-09-03] *** TP1 KENA *** harga=4423.84 — L1 profit! Geser SL L2 ke BE 4310
[13:28:52 WIB 2026-09-03] GUARD TF: chart tidak di M15 (interval bar 1440 mnt) — auto-set M15, siklus ini dilewati
[13:29:52 WIB 2026-09-03] GUARD TF: chart tidak di M15 (interval bar 30 mnt) — auto-set M15, siklus ini dilewati
[13:30:52 WIB 2026-09-03] *** TP1 KENA *** harga=4422.42 — L1 profit! Geser SL L2 ke BE 4310
[13:31:52 WIB 2026-09-03] *** TP1 KENA *** harga=4422.65 — L1 profit! Geser SL L2 ke BE 4310
[13:32:52 WIB 2026-09-03] *** TP1 KENA *** harga=4421.64 — L1 profit! Geser SL L2 ke BE 4310
[13:33:52 WIB 2026-09-03] *** TP1 KENA *** harga=4422.51 — L1 profit! Geser SL L2 ke BE 4310
[13:34:52 WIB 2026-09-03] *** TP1 KENA *** harga=4423.13 — L1 profit! Geser SL L2 ke BE 4310
[13:35:52 WIB 2026-09-03] *** TP1 KENA *** harga=4423.85 — L1 profit! Geser SL L2 ke BE 4310
[13:36:52 WIB 2026-09-03] *** TP1 KENA *** harga=4425.18 — L1 profit! Geser SL L2 ke BE 4310
[13:37:52 WIB 2026-09-03] GUARD TF: chart tidak di M15 (interval bar 240 mnt) — auto-set M15, siklus ini dilewati
[13:38:53 WIB 2026-09-03] *** TP1 KENA *** harga=4425.24 — L1 profit! Geser SL L2 ke BE 4310
[13:39:53 WIB 2026-09-03] *** TP1 KENA *** harga=4422.94 — L1 profit! Geser SL L2 ke BE 4310
[13:40:53 WIB 2026-09-03] *** TP1 KENA *** harga=4424.25 — L1 profit! Geser SL L2 ke BE 4310
[13:41:53 WIB 2026-09-03] *** TP1 KENA *** harga=4424.78 — L1 profit! Geser SL L2 ke BE 4310
[13:42:53 WIB 2026-09-03] *** TP1 KENA *** harga=4424.57 — L1 profit! Geser SL L2 ke BE 4310
[13:43:53 WIB 2026-09-03] *** TP1 KENA *** harga=4425.97 — L1 profit! Geser SL L2 ke BE 4310
[13:44:53 WIB 2026-09-03] *** TP1 KENA *** harga=4425.93 — L1 profit! Geser SL L2 ke BE 4310
[13:45:53 WIB 2026-09-03] *** TP1 KENA *** harga=4427.14 — L1 profit! Geser SL L2 ke BE 4310
[13:46:53 WIB 2026-09-03] *** TP1 KENA *** harga=4427.52 — L1 profit! Geser SL L2 ke BE 4310
[13:47:53 WIB 2026-09-03] *** TP1 KENA *** harga=4427.83 — L1 profit! Geser SL L2 ke BE 4310
[13:48:53 WIB 2026-09-03] *** TP1 KENA *** harga=4426.77 — L1 profit! Geser SL L2 ke BE 4310
[13:49:53 WIB 2026-09-03] *** TP1 KENA *** harga=4426.53 — L1 profit! Geser SL L2 ke BE 4310
[13:50:53 WIB 2026-09-03] *** TP1 KENA *** harga=4424.31 — L1 profit! Geser SL L2 ke BE 4310
[13:51:53 WIB 2026-09-03] *** TP1 KENA *** harga=4424.48 — L1 profit! Geser SL L2 ke BE 4310
[13:52:53 WIB 2026-09-03] *** TP1 KENA *** harga=4423.94 — L1 profit! Geser SL L2 ke BE 4310
[13:53:53 WIB 2026-09-03] *** TP1 KENA *** harga=4424.63 — L1 profit! Geser SL L2 ke BE 4310
[13:54:53 WIB 2026-09-03] *** TP1 KENA *** harga=4423.06 — L1 profit! Geser SL L2 ke BE 4310
[13:55:53 WIB 2026-09-03] *** TP1 KENA *** harga=4423.82 — L1 profit! Geser SL L2 ke BE 4310
[13:56:53 WIB 2026-09-03] *** TP1 KENA *** harga=4423.34 — L1 profit! Geser SL L2 ke BE 4310
[13:57:53 WIB 2026-09-03] *** TP1 KENA *** harga=4422.26 — L1 profit! Geser SL L2 ke BE 4310
[13:58:53 WIB 2026-09-03] *** TP1 KENA *** harga=4421.56 — L1 profit! Geser SL L2 ke BE 4310
[13:59:53 WIB 2026-09-03] *** TP1 KENA *** harga=4420.85 — L1 profit! Geser SL L2 ke BE 4310
[14:00:53 WIB 2026-09-03] *** TP1 KENA *** harga=4420.73 — L1 profit! Geser SL L2 ke BE 4310
[14:01:53 WIB 2026-09-03] *** TP1 KENA *** harga=4423.62 — L1 profit! Geser SL L2 ke BE 4310
[14:02:53 WIB 2026-09-03] *** TP1 KENA *** harga=4428.47 — L1 profit! Geser SL L2 ke BE 4310
[14:03:53 WIB 2026-09-03] *** TP1 KENA *** harga=4426.20 — L1 profit! Geser SL L2 ke BE 4310
[14:04:53 WIB 2026-09-03] *** TP1 KENA *** harga=4430.19 — L1 profit! Geser SL L2 ke BE 4310
[14:05:53 WIB 2026-09-03] *** TP1 KENA *** harga=4427.93 — L1 profit! Geser SL L2 ke BE 4310
[14:06:53 WIB 2026-09-03] *** TP1 KENA *** harga=4427.46 — L1 profit! Geser SL L2 ke BE 4310
[14:07:53 WIB 2026-09-03] *** TP1 KENA *** harga=4426.70 — L1 profit! Geser SL L2 ke BE 4310
[14:08:53 WIB 2026-09-03] *** TP1 KENA *** harga=4424.92 — L1 profit! Geser SL L2 ke BE 4310
[14:09:53 WIB 2026-09-03] *** TP1 KENA *** harga=4424.90 — L1 profit! Geser SL L2 ke BE 4310
[14:10:53 WIB 2026-09-03] *** TP1 KENA *** harga=4424.22 — L1 profit! Geser SL L2 ke BE 4310
[14:11:53 WIB 2026-09-03] *** TP1 KENA *** harga=4423.69 — L1 profit! Geser SL L2 ke BE 4310
[14:12:53 WIB 2026-09-03] *** TP1 KENA *** harga=4423.76 — L1 profit! Geser SL L2 ke BE 4310
[14:13:54 WIB 2026-09-03] *** TP1 KENA *** harga=4422.51 — L1 profit! Geser SL L2 ke BE 4310
[14:14:54 WIB 2026-09-03] *** TP1 KENA *** harga=4422.18 — L1 profit! Geser SL L2 ke BE 4310
[14:15:54 WIB 2026-09-03] *** TP1 KENA *** harga=4421.82 — L1 profit! Geser SL L2 ke BE 4310
[14:16:54 WIB 2026-09-03] *** TP1 KENA *** harga=4425.00 — L1 profit! Geser SL L2 ke BE 4310
[14:17:54 WIB 2026-09-03] *** TP1 KENA *** harga=4423.09 — L1 profit! Geser SL L2 ke BE 4310
[14:18:54 WIB 2026-09-03] *** TP1 KENA *** harga=4423.21 — L1 profit! Geser SL L2 ke BE 4310
[14:19:54 WIB 2026-09-03] *** TP1 KENA *** harga=4426.22 — L1 profit! Geser SL L2 ke BE 4310
[14:20:54 WIB 2026-09-03] *** TP1 KENA *** harga=4426.24 — L1 profit! Geser SL L2 ke BE 4310
[14:21:54 WIB 2026-09-03] *** TP1 KENA *** harga=4425.22 — L1 profit! Geser SL L2 ke BE 4310
[14:22:54 WIB 2026-09-03] *** TP1 KENA *** harga=4426.56 — L1 profit! Geser SL L2 ke BE 4310
[14:23:54 WIB 2026-09-03] *** TP1 KENA *** harga=4429.35 — L1 profit! Geser SL L2 ke BE 4310
[14:24:54 WIB 2026-09-03] *** TP1 KENA *** harga=4428.80 — L1 profit! Geser SL L2 ke BE 4310
[14:25:54 WIB 2026-09-03] *** TP1 KENA *** harga=4427.70 — L1 profit! Geser SL L2 ke BE 4310
[14:26:54 WIB 2026-09-03] *** TP1 KENA *** harga=4426.37 — L1 profit! Geser SL L2 ke BE 4310
[14:27:54 WIB 2026-09-03] *** TP1 KENA *** harga=4427.80 — L1 profit! Geser SL L2 ke BE 4310
[14:28:54 WIB 2026-09-03] *** TP1 KENA *** harga=4428.41 — L1 profit! Geser SL L2 ke BE 4310
[14:29:54 WIB 2026-09-03] *** TP1 KENA *** harga=4427.10 — L1 profit! Geser SL L2 ke BE 4310
[14:30:54 WIB 2026-09-03] *** TP1 KENA *** harga=4427.65 — L1 profit! Geser SL L2 ke BE 4310
[14:31:54 WIB 2026-09-03] *** TP1 KENA *** harga=4427.98 — L1 profit! Geser SL L2 ke BE 4310
[14:32:54 WIB 2026-09-03] *** TP1 KENA *** harga=4428.19 — L1 profit! Geser SL L2 ke BE 4310
[14:33:54 WIB 2026-09-03] *** TP1 KENA *** harga=4427.54 — L1 profit! Geser SL L2 ke BE 4310
[14:34:54 WIB 2026-09-03] *** TP1 KENA *** harga=4427.54 — L1 profit! Geser SL L2 ke BE 4310
[14:35:54 WIB 2026-09-03] *** TP1 KENA *** harga=4425.85 — L1 profit! Geser SL L2 ke BE 4310
[14:36:54 WIB 2026-09-03] *** TP1 KENA *** harga=4425.44 — L1 profit! Geser SL L2 ke BE 4310
[14:37:54 WIB 2026-09-03] *** TP1 KENA *** harga=4425.49 — L1 profit! Geser SL L2 ke BE 4310
[14:38:54 WIB 2026-09-03] *** TP1 KENA *** harga=4427.63 — L1 profit! Geser SL L2 ke BE 4310
[14:39:54 WIB 2026-09-03] *** TP1 KENA *** harga=4428.03 — L1 profit! Geser SL L2 ke BE 4310
[14:40:54 WIB 2026-09-03] *** TP1 KENA *** harga=4429.16 — L1 profit! Geser SL L2 ke BE 4310
[14:41:54 WIB 2026-09-03] *** TP1 KENA *** harga=4430.43 — L1 profit! Geser SL L2 ke BE 4310
[14:42:54 WIB 2026-09-03] *** TP1 KENA *** harga=4428.20 — L1 profit! Geser SL L2 ke BE 4310
[14:43:54 WIB 2026-09-03] *** TP1 KENA *** harga=4428.17 — L1 profit! Geser SL L2 ke BE 4310
[14:44:54 WIB 2026-09-03] *** TP1 KENA *** harga=4427.54 — L1 profit! Geser SL L2 ke BE 4310
[14:45:54 WIB 2026-09-03] *** TP1 KENA *** harga=4427.53 — L1 profit! Geser SL L2 ke BE 4310
[14:46:54 WIB 2026-09-03] *** TP1 KENA *** harga=4428.51 — L1 profit! Geser SL L2 ke BE 4310
[14:47:54 WIB 2026-09-03] *** TP1 KENA *** harga=4426.74 — L1 profit! Geser SL L2 ke BE 4310
[14:48:54 WIB 2026-09-03] *** TP1 KENA *** harga=4424.82 — L1 profit! Geser SL L2 ke BE 4310
[14:49:54 WIB 2026-09-03] *** TP1 KENA *** harga=4427.80 — L1 profit! Geser SL L2 ke BE 4310
[14:50:54 WIB 2026-09-03] *** TP1 KENA *** harga=4426.20 — L1 profit! Geser SL L2 ke BE 4310
[14:51:54 WIB 2026-09-03] *** TP1 KENA *** harga=4425.65 — L1 profit! Geser SL L2 ke BE 4310
[14:52:54 WIB 2026-09-03] *** TP1 KENA *** harga=4426.11 — L1 profit! Geser SL L2 ke BE 4310
[14:53:54 WIB 2026-09-03] *** TP1 KENA *** harga=4428.17 — L1 profit! Geser SL L2 ke BE 4310
[14:54:54 WIB 2026-09-03] *** TP1 KENA *** harga=4430.52 — L1 profit! Geser SL L2 ke BE 4310
[14:55:54 WIB 2026-09-03] *** TP1 KENA *** harga=4428.85 — L1 profit! Geser SL L2 ke BE 4310
[14:56:54 WIB 2026-09-03] *** TP1 KENA *** harga=4429.15 — L1 profit! Geser SL L2 ke BE 4310
[14:57:54 WIB 2026-09-03] *** TP1 KENA *** harga=4428.74 — L1 profit! Geser SL L2 ke BE 4310
[14:58:54 WIB 2026-09-03] *** TP1 KENA *** harga=4429.17 — L1 profit! Geser SL L2 ke BE 4310
[14:59:54 WIB 2026-09-03] *** TP1 KENA *** harga=4429.17 — L1 profit! Geser SL L2 ke BE 4310
[15:00:54 WIB 2026-09-03] *** TP1 KENA *** harga=4429.42 — L1 profit! Geser SL L2 ke BE 4310
[15:01:54 WIB 2026-09-03] *** TP1 KENA *** harga=4429.78 — L1 profit! Geser SL L2 ke BE 4310
[15:02:54 WIB 2026-09-03] *** TP1 KENA *** harga=4429.05 — L1 profit! Geser SL L2 ke BE 4310
[15:03:54 WIB 2026-09-03] *** TP1 KENA *** harga=4435.98 — L1 profit! Geser SL L2 ke BE 4310
[15:04:54 WIB 2026-09-03] *** TP1 KENA *** harga=4436.59 — L1 profit! Geser SL L2 ke BE 4310
[15:05:54 WIB 2026-09-03] *** TP1 KENA *** harga=4440.59 — L1 profit! Geser SL L2 ke BE 4310
[15:06:54 WIB 2026-09-03] *** TP1 KENA *** harga=4441.26 — L1 profit! Geser SL L2 ke BE 4310
[15:07:54 WIB 2026-09-03] *** TP1 KENA *** harga=4442.84 — L1 profit! Geser SL L2 ke BE 4310
[15:08:54 WIB 2026-09-03] *** TP1 KENA *** harga=4438.82 — L1 profit! Geser SL L2 ke BE 4310
[15:09:54 WIB 2026-09-03] *** TP1 KENA *** harga=4436.30 — L1 profit! Geser SL L2 ke BE 4310
[15:10:54 WIB 2026-09-03] *** TP1 KENA *** harga=4435.06 — L1 profit! Geser SL L2 ke BE 4310
[15:11:54 WIB 2026-09-03] *** TP1 KENA *** harga=4433.95 — L1 profit! Geser SL L2 ke BE 4310
[15:12:54 WIB 2026-09-03] *** TP1 KENA *** harga=4434.09 — L1 profit! Geser SL L2 ke BE 4310
[15:13:54 WIB 2026-09-03] *** TP1 KENA *** harga=4432.47 — L1 profit! Geser SL L2 ke BE 4310
[15:14:54 WIB 2026-09-03] *** TP1 KENA *** harga=4431.64 — L1 profit! Geser SL L2 ke BE 4310
[15:15:54 WIB 2026-09-03] *** TP1 KENA *** harga=4432.17 — L1 profit! Geser SL L2 ke BE 4310
[15:16:54 WIB 2026-09-03] *** TP1 KENA *** harga=4433.44 — L1 profit! Geser SL L2 ke BE 4310
[15:17:55 WIB 2026-09-03] *** TP1 KENA *** harga=4435.63 — L1 profit! Geser SL L2 ke BE 4310
[15:18:54 WIB 2026-09-03] *** TP1 KENA *** harga=4434.95 — L1 profit! Geser SL L2 ke BE 4310
[15:19:55 WIB 2026-09-03] *** TP1 KENA *** harga=4438.19 — L1 profit! Geser SL L2 ke BE 4310
[15:20:55 WIB 2026-09-03] *** TP1 KENA *** harga=4437.63 — L1 profit! Geser SL L2 ke BE 4310
[15:21:55 WIB 2026-09-03] *** TP1 KENA *** harga=4438.81 — L1 profit! Geser SL L2 ke BE 4310
[15:22:55 WIB 2026-09-03] GUARD TF: chart tidak di M15 (interval bar 1440 mnt) — auto-set M15, siklus ini dilewati
[15:23:55 WIB 2026-09-03] GUARD TF: chart tidak di M15 (interval bar 60 mnt) — auto-set M15, siklus ini dilewati
[15:24:55 WIB 2026-09-03] *** TP1 KENA *** harga=4436.88 — L1 profit! Geser SL L2 ke BE 4310
[15:25:55 WIB 2026-09-03] *** TP1 KENA *** harga=4437.52 — L1 profit! Geser SL L2 ke BE 4310
[15:26:55 WIB 2026-09-03] *** TP1 KENA *** harga=4437.27 — L1 profit! Geser SL L2 ke BE 4310
[15:27:55 WIB 2026-09-03] *** TP1 KENA *** harga=4438.72 — L1 profit! Geser SL L2 ke BE 4310
[15:28:55 WIB 2026-09-03] *** TP1 KENA *** harga=4435.35 — L1 profit! Geser SL L2 ke BE 4310
[15:29:55 WIB 2026-09-03] *** TP1 KENA *** harga=4437.62 — L1 profit! Geser SL L2 ke BE 4310
[15:30:55 WIB 2026-09-03] *** TP1 KENA *** harga=4435.97 — L1 profit! Geser SL L2 ke BE 4310
[15:31:55 WIB 2026-09-03] *** TP1 KENA *** harga=4437.75 — L1 profit! Geser SL L2 ke BE 4310
[15:32:55 WIB 2026-09-03] *** TP1 KENA *** harga=4437.57 — L1 profit! Geser SL L2 ke BE 4310
[15:33:55 WIB 2026-09-03] *** TP1 KENA *** harga=4437.16 — L1 profit! Geser SL L2 ke BE 4310
[15:34:55 WIB 2026-09-03] *** TP1 KENA *** harga=4438.88 — L1 profit! Geser SL L2 ke BE 4310
[15:35:55 WIB 2026-09-03] *** TP1 KENA *** harga=4437.08 — L1 profit! Geser SL L2 ke BE 4310
[15:36:55 WIB 2026-09-03] *** TP1 KENA *** harga=4437.85 — L1 profit! Geser SL L2 ke BE 4310
[15:37:55 WIB 2026-09-03] *** TP1 KENA *** harga=4436.55 — L1 profit! Geser SL L2 ke BE 4310
[15:38:55 WIB 2026-09-03] *** TP1 KENA *** harga=4436.52 — L1 profit! Geser SL L2 ke BE 4310
[15:39:55 WIB 2026-09-03] *** TP1 KENA *** harga=4435.17 — L1 profit! Geser SL L2 ke BE 4310
[15:40:55 WIB 2026-09-03] *** TP1 KENA *** harga=4434.96 — L1 profit! Geser SL L2 ke BE 4310
[15:41:55 WIB 2026-09-03] *** TP1 KENA *** harga=4432.99 — L1 profit! Geser SL L2 ke BE 4310
[15:42:55 WIB 2026-09-03] *** TP1 KENA *** harga=4432.06 — L1 profit! Geser SL L2 ke BE 4310
[15:43:55 WIB 2026-09-03] *** TP1 KENA *** harga=4434.36 — L1 profit! Geser SL L2 ke BE 4310
[15:44:55 WIB 2026-09-03] *** TP1 KENA *** harga=4434.13 — L1 profit! Geser SL L2 ke BE 4310
[15:45:55 WIB 2026-09-03] *** TP1 KENA *** harga=4436.43 — L1 profit! Geser SL L2 ke BE 4310
[15:46:55 WIB 2026-09-03] *** TP1 KENA *** harga=4438.37 — L1 profit! Geser SL L2 ke BE 4310
[15:47:55 WIB 2026-09-03] *** TP1 KENA *** harga=4439.44 — L1 profit! Geser SL L2 ke BE 4310
[15:48:55 WIB 2026-09-03] *** TP1 KENA *** harga=4438.19 — L1 profit! Geser SL L2 ke BE 4310
[15:49:55 WIB 2026-09-03] *** TP1 KENA *** harga=4438.26 — L1 profit! Geser SL L2 ke BE 4310
[15:50:55 WIB 2026-09-03] *** TP1 KENA *** harga=4437.95 — L1 profit! Geser SL L2 ke BE 4310
[15:51:55 WIB 2026-09-03] *** TP1 KENA *** harga=4434.51 — L1 profit! Geser SL L2 ke BE 4310
[15:52:55 WIB 2026-09-03] *** TP1 KENA *** harga=4434.99 — L1 profit! Geser SL L2 ke BE 4310
[15:53:55 WIB 2026-09-03] *** TP1 KENA *** harga=4434.91 — L1 profit! Geser SL L2 ke BE 4310
[15:54:55 WIB 2026-09-03] *** TP1 KENA *** harga=4435.74 — L1 profit! Geser SL L2 ke BE 4310
[15:55:55 WIB 2026-09-03] *** TP1 KENA *** harga=4434.31 — L1 profit! Geser SL L2 ke BE 4310
[15:56:55 WIB 2026-09-03] *** TP1 KENA *** harga=4435.03 — L1 profit! Geser SL L2 ke BE 4310
[15:57:55 WIB 2026-09-03] *** TP1 KENA *** harga=4436.17 — L1 profit! Geser SL L2 ke BE 4310
[15:58:55 WIB 2026-09-03] *** TP1 KENA *** harga=4436.96 — L1 profit! Geser SL L2 ke BE 4310
[15:59:55 WIB 2026-09-03] *** TP1 KENA *** harga=4435.63 — L1 profit! Geser SL L2 ke BE 4310
[16:00:55 WIB 2026-09-03] *** TP1 KENA *** harga=4436.49 — L1 profit! Geser SL L2 ke BE 4310
[16:01:55 WIB 2026-09-03] *** TP1 KENA *** harga=4437.55 — L1 profit! Geser SL L2 ke BE 4310
[16:02:55 WIB 2026-09-03] *** TP1 KENA *** harga=4436.18 — L1 profit! Geser SL L2 ke BE 4310
[16:03:55 WIB 2026-09-03] *** TP1 KENA *** harga=4435.17 — L1 profit! Geser SL L2 ke BE 4310
[16:04:55 WIB 2026-09-03] *** TP1 KENA *** harga=4436.84 — L1 profit! Geser SL L2 ke BE 4310
[16:05:55 WIB 2026-09-03] *** TP1 KENA *** harga=4436.18 — L1 profit! Geser SL L2 ke BE 4310
[16:06:55 WIB 2026-09-03] *** TP1 KENA *** harga=4437.28 — L1 profit! Geser SL L2 ke BE 4310
[16:07:55 WIB 2026-09-03] *** TP1 KENA *** harga=4437.35 — L1 profit! Geser SL L2 ke BE 4310
[16:08:55 WIB 2026-09-03] *** TP1 KENA *** harga=4441.73 — L1 profit! Geser SL L2 ke BE 4310
[16:09:55 WIB 2026-09-03] *** TP1 KENA *** harga=4440.01 — L1 profit! Geser SL L2 ke BE 4310
[16:10:55 WIB 2026-09-03] *** TP1 KENA *** harga=4438.83 — L1 profit! Geser SL L2 ke BE 4310
[16:11:55 WIB 2026-09-03] *** TP1 KENA *** harga=4438.44 — L1 profit! Geser SL L2 ke BE 4310
[16:12:55 WIB 2026-09-03] *** TP1 KENA *** harga=4438.71 — L1 profit! Geser SL L2 ke BE 4310
[16:13:55 WIB 2026-09-03] *** TP1 KENA *** harga=4439.38 — L1 profit! Geser SL L2 ke BE 4310
[16:14:55 WIB 2026-09-03] *** TP1 KENA *** harga=4438.26 — L1 profit! Geser SL L2 ke BE 4310
[16:15:55 WIB 2026-09-03] *** TP1 KENA *** harga=4437.60 — L1 profit! Geser SL L2 ke BE 4310
[16:16:55 WIB 2026-09-03] *** TP1 KENA *** harga=4436.63 — L1 profit! Geser SL L2 ke BE 4310
[16:17:55 WIB 2026-09-03] GUARD TF: chart tidak di M15 (interval bar 60 mnt) — auto-set M15, siklus ini dilewati
[16:18:55 WIB 2026-09-03] *** TP1 KENA *** harga=4437.82 — L1 profit! Geser SL L2 ke BE 4310
[16:19:55 WIB 2026-09-03] *** TP1 KENA *** harga=4435.36 — L1 profit! Geser SL L2 ke BE 4310
[16:20:55 WIB 2026-09-03] *** TP1 KENA *** harga=4435.23 — L1 profit! Geser SL L2 ke BE 4310
[16:21:55 WIB 2026-09-03] *** TP1 KENA *** harga=4434.32 — L1 profit! Geser SL L2 ke BE 4310
[16:22:55 WIB 2026-09-03] *** TP1 KENA *** harga=4434.12 — L1 profit! Geser SL L2 ke BE 4310
[16:23:55 WIB 2026-09-03] *** TP1 KENA *** harga=4432.70 — L1 profit! Geser SL L2 ke BE 4310
[16:24:55 WIB 2026-09-03] *** TP1 KENA *** harga=4432.72 — L1 profit! Geser SL L2 ke BE 4310
[16:25:55 WIB 2026-09-03] *** TP1 KENA *** harga=4433.10 — L1 profit! Geser SL L2 ke BE 4310
[16:26:55 WIB 2026-09-03] *** TP1 KENA *** harga=4432.60 — L1 profit! Geser SL L2 ke BE 4310
[16:27:55 WIB 2026-09-03] *** TP1 KENA *** harga=4434.89 — L1 profit! Geser SL L2 ke BE 4310
[16:28:55 WIB 2026-09-03] *** TP1 KENA *** harga=4435.18 — L1 profit! Geser SL L2 ke BE 4310
[16:29:55 WIB 2026-09-03] *** TP1 KENA *** harga=4435.13 — L1 profit! Geser SL L2 ke BE 4310
[16:30:55 WIB 2026-09-03] *** TP1 KENA *** harga=4434.57 — L1 profit! Geser SL L2 ke BE 4310
[16:31:55 WIB 2026-09-03] *** TP1 KENA *** harga=4434.26 — L1 profit! Geser SL L2 ke BE 4310
[16:32:55 WIB 2026-09-03] *** TP1 KENA *** harga=4436.57 — L1 profit! Geser SL L2 ke BE 4310
[16:33:55 WIB 2026-09-03] *** TP1 KENA *** harga=4437.44 — L1 profit! Geser SL L2 ke BE 4310
[16:34:55 WIB 2026-09-03] *** TP1 KENA *** harga=4436.45 — L1 profit! Geser SL L2 ke BE 4310
[16:35:55 WIB 2026-09-03] *** TP1 KENA *** harga=4437.64 — L1 profit! Geser SL L2 ke BE 4310
[16:36:55 WIB 2026-09-03] *** TP1 KENA *** harga=4435.16 — L1 profit! Geser SL L2 ke BE 4310
[16:37:55 WIB 2026-09-03] *** TP1 KENA *** harga=4433.32 — L1 profit! Geser SL L2 ke BE 4310
[16:38:55 WIB 2026-09-03] *** TP1 KENA *** harga=4432.24 — L1 profit! Geser SL L2 ke BE 4310
[16:39:55 WIB 2026-09-03] *** TP1 KENA *** harga=4432.47 — L1 profit! Geser SL L2 ke BE 4310
[16:40:55 WIB 2026-09-03] *** TP1 KENA *** harga=4432.85 — L1 profit! Geser SL L2 ke BE 4310
[16:41:55 WIB 2026-09-03] *** TP1 KENA *** harga=4432.01 — L1 profit! Geser SL L2 ke BE 4310
[16:42:55 WIB 2026-09-03] *** TP1 KENA *** harga=4433.16 — L1 profit! Geser SL L2 ke BE 4310
[16:43:55 WIB 2026-09-03] *** TP1 KENA *** harga=4431.86 — L1 profit! Geser SL L2 ke BE 4310
[16:44:55 WIB 2026-09-03] *** TP1 KENA *** harga=4430.11 — L1 profit! Geser SL L2 ke BE 4310
[16:45:55 WIB 2026-09-03] *** TP1 KENA *** harga=4428.41 — L1 profit! Geser SL L2 ke BE 4310
[16:46:55 WIB 2026-09-03] *** TP1 KENA *** harga=4427.90 — L1 profit! Geser SL L2 ke BE 4310
[16:47:55 WIB 2026-09-03] *** TP1 KENA *** harga=4428.63 — L1 profit! Geser SL L2 ke BE 4310
[16:48:55 WIB 2026-09-03] *** TP1 KENA *** harga=4428.92 — L1 profit! Geser SL L2 ke BE 4310
[16:49:55 WIB 2026-09-03] *** TP1 KENA *** harga=4428.48 — L1 profit! Geser SL L2 ke BE 4310
[16:50:55 WIB 2026-09-03] *** TP1 KENA *** harga=4430.11 — L1 profit! Geser SL L2 ke BE 4310
[16:51:55 WIB 2026-09-03] *** TP1 KENA *** harga=4428.78 — L1 profit! Geser SL L2 ke BE 4310
[16:52:55 WIB 2026-09-03] *** TP1 KENA *** harga=4427.08 — L1 profit! Geser SL L2 ke BE 4310
[16:53:55 WIB 2026-09-03] *** TP1 KENA *** harga=4427.43 — L1 profit! Geser SL L2 ke BE 4310
[16:54:55 WIB 2026-09-03] *** TP1 KENA *** harga=4427.08 — L1 profit! Geser SL L2 ke BE 4310
[16:55:55 WIB 2026-09-03] *** TP1 KENA *** harga=4426.61 — L1 profit! Geser SL L2 ke BE 4310
[16:56:55 WIB 2026-09-03] *** TP1 KENA *** harga=4426.25 — L1 profit! Geser SL L2 ke BE 4310
[16:57:55 WIB 2026-09-03] *** TP1 KENA *** harga=4428.05 — L1 profit! Geser SL L2 ke BE 4310
[16:58:55 WIB 2026-09-03] *** TP1 KENA *** harga=4426.94 — L1 profit! Geser SL L2 ke BE 4310
[16:59:55 WIB 2026-09-03] *** TP1 KENA *** harga=4427.92 — L1 profit! Geser SL L2 ke BE 4310
[17:00:55 WIB 2026-09-03] *** TP1 KENA *** harga=4427.61 — L1 profit! Geser SL L2 ke BE 4310
[17:01:55 WIB 2026-09-03] *** TP1 KENA *** harga=4427.03 — L1 profit! Geser SL L2 ke BE 4310
[17:02:55 WIB 2026-09-03] *** TP1 KENA *** harga=4425.78 — L1 profit! Geser SL L2 ke BE 4310
[17:03:55 WIB 2026-09-03] *** TP1 KENA *** harga=4426.93 — L1 profit! Geser SL L2 ke BE 4310
[17:04:55 WIB 2026-09-03] *** TP1 KENA *** harga=4427.65 — L1 profit! Geser SL L2 ke BE 4310
[17:05:55 WIB 2026-09-03] *** TP1 KENA *** harga=4428.43 — L1 profit! Geser SL L2 ke BE 4310
[17:06:55 WIB 2026-09-03] *** TP1 KENA *** harga=4429.73 — L1 profit! Geser SL L2 ke BE 4310
[17:07:55 WIB 2026-09-03] *** TP1 KENA *** harga=4428.52 — L1 profit! Geser SL L2 ke BE 4310
[17:08:55 WIB 2026-09-03] *** TP1 KENA *** harga=4426.48 — L1 profit! Geser SL L2 ke BE 4310
[17:09:55 WIB 2026-09-03] *** TP1 KENA *** harga=4425.43 — L1 profit! Geser SL L2 ke BE 4310
[17:10:55 WIB 2026-09-03] *** TP1 KENA *** harga=4424.26 — L1 profit! Geser SL L2 ke BE 4310
[17:11:55 WIB 2026-09-03] *** TP1 KENA *** harga=4424.23 — L1 profit! Geser SL L2 ke BE 4310
[17:12:55 WIB 2026-09-03] *** TP1 KENA *** harga=4423.96 — L1 profit! Geser SL L2 ke BE 4310
[17:13:55 WIB 2026-09-03] *** TP1 KENA *** harga=4423.66 — L1 profit! Geser SL L2 ke BE 4310
[17:14:55 WIB 2026-09-03] *** TP1 KENA *** harga=4424.73 — L1 profit! Geser SL L2 ke BE 4310
[17:15:55 WIB 2026-09-03] *** TP1 KENA *** harga=4425.68 — L1 profit! Geser SL L2 ke BE 4310
[17:16:55 WIB 2026-09-03] *** TP1 KENA *** harga=4425.08 — L1 profit! Geser SL L2 ke BE 4310
[17:17:55 WIB 2026-09-03] *** TP1 KENA *** harga=4423.69 — L1 profit! Geser SL L2 ke BE 4310
[17:18:55 WIB 2026-09-03] *** TP1 KENA *** harga=4423.62 — L1 profit! Geser SL L2 ke BE 4310
[17:19:55 WIB 2026-09-03] *** TP1 KENA *** harga=4422.60 — L1 profit! Geser SL L2 ke BE 4310
[17:20:55 WIB 2026-09-03] *** TP1 KENA *** harga=4421.15 — L1 profit! Geser SL L2 ke BE 4310
[17:21:55 WIB 2026-09-03] *** TP1 KENA *** harga=4421.19 — L1 profit! Geser SL L2 ke BE 4310
[17:22:55 WIB 2026-09-03] *** TP1 KENA *** harga=4422.44 — L1 profit! Geser SL L2 ke BE 4310
[17:23:55 WIB 2026-09-03] *** TP1 KENA *** harga=4422.23 — L1 profit! Geser SL L2 ke BE 4310
[17:24:55 WIB 2026-09-03] *** TP1 KENA *** harga=4419.20 — L1 profit! Geser SL L2 ke BE 4310
[17:25:55 WIB 2026-09-03] *** TP1 KENA *** harga=4422.48 — L1 profit! Geser SL L2 ke BE 4310
[17:26:55 WIB 2026-09-03] *** TP1 KENA *** harga=4422.28 — L1 profit! Geser SL L2 ke BE 4310
[17:27:55 WIB 2026-09-03] *** TP1 KENA *** harga=4422.73 — L1 profit! Geser SL L2 ke BE 4310
[17:28:55 WIB 2026-09-03] *** TP1 KENA *** harga=4422.19 — L1 profit! Geser SL L2 ke BE 4310
[17:29:56 WIB 2026-09-03] *** TP1 KENA *** harga=4422.82 — L1 profit! Geser SL L2 ke BE 4310
[17:30:56 WIB 2026-09-03] *** TP1 KENA *** harga=4421.81 — L1 profit! Geser SL L2 ke BE 4310
[17:31:56 WIB 2026-09-03] *** TP1 KENA *** harga=4421.09 — L1 profit! Geser SL L2 ke BE 4310
[17:32:56 WIB 2026-09-03] *** TP1 KENA *** harga=4422.66 — L1 profit! Geser SL L2 ke BE 4310
[17:33:56 WIB 2026-09-03] *** TP1 KENA *** harga=4424.31 — L1 profit! Geser SL L2 ke BE 4310
[17:34:56 WIB 2026-09-03] *** TP1 KENA *** harga=4422.56 — L1 profit! Geser SL L2 ke BE 4310
[17:35:56 WIB 2026-09-03] *** TP1 KENA *** harga=4423.13 — L1 profit! Geser SL L2 ke BE 4310
[17:36:56 WIB 2026-09-03] *** TP1 KENA *** harga=4424.41 — L1 profit! Geser SL L2 ke BE 4310
[17:37:56 WIB 2026-09-03] *** TP1 KENA *** harga=4423.15 — L1 profit! Geser SL L2 ke BE 4310
[17:38:56 WIB 2026-09-03] *** TP1 KENA *** harga=4423.47 — L1 profit! Geser SL L2 ke BE 4310
[17:39:56 WIB 2026-09-03] *** TP1 KENA *** harga=4424.55 — L1 profit! Geser SL L2 ke BE 4310
[17:40:56 WIB 2026-09-03] *** TP1 KENA *** harga=4424.80 — L1 profit! Geser SL L2 ke BE 4310
[17:41:56 WIB 2026-09-03] *** TP1 KENA *** harga=4426.02 — L1 profit! Geser SL L2 ke BE 4310
[17:42:56 WIB 2026-09-03] *** TP1 KENA *** harga=4425.36 — L1 profit! Geser SL L2 ke BE 4310
[17:43:56 WIB 2026-09-03] *** TP1 KENA *** harga=4425.59 — L1 profit! Geser SL L2 ke BE 4310
[17:44:56 WIB 2026-09-03] GUARD TF: chart tidak di M15 (interval bar 60 mnt) — auto-set M15, siklus ini dilewati
[17:45:56 WIB 2026-09-03] *** TP1 KENA *** harga=4426.35 — L1 profit! Geser SL L2 ke BE 4310
[17:46:56 WIB 2026-09-03] *** TP1 KENA *** harga=4425.98 — L1 profit! Geser SL L2 ke BE 4310
[17:47:56 WIB 2026-09-03] *** TP1 KENA *** harga=4425.95 — L1 profit! Geser SL L2 ke BE 4310
[17:48:56 WIB 2026-09-03] *** TP1 KENA *** harga=4425.10 — L1 profit! Geser SL L2 ke BE 4310
[17:49:56 WIB 2026-09-03] *** TP1 KENA *** harga=4424.55 — L1 profit! Geser SL L2 ke BE 4310
[17:50:56 WIB 2026-09-03] *** TP1 KENA *** harga=4424.70 — L1 profit! Geser SL L2 ke BE 4310
[17:51:56 WIB 2026-09-03] *** TP1 KENA *** harga=4425.81 — L1 profit! Geser SL L2 ke BE 4310
[17:52:56 WIB 2026-09-03] *** TP1 KENA *** harga=4426.06 — L1 profit! Geser SL L2 ke BE 4310
[17:53:56 WIB 2026-09-03] *** TP1 KENA *** harga=4427.35 — L1 profit! Geser SL L2 ke BE 4310
[17:54:56 WIB 2026-09-03] *** TP1 KENA *** harga=4427.77 — L1 profit! Geser SL L2 ke BE 4310
[17:55:56 WIB 2026-09-03] *** TP1 KENA *** harga=4427.69 — L1 profit! Geser SL L2 ke BE 4310
[17:56:56 WIB 2026-09-03] *** TP1 KENA *** harga=4428.23 — L1 profit! Geser SL L2 ke BE 4310
[17:57:56 WIB 2026-09-03] *** TP1 KENA *** harga=4427.86 — L1 profit! Geser SL L2 ke BE 4310
[17:58:56 WIB 2026-09-03] *** TP1 KENA *** harga=4427.74 — L1 profit! Geser SL L2 ke BE 4310
[17:59:56 WIB 2026-09-03] *** TP1 KENA *** harga=4428.21 — L1 profit! Geser SL L2 ke BE 4310
[18:00:56 WIB 2026-09-03] *** TP1 KENA *** harga=4427.59 — L1 profit! Geser SL L2 ke BE 4310
[18:02:21 WIB 2026-09-03] *** TP1 KENA *** harga=4425.94 — L1 profit! Geser SL L2 ke BE 4310
[18:02:58 WIB 2026-09-03] *** TP1 KENA *** harga=4425.60 — L1 profit! Geser SL L2 ke BE 4310
[18:03:57 WIB 2026-09-03] *** TP1 KENA *** harga=4426.93 — L1 profit! Geser SL L2 ke BE 4310
[18:04:57 WIB 2026-09-03] *** TP1 KENA *** harga=4426.91 — L1 profit! Geser SL L2 ke BE 4310
[18:05:57 WIB 2026-09-03] *** TP1 KENA *** harga=4427.17 — L1 profit! Geser SL L2 ke BE 4310
[18:06:57 WIB 2026-09-03] *** TP1 KENA *** harga=4426.93 — L1 profit! Geser SL L2 ke BE 4310
[18:07:57 WIB 2026-09-03] *** TP1 KENA *** harga=4426.94 — L1 profit! Geser SL L2 ke BE 4310
[18:08:57 WIB 2026-09-03] *** TP1 KENA *** harga=4429.70 — L1 profit! Geser SL L2 ke BE 4310
[18:09:57 WIB 2026-09-03] *** TP1 KENA *** harga=4430.96 — L1 profit! Geser SL L2 ke BE 4310
[18:10:57 WIB 2026-09-03] *** TP1 KENA *** harga=4430.52 — L1 profit! Geser SL L2 ke BE 4310
[18:11:57 WIB 2026-09-03] *** TP1 KENA *** harga=4431.52 — L1 profit! Geser SL L2 ke BE 4310
[18:12:57 WIB 2026-09-03] *** TP1 KENA *** harga=4432.47 — L1 profit! Geser SL L2 ke BE 4310
[18:13:57 WIB 2026-09-03] *** TP1 KENA *** harga=4432.20 — L1 profit! Geser SL L2 ke BE 4310
[18:14:57 WIB 2026-09-03] *** TP1 KENA *** harga=4431.57 — L1 profit! Geser SL L2 ke BE 4310
[18:15:57 WIB 2026-09-03] *** TP1 KENA *** harga=4434.41 — L1 profit! Geser SL L2 ke BE 4310
[18:16:57 WIB 2026-09-03] *** TP1 KENA *** harga=4434.48 — L1 profit! Geser SL L2 ke BE 4310
[18:17:57 WIB 2026-09-03] *** TP1 KENA *** harga=4434.44 — L1 profit! Geser SL L2 ke BE 4310
[18:18:57 WIB 2026-09-03] *** TP1 KENA *** harga=4433.98 — L1 profit! Geser SL L2 ke BE 4310
[18:19:57 WIB 2026-09-03] *** TP1 KENA *** harga=4434.27 — L1 profit! Geser SL L2 ke BE 4310
[18:20:57 WIB 2026-09-03] *** TP1 KENA *** harga=4432.61 — L1 profit! Geser SL L2 ke BE 4310
[18:21:57 WIB 2026-09-03] *** TP1 KENA *** harga=4431.90 — L1 profit! Geser SL L2 ke BE 4310
[18:22:57 WIB 2026-09-03] *** TP1 KENA *** harga=4431.04 — L1 profit! Geser SL L2 ke BE 4310
[18:23:57 WIB 2026-09-03] *** TP1 KENA *** harga=4430.90 — L1 profit! Geser SL L2 ke BE 4310
[18:24:57 WIB 2026-09-03] *** TP1 KENA *** harga=4430.94 — L1 profit! Geser SL L2 ke BE 4310
[18:25:57 WIB 2026-09-03] *** TP1 KENA *** harga=4432.23 — L1 profit! Geser SL L2 ke BE 4310
[18:26:57 WIB 2026-09-03] *** TP1 KENA *** harga=4434.89 — L1 profit! Geser SL L2 ke BE 4310
[18:27:57 WIB 2026-09-03] *** TP1 KENA *** harga=4433.14 — L1 profit! Geser SL L2 ke BE 4310
[18:28:57 WIB 2026-09-03] *** TP1 KENA *** harga=4432.65 — L1 profit! Geser SL L2 ke BE 4310
[18:29:57 WIB 2026-09-03] *** TP1 KENA *** harga=4434.40 — L1 profit! Geser SL L2 ke BE 4310
[18:30:57 WIB 2026-09-03] *** TP1 KENA *** harga=4433.52 — L1 profit! Geser SL L2 ke BE 4310
[18:31:57 WIB 2026-09-03] *** TP1 KENA *** harga=4431.56 — L1 profit! Geser SL L2 ke BE 4310
[18:32:58 WIB 2026-09-03] *** TP1 KENA *** harga=4432.85 — L1 profit! Geser SL L2 ke BE 4310
[18:33:57 WIB 2026-09-03] *** TP1 KENA *** harga=4433.94 — L1 profit! Geser SL L2 ke BE 4310
[18:34:57 WIB 2026-09-03] *** TP1 KENA *** harga=4434.10 — L1 profit! Geser SL L2 ke BE 4310
[18:35:57 WIB 2026-09-03] *** TP1 KENA *** harga=4434.54 — L1 profit! Geser SL L2 ke BE 4310
[18:36:57 WIB 2026-09-03] *** TP1 KENA *** harga=4436.61 — L1 profit! Geser SL L2 ke BE 4310
[18:37:58 WIB 2026-09-03] *** TP1 KENA *** harga=4435.05 — L1 profit! Geser SL L2 ke BE 4310
[18:38:57 WIB 2026-09-03] *** TP1 KENA *** harga=4434.85 — L1 profit! Geser SL L2 ke BE 4310
[18:39:57 WIB 2026-09-03] *** TP1 KENA *** harga=4435.78 — L1 profit! Geser SL L2 ke BE 4310
[18:40:58 WIB 2026-09-03] *** TP1 KENA *** harga=4437.17 — L1 profit! Geser SL L2 ke BE 4310
[18:41:57 WIB 2026-09-03] *** TP1 KENA *** harga=4437.19 — L1 profit! Geser SL L2 ke BE 4310
[18:42:58 WIB 2026-09-03] *** TP1 KENA *** harga=4438.74 — L1 profit! Geser SL L2 ke BE 4310
[18:43:57 WIB 2026-09-03] *** TP1 KENA *** harga=4439.30 — L1 profit! Geser SL L2 ke BE 4310
[18:44:57 WIB 2026-09-03] *** TP1 KENA *** harga=4438.42 — L1 profit! Geser SL L2 ke BE 4310
[18:45:57 WIB 2026-09-03] *** TP1 KENA *** harga=4440.20 — L1 profit! Geser SL L2 ke BE 4310
[18:46:57 WIB 2026-09-03] *** TP1 KENA *** harga=4439.03 — L1 profit! Geser SL L2 ke BE 4310
[18:47:58 WIB 2026-09-03] *** TP1 KENA *** harga=4438.66 — L1 profit! Geser SL L2 ke BE 4310
[18:48:57 WIB 2026-09-03] *** TP1 KENA *** harga=4437.21 — L1 profit! Geser SL L2 ke BE 4310
[18:49:57 WIB 2026-09-03] GUARD TF: chart tidak di M15 (interval bar 240 mnt) — auto-set M15, siklus ini dilewati
[18:50:58 WIB 2026-09-03] *** TP1 KENA *** harga=4439.06 — L1 profit! Geser SL L2 ke BE 4310
[18:51:58 WIB 2026-09-03] *** TP1 KENA *** harga=4439.61 — L1 profit! Geser SL L2 ke BE 4310
[18:52:58 WIB 2026-09-03] *** TP1 KENA *** harga=4441.35 — L1 profit! Geser SL L2 ke BE 4310
[18:53:58 WIB 2026-09-03] *** TP1 KENA *** harga=4439.64 — L1 profit! Geser SL L2 ke BE 4310
[18:54:58 WIB 2026-09-03] *** TP1 KENA *** harga=4440.17 — L1 profit! Geser SL L2 ke BE 4310
[18:55:58 WIB 2026-09-03] *** TP1 KENA *** harga=4440.98 — L1 profit! Geser SL L2 ke BE 4310
[18:56:58 WIB 2026-09-03] *** TP1 KENA *** harga=4441.98 — L1 profit! Geser SL L2 ke BE 4310
[18:57:58 WIB 2026-09-03] *** TP1 KENA *** harga=4442.35 — L1 profit! Geser SL L2 ke BE 4310
[18:58:58 WIB 2026-09-03] *** TP1 KENA *** harga=4444.01 — L1 profit! Geser SL L2 ke BE 4310
[18:59:58 WIB 2026-09-03] *** TP1 KENA *** harga=4444.53 — L1 profit! Geser SL L2 ke BE 4310
[19:00:58 WIB 2026-09-03] *** TP1 KENA *** harga=4443.02 — L1 profit! Geser SL L2 ke BE 4310
[19:01:58 WIB 2026-09-03] *** TP1 KENA *** harga=4443.77 — L1 profit! Geser SL L2 ke BE 4310
[19:02:58 WIB 2026-09-03] *** TP1 KENA *** harga=4445.28 — L1 profit! Geser SL L2 ke BE 4310
[19:03:58 WIB 2026-09-03] *** TP1 KENA *** harga=4448.15 — L1 profit! Geser SL L2 ke BE 4310
[19:04:58 WIB 2026-09-03] *** TP1 KENA *** harga=4447.81 — L1 profit! Geser SL L2 ke BE 4310
[19:05:58 WIB 2026-09-03] *** TP1 KENA *** harga=4448.56 — L1 profit! Geser SL L2 ke BE 4310
[19:06:58 WIB 2026-09-03] *** TP1 KENA *** harga=4446.84 — L1 profit! Geser SL L2 ke BE 4310
[19:07:58 WIB 2026-09-03] *** TP1 KENA *** harga=4445.45 — L1 profit! Geser SL L2 ke BE 4310
[19:08:58 WIB 2026-09-03] *** TP1 KENA *** harga=4446.60 — L1 profit! Geser SL L2 ke BE 4310
[19:09:58 WIB 2026-09-03] *** TP1 KENA *** harga=4447.88 — L1 profit! Geser SL L2 ke BE 4310
[19:10:58 WIB 2026-09-03] *** TP1 KENA *** harga=4449.73 — L1 profit! Geser SL L2 ke BE 4310
[19:11:58 WIB 2026-09-03] *** TP1 KENA *** harga=4447.47 — L1 profit! Geser SL L2 ke BE 4310
[19:12:58 WIB 2026-09-03] *** TP1 KENA *** harga=4444.27 — L1 profit! Geser SL L2 ke BE 4310
[19:13:58 WIB 2026-09-03] *** TP1 KENA *** harga=4444.48 — L1 profit! Geser SL L2 ke BE 4310
[19:14:58 WIB 2026-09-03] *** TP1 KENA *** harga=4444.52 — L1 profit! Geser SL L2 ke BE 4310
[19:15:58 WIB 2026-09-03] *** TP1 KENA *** harga=4444.05 — L1 profit! Geser SL L2 ke BE 4310
[19:16:58 WIB 2026-09-03] *** TP1 KENA *** harga=4441.88 — L1 profit! Geser SL L2 ke BE 4310
[19:17:59 WIB 2026-09-03] *** TP1 KENA *** harga=4441.52 — L1 profit! Geser SL L2 ke BE 4310
[19:18:58 WIB 2026-09-03] *** TP1 KENA *** harga=4443.39 — L1 profit! Geser SL L2 ke BE 4310
[19:19:58 WIB 2026-09-03] *** TP1 KENA *** harga=4441.68 — L1 profit! Geser SL L2 ke BE 4310
[19:20:58 WIB 2026-09-03] *** TP1 KENA *** harga=4438.98 — L1 profit! Geser SL L2 ke BE 4310
[19:21:58 WIB 2026-09-03] GUARD TF: chart tidak di M15 (interval bar 240 mnt) — auto-set M15, siklus ini dilewati
[19:22:58 WIB 2026-09-03] *** TP1 KENA *** harga=4442.07 — L1 profit! Geser SL L2 ke BE 4310
[19:23:58 WIB 2026-09-03] *** TP1 KENA *** harga=4445.98 — L1 profit! Geser SL L2 ke BE 4310
[19:24:58 WIB 2026-09-03] *** TP1 KENA *** harga=4449.03 — L1 profit! Geser SL L2 ke BE 4310
[19:25:58 WIB 2026-09-03] *** TP1 KENA *** harga=4447.33 — L1 profit! Geser SL L2 ke BE 4310
[19:26:58 WIB 2026-09-03] *** TP1 KENA *** harga=4448.60 — L1 profit! Geser SL L2 ke BE 4310
[19:27:58 WIB 2026-09-03] *** TP1 KENA *** harga=4448.12 — L1 profit! Geser SL L2 ke BE 4310
[19:28:58 WIB 2026-09-03] *** TP1 KENA *** harga=4447.13 — L1 profit! Geser SL L2 ke BE 4310
[19:29:58 WIB 2026-09-03] *** TP1 KENA *** harga=4447.07 — L1 profit! Geser SL L2 ke BE 4310
[19:30:58 WIB 2026-09-03] *** TP2 KENA *** harga=4458.09 — L2 full profit!
[19:31:58 WIB 2026-09-03] *** TP2 KENA *** harga=4465.85 — L2 full profit!
[19:32:58 WIB 2026-09-03] *** TP2 KENA *** harga=4465.46 — L2 full profit!
[19:33:58 WIB 2026-09-03] *** TP2 KENA *** harga=4468.76 — L2 full profit!
[19:34:58 WIB 2026-09-03] *** TP2 KENA *** harga=4465.49 — L2 full profit!
[19:35:58 WIB 2026-09-03] *** TP2 KENA *** harga=4460.10 — L2 full profit!
[19:36:58 WIB 2026-09-03] *** TP2 KENA *** harga=4465.23 — L2 full profit!
[19:37:58 WIB 2026-09-03] GUARD TF: chart tidak di M15 (interval bar 1440 mnt) — auto-set M15, siklus ini dilewati
[19:38:58 WIB 2026-09-03] GUARD TF: chart tidak di M15 (interval bar 60 mnt) — auto-set M15, siklus ini dilewati
[19:39:58 WIB 2026-09-03] *** TP2 KENA *** harga=4476.00 — L2 full profit!
[19:40:58 WIB 2026-09-03] *** TP2 KENA *** harga=4475.66 — L2 full profit!
[19:41:58 WIB 2026-09-03] *** TP2 KENA *** harga=4466.59 — L2 full profit!
[19:42:58 WIB 2026-09-03] *** TP2 KENA *** harga=4467.82 — L2 full profit!
[19:43:58 WIB 2026-09-03] *** TP2 KENA *** harga=4466.21 — L2 full profit!
[19:44:58 WIB 2026-09-03] *** TP2 KENA *** harga=4468.07 — L2 full profit!
[19:45:58 WIB 2026-09-03] *** TP2 KENA *** harga=4467.53 — L2 full profit!
[19:46:58 WIB 2026-09-03] *** TP2 KENA *** harga=4473.06 — L2 full profit!
[19:47:58 WIB 2026-09-03] *** TP2 KENA *** harga=4475.27 — L2 full profit!
[19:48:58 WIB 2026-09-03] *** TP2 KENA *** harga=4479.13 — L2 full profit!
[19:49:58 WIB 2026-09-03] *** TP2 KENA *** harga=4478.85 — L2 full profit!
[19:50:58 WIB 2026-09-03] *** TP2 KENA *** harga=4480.81 — L2 full profit!
[19:51:58 WIB 2026-09-03] *** TP2 KENA *** harga=4481.56 — L2 full profit!
[19:52:58 WIB 2026-09-03] *** TP2 KENA *** harga=4486.13 — L2 full profit!
[19:53:58 WIB 2026-09-03] *** TP2 KENA *** harga=4487.72 — L2 full profit!
[19:54:58 WIB 2026-09-03] *** TP2 KENA *** harga=4491.41 — L2 full profit!
[19:55:58 WIB 2026-09-03] *** TP2 KENA *** harga=4494.01 — L2 full profit!
[19:56:58 WIB 2026-09-03] *** TP2 KENA *** harga=4492.28 — L2 full profit!
[19:57:58 WIB 2026-09-03] *** TP2 KENA *** harga=4491.78 — L2 full profit!
[19:58:58 WIB 2026-09-03] *** TP2 KENA *** harga=4493.65 — L2 full profit!
[19:59:58 WIB 2026-09-03] *** TP2 KENA *** harga=4493.03 — L2 full profit!
[20:00:58 WIB 2026-09-03] *** TP2 KENA *** harga=4490.44 — L2 full profit!
[20:01:58 WIB 2026-09-03] *** TP2 KENA *** harga=4494.12 — L2 full profit!
[20:02:58 WIB 2026-09-03] *** TP2 KENA *** harga=4489.34 — L2 full profit!
[20:03:58 WIB 2026-09-03] *** TP2 KENA *** harga=4493.32 — L2 full profit!
[20:04:58 WIB 2026-09-03] *** TP2 KENA *** harga=4489.63 — L2 full profit!
[20:05:58 WIB 2026-09-03] *** TP2 KENA *** harga=4490.84 — L2 full profit!
[20:06:58 WIB 2026-09-03] *** TP2 KENA *** harga=4488.92 — L2 full profit!
[20:07:58 WIB 2026-09-03] *** TP2 KENA *** harga=4489.81 — L2 full profit!
[20:08:58 WIB 2026-09-03] *** TP2 KENA *** harga=4492.06 — L2 full profit!
[20:09:58 WIB 2026-09-03] *** TP2 KENA *** harga=4488.96 — L2 full profit!
[20:10:58 WIB 2026-09-03] *** TP2 KENA *** harga=4486.86 — L2 full profit!
[20:11:58 WIB 2026-09-03] *** TP2 KENA *** harga=4487.94 — L2 full profit!
[20:12:58 WIB 2026-09-03] *** TP2 KENA *** harga=4486.98 — L2 full profit!
[20:13:58 WIB 2026-09-03] *** TP2 KENA *** harga=4485.77 — L2 full profit!
[20:14:58 WIB 2026-09-03] *** TP2 KENA *** harga=4487.21 — L2 full profit!
[20:15:58 WIB 2026-09-03] GUARD TF: chart tidak di M15 (interval bar 240 mnt) — auto-set M15, siklus ini dilewati
[20:16:58 WIB 2026-09-03] *** TP2 KENA *** harga=4483.80 — L2 full profit!
[20:17:58 WIB 2026-09-03] *** TP2 KENA *** harga=4481.68 — L2 full profit!
[20:18:58 WIB 2026-09-03] *** TP2 KENA *** harga=4479.89 — L2 full profit!
[20:19:58 WIB 2026-09-03] *** TP2 KENA *** harga=4479.51 — L2 full profit!
[20:20:58 WIB 2026-09-03] *** TP2 KENA *** harga=4479.63 — L2 full profit!
[20:21:58 WIB 2026-09-03] *** TP2 KENA *** harga=4479.45 — L2 full profit!
[20:22:58 WIB 2026-09-03] *** TP2 KENA *** harga=4482.92 — L2 full profit!
[20:23:58 WIB 2026-09-03] *** TP2 KENA *** harga=4482.41 — L2 full profit!
[20:24:58 WIB 2026-09-03] *** TP2 KENA *** harga=4481.94 — L2 full profit!
[20:25:58 WIB 2026-09-03] *** TP2 KENA *** harga=4479.31 — L2 full profit!
[20:26:58 WIB 2026-09-03] *** TP2 KENA *** harga=4478.31 — L2 full profit!
[20:27:59 WIB 2026-09-03] *** TP2 KENA *** harga=4478.98 — L2 full profit!
[20:28:59 WIB 2026-09-03] *** TP2 KENA *** harga=4479.56 — L2 full profit!
[20:29:59 WIB 2026-09-03] *** TP2 KENA *** harga=4480.40 — L2 full profit!
[20:30:59 WIB 2026-09-03] *** TP2 KENA *** harga=4476.65 — L2 full profit!
[20:31:59 WIB 2026-09-03] *** TP2 KENA *** harga=4476.26 — L2 full profit!
[20:32:59 WIB 2026-09-03] *** TP2 KENA *** harga=4479.11 — L2 full profit!
[20:33:59 WIB 2026-09-03] *** TP2 KENA *** harga=4482.27 — L2 full profit!
[20:34:59 WIB 2026-09-03] *** TP2 KENA *** harga=4478.28 — L2 full profit!
[20:35:59 WIB 2026-09-03] *** TP2 KENA *** harga=4478.98 — L2 full profit!
[20:36:59 WIB 2026-09-03] *** TP2 KENA *** harga=4474.50 — L2 full profit!
[20:37:59 WIB 2026-09-03] *** TP2 KENA *** harga=4474.96 — L2 full profit!
[20:38:59 WIB 2026-09-03] *** TP2 KENA *** harga=4475.64 — L2 full profit!
[20:39:59 WIB 2026-09-03] *** TP2 KENA *** harga=4475.18 — L2 full profit!
[20:40:59 WIB 2026-09-03] *** TP2 KENA *** harga=4471.35 — L2 full profit!
[20:41:59 WIB 2026-09-03] *** TP2 KENA *** harga=4471.86 — L2 full profit!
[20:42:59 WIB 2026-09-03] *** TP2 KENA *** harga=4470.93 — L2 full profit!
[20:43:59 WIB 2026-09-03] *** TP2 KENA *** harga=4472.26 — L2 full profit!
[20:44:59 WIB 2026-09-03] *** TP2 KENA *** harga=4470.31 — L2 full profit!
[20:45:59 WIB 2026-09-03] *** TP2 KENA *** harga=4465.86 — L2 full profit!
[20:46:59 WIB 2026-09-03] *** TP2 KENA *** harga=4463.59 — L2 full profit!
[20:47:52 WIB 2026-09-03] *** TP2 KENA *** harga=4460.85 — L2 full profit!
[20:48:52 WIB 2026-09-03] *** TP2 KENA *** harga=4459.40 — L2 full profit!
[20:49:52 WIB 2026-09-03] *** TP2 KENA *** harga=4458.02 — L2 full profit!
[20:50:52 WIB 2026-09-03] *** TP2 KENA *** harga=4461.14 — L2 full profit!
[20:51:52 WIB 2026-09-03] *** TP2 KENA *** harga=4461.51 — L2 full profit!
[20:52:52 WIB 2026-09-03] *** TP2 KENA *** harga=4463.18 — L2 full profit!
[20:53:52 WIB 2026-09-03] *** TP2 KENA *** harga=4462.93 — L2 full profit!
[20:54:52 WIB 2026-09-03] *** TP2 KENA *** harga=4461.16 — L2 full profit!
[20:55:52 WIB 2026-09-03] *** TP2 KENA *** harga=4464.89 — L2 full profit!
[20:56:52 WIB 2026-09-03] *** TP2 KENA *** harga=4467.15 — L2 full profit!
[20:57:52 WIB 2026-09-03] *** TP2 KENA *** harga=4464.64 — L2 full profit!
[20:58:52 WIB 2026-09-03] *** TP2 KENA *** harga=4465.85 — L2 full profit!
[20:59:52 WIB 2026-09-03] *** TP2 KENA *** harga=4470.16 — L2 full profit!
[21:00:52 WIB 2026-09-03] *** TP2 KENA *** harga=4466.07 — L2 full profit!
[21:01:52 WIB 2026-09-03] GUARD TF: chart tidak di M15 (interval bar 60 mnt) — auto-set M15, siklus ini dilewati
[21:02:52 WIB 2026-09-03] *** TP2 KENA *** harga=4464.50 — L2 full profit!
[21:03:52 WIB 2026-09-03] *** TP2 KENA *** harga=4467.68 — L2 full profit!
[21:04:52 WIB 2026-09-03] *** TP2 KENA *** harga=4467.07 — L2 full profit!
[21:05:52 WIB 2026-09-03] *** TP2 KENA *** harga=4466.03 — L2 full profit!
[21:06:52 WIB 2026-09-03] *** TP2 KENA *** harga=4469.43 — L2 full profit!
[21:07:52 WIB 2026-09-03] *** TP2 KENA *** harga=4472.53 — L2 full profit!
[21:08:52 WIB 2026-09-03] *** TP2 KENA *** harga=4466.53 — L2 full profit!
[21:09:52 WIB 2026-09-03] *** TP2 KENA *** harga=4463.48 — L2 full profit!
[21:10:52 WIB 2026-09-03] *** TP2 KENA *** harga=4463.28 — L2 full profit!
[21:11:52 WIB 2026-09-03] *** TP2 KENA *** harga=4465.45 — L2 full profit!
[21:12:52 WIB 2026-09-03] *** TP2 KENA *** harga=4467.71 — L2 full profit!
[21:13:52 WIB 2026-09-03] *** TP2 KENA *** harga=4468.93 — L2 full profit!
[21:14:52 WIB 2026-09-03] *** TP2 KENA *** harga=4466.39 — L2 full profit!
[21:15:52 WIB 2026-09-03] *** TP2 KENA *** harga=4472.27 — L2 full profit!
[21:16:52 WIB 2026-09-03] *** TP2 KENA *** harga=4474.09 — L2 full profit!
[21:17:52 WIB 2026-09-03] *** TP2 KENA *** harga=4475.31 — L2 full profit!
[21:18:52 WIB 2026-09-03] *** TP2 KENA *** harga=4474.70 — L2 full profit!
[21:19:52 WIB 2026-09-03] *** TP2 KENA *** harga=4476.94 — L2 full profit!
[21:20:52 WIB 2026-09-03] *** TP2 KENA *** harga=4479.33 — L2 full profit!
[21:21:52 WIB 2026-09-03] *** TP2 KENA *** harga=4479.49 — L2 full profit!
[21:22:52 WIB 2026-09-03] *** TP2 KENA *** harga=4473.81 — L2 full profit!
[21:23:52 WIB 2026-09-03] *** TP2 KENA *** harga=4475.65 — L2 full profit!
[21:24:52 WIB 2026-09-03] *** TP2 KENA *** harga=4475.61 — L2 full profit!
[21:25:52 WIB 2026-09-03] *** TP2 KENA *** harga=4474.16 — L2 full profit!
[21:26:52 WIB 2026-09-03] *** TP2 KENA *** harga=4471.72 — L2 full profit!
[21:27:52 WIB 2026-09-03] *** TP2 KENA *** harga=4473.73 — L2 full profit!
[21:28:52 WIB 2026-09-03] *** TP2 KENA *** harga=4473.85 — L2 full profit!
[21:29:52 WIB 2026-09-03] *** TP2 KENA *** harga=4477.73 — L2 full profit!
[21:30:52 WIB 2026-09-03] *** TP2 KENA *** harga=4479.64 — L2 full profit!
[21:31:52 WIB 2026-09-03] *** TP2 KENA *** harga=4477.76 — L2 full profit!
[21:32:52 WIB 2026-09-03] *** TP2 KENA *** harga=4477.16 — L2 full profit!
[21:33:52 WIB 2026-09-03] *** TP2 KENA *** harga=4475.81 — L2 full profit!
[21:34:52 WIB 2026-09-03] *** TP2 KENA *** harga=4471.73 — L2 full profit!
[21:35:52 WIB 2026-09-03] *** TP2 KENA *** harga=4472.30 — L2 full profit!
[21:36:52 WIB 2026-09-03] *** TP2 KENA *** harga=4471.72 — L2 full profit!
[21:37:52 WIB 2026-09-03] *** TP2 KENA *** harga=4470.02 — L2 full profit!
[21:38:52 WIB 2026-09-03] *** TP2 KENA *** harga=4473.16 — L2 full profit!
[21:39:52 WIB 2026-09-03] *** TP2 KENA *** harga=4470.84 — L2 full profit!
[21:40:52 WIB 2026-09-03] *** TP2 KENA *** harga=4466.95 — L2 full profit!
[21:41:52 WIB 2026-09-03] *** TP2 KENA *** harga=4468.40 — L2 full profit!
[21:42:52 WIB 2026-09-03] *** TP2 KENA *** harga=4470.89 — L2 full profit!
[21:43:52 WIB 2026-09-03] *** TP2 KENA *** harga=4473.90 — L2 full profit!
[21:44:52 WIB 2026-09-03] *** TP2 KENA *** harga=4473.63 — L2 full profit!
[21:45:52 WIB 2026-09-03] *** TP2 KENA *** harga=4474.55 — L2 full profit!
[21:46:52 WIB 2026-09-03] *** TP2 KENA *** harga=4475.68 — L2 full profit!
[21:47:52 WIB 2026-09-03] *** TP2 KENA *** harga=4478.90 — L2 full profit!
[21:48:52 WIB 2026-09-03] *** TP2 KENA *** harga=4475.96 — L2 full profit!
[21:49:52 WIB 2026-09-03] *** TP2 KENA *** harga=4474.09 — L2 full profit!
[21:50:52 WIB 2026-09-03] *** TP2 KENA *** harga=4478.04 — L2 full profit!
[21:51:52 WIB 2026-09-03] *** TP2 KENA *** harga=4476.31 — L2 full profit!
[21:52:52 WIB 2026-09-03] *** TP2 KENA *** harga=4476.62 — L2 full profit!
[21:53:52 WIB 2026-09-03] *** TP2 KENA *** harga=4476.77 — L2 full profit!
[21:54:52 WIB 2026-09-03] *** TP2 KENA *** harga=4476.13 — L2 full profit!
[21:55:52 WIB 2026-09-03] *** TP2 KENA *** harga=4477.67 — L2 full profit!
[21:56:52 WIB 2026-09-03] *** TP2 KENA *** harga=4476.10 — L2 full profit!
[21:57:52 WIB 2026-09-03] *** TP2 KENA *** harga=4480.54 — L2 full profit!
[21:58:52 WIB 2026-09-03] *** TP2 KENA *** harga=4482.13 — L2 full profit!
[21:59:52 WIB 2026-09-03] *** TP2 KENA *** harga=4483.90 — L2 full profit!
[22:00:52 WIB 2026-09-03] *** TP2 KENA *** harga=4485.72 — L2 full profit!
[22:01:52 WIB 2026-09-03] *** TP2 KENA *** harga=4492.06 — L2 full profit!
[22:02:52 WIB 2026-09-03] *** TP2 KENA *** harga=4492.02 — L2 full profit!
[22:03:52 WIB 2026-09-03] *** TP2 KENA *** harga=4493.76 — L2 full profit!
[22:04:52 WIB 2026-09-03] *** TP2 KENA *** harga=4499.16 — L2 full profit!
[22:05:52 WIB 2026-09-03] *** TP2 KENA *** harga=4499.18 — L2 full profit!
[22:06:53 WIB 2026-09-03] *** TP2 KENA *** harga=4498.48 — L2 full profit!
[22:07:53 WIB 2026-09-03] *** TP2 KENA *** harga=4498.17 — L2 full profit!
[22:08:53 WIB 2026-09-03] *** TP2 KENA *** harga=4503.02 — L2 full profit!
[22:09:53 WIB 2026-09-03] *** TP2 KENA *** harga=4498.81 — L2 full profit!
[22:10:53 WIB 2026-09-03] *** TP2 KENA *** harga=4496.60 — L2 full profit!
[22:11:53 WIB 2026-09-03] GUARD TF: chart tidak di M15 (interval bar 240 mnt) — auto-set M15, siklus ini dilewati
[22:12:53 WIB 2026-09-03] *** TP2 KENA *** harga=4497.78 — L2 full profit!
[22:13:53 WIB 2026-09-03] *** TP2 KENA *** harga=4497.31 — L2 full profit!
[22:14:53 WIB 2026-09-03] *** TP2 KENA *** harga=4503.94 — L2 full profit!
[22:15:53 WIB 2026-09-03] *** TP2 KENA *** harga=4504.33 — L2 full profit!
[22:16:53 WIB 2026-09-03] *** TP2 KENA *** harga=4503.59 — L2 full profit!
[22:17:53 WIB 2026-09-03] *** TP2 KENA *** harga=4504.47 — L2 full profit!
[22:18:53 WIB 2026-09-03] *** TP2 KENA *** harga=4507.30 — L2 full profit!
[22:19:53 WIB 2026-09-03] *** TP2 KENA *** harga=4510.49 — L2 full profit!
[22:20:53 WIB 2026-09-03] *** TP2 KENA *** harga=4509.45 — L2 full profit!
[22:21:53 WIB 2026-09-03] *** TP2 KENA *** harga=4506.82 — L2 full profit!
[22:22:53 WIB 2026-09-03] *** TP2 KENA *** harga=4506.06 — L2 full profit!
[22:23:53 WIB 2026-09-03] *** TP2 KENA *** harga=4505.87 — L2 full profit!
[22:24:53 WIB 2026-09-03] *** TP2 KENA *** harga=4505.88 — L2 full profit!
[22:25:53 WIB 2026-09-03] *** TP2 KENA *** harga=4506.29 — L2 full profit!
[22:26:53 WIB 2026-09-03] *** TP2 KENA *** harga=4507.82 — L2 full profit!
[22:27:53 WIB 2026-09-03] *** TP2 KENA *** harga=4505.30 — L2 full profit!
[22:28:53 WIB 2026-09-03] *** TP2 KENA *** harga=4505.57 — L2 full profit!
[22:29:53 WIB 2026-09-03] *** TP2 KENA *** harga=4506.98 — L2 full profit!
[22:30:53 WIB 2026-09-03] *** TP2 KENA *** harga=4507.68 — L2 full profit!
[22:31:53 WIB 2026-09-03] *** TP2 KENA *** harga=4504.94 — L2 full profit!
[22:32:53 WIB 2026-09-03] *** TP2 KENA *** harga=4502.26 — L2 full profit!
[22:33:53 WIB 2026-09-03] *** TP2 KENA *** harga=4500.74 — L2 full profit!
[22:34:53 WIB 2026-09-03] *** TP2 KENA *** harga=4502.31 — L2 full profit!
[22:35:53 WIB 2026-09-03] *** TP2 KENA *** harga=4502.14 — L2 full profit!
[22:36:53 WIB 2026-09-03] *** TP2 KENA *** harga=4501.64 — L2 full profit!
[22:37:53 WIB 2026-09-03] *** TP2 KENA *** harga=4502.20 — L2 full profit!
[22:38:53 WIB 2026-09-03] *** TP2 KENA *** harga=4498.71 — L2 full profit!
[22:39:53 WIB 2026-09-03] *** TP2 KENA *** harga=4496.45 — L2 full profit!
[22:40:53 WIB 2026-09-03] *** TP2 KENA *** harga=4496.96 — L2 full profit!
[22:41:53 WIB 2026-09-03] *** TP2 KENA *** harga=4497.12 — L2 full profit!
[22:42:53 WIB 2026-09-03] *** TP2 KENA *** harga=4496.77 — L2 full profit!
[22:43:53 WIB 2026-09-03] *** TP2 KENA *** harga=4496.24 — L2 full profit!
[22:44:53 WIB 2026-09-03] *** TP2 KENA *** harga=4495.47 — L2 full profit!
[22:45:53 WIB 2026-09-03] *** TP2 KENA *** harga=4493.94 — L2 full profit!
[22:46:53 WIB 2026-09-03] *** TP2 KENA *** harga=4491.82 — L2 full profit!
[22:47:53 WIB 2026-09-03] *** TP2 KENA *** harga=4490.47 — L2 full profit!
[22:48:53 WIB 2026-09-03] *** TP2 KENA *** harga=4489.04 — L2 full profit!
[22:49:53 WIB 2026-09-03] *** TP2 KENA *** harga=4487.91 — L2 full profit!
[22:50:53 WIB 2026-09-03] *** TP2 KENA *** harga=4489.98 — L2 full profit!
[22:51:53 WIB 2026-09-03] *** TP2 KENA *** harga=4489.05 — L2 full profit!
[22:52:53 WIB 2026-09-03] *** TP2 KENA *** harga=4490.44 — L2 full profit!
[22:53:53 WIB 2026-09-03] *** TP2 KENA *** harga=4490.45 — L2 full profit!
[22:54:53 WIB 2026-09-03] *** TP2 KENA *** harga=4490.77 — L2 full profit!
[22:55:53 WIB 2026-09-03] *** TP2 KENA *** harga=4490.02 — L2 full profit!
[22:56:53 WIB 2026-09-03] *** TP2 KENA *** harga=4490.66 — L2 full profit!
[22:57:53 WIB 2026-09-03] *** TP2 KENA *** harga=4488.69 — L2 full profit!
[22:58:53 WIB 2026-09-03] *** TP2 KENA *** harga=4490.65 — L2 full profit!
[22:59:53 WIB 2026-09-03] *** TP2 KENA *** harga=4493.08 — L2 full profit!
[23:00:53 WIB 2026-09-03] *** TP2 KENA *** harga=4491.39 — L2 full profit!
[23:01:53 WIB 2026-09-03] *** TP2 KENA *** harga=4491.60 — L2 full profit!
[23:02:53 WIB 2026-09-03] *** TP2 KENA *** harga=4491.58 — L2 full profit!
[23:03:53 WIB 2026-09-03] *** TP2 KENA *** harga=4491.66 — L2 full profit!
[23:04:53 WIB 2026-09-03] *** TP2 KENA *** harga=4491.72 — L2 full profit!
[23:05:53 WIB 2026-09-03] *** TP2 KENA *** harga=4490.27 — L2 full profit!
[23:06:53 WIB 2026-09-03] *** TP2 KENA *** harga=4489.60 — L2 full profit!
[23:07:53 WIB 2026-09-03] *** TP2 KENA *** harga=4491.48 — L2 full profit!
[23:08:53 WIB 2026-09-03] *** TP2 KENA *** harga=4492.69 — L2 full profit!
[23:09:53 WIB 2026-09-03] *** TP2 KENA *** harga=4492.23 — L2 full profit!
[23:10:53 WIB 2026-09-03] *** TP2 KENA *** harga=4493.11 — L2 full profit!
[23:11:53 WIB 2026-09-03] *** TP2 KENA *** harga=4494.03 — L2 full profit!
[23:12:53 WIB 2026-09-03] GUARD TF: chart tidak di M15 (interval bar 60 mnt) — auto-set M15, siklus ini dilewati
[23:13:53 WIB 2026-09-03] *** TP2 KENA *** harga=4493.09 — L2 full profit!
[23:14:53 WIB 2026-09-03] *** TP2 KENA *** harga=4493.73 — L2 full profit!
[23:15:53 WIB 2026-09-03] *** TP2 KENA *** harga=4493.38 — L2 full profit!
[23:16:53 WIB 2026-09-03] *** TP2 KENA *** harga=4493.74 — L2 full profit!
[23:17:53 WIB 2026-09-03] *** TP2 KENA *** harga=4493.78 — L2 full profit!
[23:18:53 WIB 2026-09-03] *** TP2 KENA *** harga=4491.72 — L2 full profit!
[23:19:53 WIB 2026-09-03] GUARD TF: chart tidak di M15 (interval bar 60 mnt) — auto-set M15, siklus ini dilewati
[23:20:53 WIB 2026-09-03] *** TP2 KENA *** harga=4492.69 — L2 full profit!
[23:21:53 WIB 2026-09-03] GUARD TF: chart tidak di M15 (interval bar 1440 mnt) — auto-set M15, siklus ini dilewati
[23:22:53 WIB 2026-09-03] GUARD TF: chart tidak di M15 (interval bar 30 mnt) — auto-set M15, siklus ini dilewati
[23:23:53 WIB 2026-09-03] *** TP2 KENA *** harga=4493.01 — L2 full profit!
[23:24:53 WIB 2026-09-03] *** TP2 KENA *** harga=4492.80 — L2 full profit!
[23:25:53 WIB 2026-09-03] *** TP2 KENA *** harga=4492.61 — L2 full profit!
[23:26:53 WIB 2026-09-03] *** TP2 KENA *** harga=4492.14 — L2 full profit!
[23:27:53 WIB 2026-09-03] *** TP2 KENA *** harga=4492.05 — L2 full profit!
[23:28:53 WIB 2026-09-03] *** TP2 KENA *** harga=4493.56 — L2 full profit!
[23:29:54 WIB 2026-09-03] *** TP2 KENA *** harga=4492.22 — L2 full profit!
[23:30:53 WIB 2026-09-03] GLITCH DITOLAK: c=83.632 l=83.613 h=83.678 — data tidak masuk akal, siklus dilewati
[23:31:53 WIB 2026-09-03] GLITCH DITOLAK: c=83.48 l=83.404 h=83.69 — data tidak masuk akal, siklus dilewati
[23:32:53 WIB 2026-09-03] GLITCH DITOLAK: c=83.457 l=83.404 h=83.69 — data tidak masuk akal, siklus dilewati
[23:33:53 WIB 2026-09-03] GLITCH DITOLAK: c=83.69 l=83.404 h=83.692 — data tidak masuk akal, siklus dilewati
[23:34:53 WIB 2026-09-03] GLITCH DITOLAK: c=83.694 l=83.404 h=83.694 — data tidak masuk akal, siklus dilewati
[23:35:53 WIB 2026-09-03] GLITCH DITOLAK: c=83.774 l=83.747 h=83.861 — data tidak masuk akal, siklus dilewati
[23:36:53 WIB 2026-09-03] GLITCH DITOLAK: c=83.65 l=83.65 h=83.861 — data tidak masuk akal, siklus dilewati
[23:37:54 WIB 2026-09-03] GUARD TF: chart tidak di M15 (interval bar 60 mnt) — auto-set M15, siklus ini dilewati
[23:38:53 WIB 2026-09-03] GLITCH DITOLAK: c=83.689 l=83.404 h=83.861 — data tidak masuk akal, siklus dilewati
[23:39:53 WIB 2026-09-03] GLITCH DITOLAK: c=83.631 l=83.404 h=83.861 — data tidak masuk akal, siklus dilewati
[23:40:53 WIB 2026-09-03] GLITCH DITOLAK: c=83.562 l=83.404 h=83.861 — data tidak masuk akal, siklus dilewati
[23:41:53 WIB 2026-09-03] GLITCH DITOLAK: c=83.663 l=83.404 h=83.861 — data tidak masuk akal, siklus dilewati
[23:42:53 WIB 2026-09-03] GLITCH DITOLAK: c=83.697 l=83.404 h=83.861 — data tidak masuk akal, siklus dilewati
[23:43:53 WIB 2026-09-03] GLITCH DITOLAK: c=83.748 l=83.404 h=83.861 — data tidak masuk akal, siklus dilewati
[23:44:53 WIB 2026-09-03] GLITCH DITOLAK: c=83.867 l=83.404 h=83.867 — data tidak masuk akal, siklus dilewati
[23:45:53 WIB 2026-09-03] GLITCH DITOLAK: c=83.936 l=83.813 h=83.936 — data tidak masuk akal, siklus dilewati
[23:46:53 WIB 2026-09-03] *** TP2 KENA *** harga=4490.07 — L2 full profit!
[23:47:53 WIB 2026-09-03] *** TP2 KENA *** harga=4489.69 — L2 full profit!
[23:48:53 WIB 2026-09-03] *** TP2 KENA *** harga=4487.86 — L2 full profit!
[23:49:53 WIB 2026-09-03] *** TP2 KENA *** harga=4488.78 — L2 full profit!
[23:50:53 WIB 2026-09-03] *** TP2 KENA *** harga=4488.93 — L2 full profit!
[23:51:53 WIB 2026-09-03] *** TP2 KENA *** harga=4487.01 — L2 full profit!
[23:52:53 WIB 2026-09-03] *** TP2 KENA *** harga=4486.37 — L2 full profit!
[23:53:54 WIB 2026-09-03] *** TP2 KENA *** harga=4487.90 — L2 full profit!
[23:54:54 WIB 2026-09-03] *** TP2 KENA *** harga=4487.78 — L2 full profit!
[23:55:54 WIB 2026-09-03] *** TP2 KENA *** harga=4487.57 — L2 full profit!
[23:56:54 WIB 2026-09-03] *** TP2 KENA *** harga=4487.38 — L2 full profit!
[23:57:54 WIB 2026-09-03] *** TP2 KENA *** harga=4487.35 — L2 full profit!
[23:58:54 WIB 2026-09-03] *** TP2 KENA *** harga=4486.93 — L2 full profit!
[23:59:54 WIB 2026-09-03] *** TP2 KENA *** harga=4486.56 — L2 full profit!
[00:00:54 WIB 2026-09-03] *** TP2 KENA *** harga=4486.08 — L2 full profit!
[00:01:54 WIB 2026-09-03] *** TP2 KENA *** harga=4486.18 — L2 full profit!
[00:02:54 WIB 2026-09-03] *** TP2 KENA *** harga=4484.09 — L2 full profit!
[00:03:54 WIB 2026-09-03] *** TP2 KENA *** harga=4484.26 — L2 full profit!
[00:04:54 WIB 2026-09-03] *** TP2 KENA *** harga=4486.56 — L2 full profit!
[00:05:54 WIB 2026-09-03] *** TP2 KENA *** harga=4487.21 — L2 full profit!
[00:06:54 WIB 2026-09-03] *** TP2 KENA *** harga=4488.06 — L2 full profit!
[00:07:54 WIB 2026-09-03] *** TP2 KENA *** harga=4488.40 — L2 full profit!
[00:08:54 WIB 2026-09-03] *** TP2 KENA *** harga=4487.65 — L2 full profit!
[00:09:54 WIB 2026-09-03] *** TP2 KENA *** harga=4486.20 — L2 full profit!
[00:10:54 WIB 2026-09-03] *** TP2 KENA *** harga=4486.50 — L2 full profit!
[00:11:54 WIB 2026-09-03] *** TP2 KENA *** harga=4486.88 — L2 full profit!
[00:12:54 WIB 2026-09-03] *** TP2 KENA *** harga=4487.28 — L2 full profit!
[00:13:54 WIB 2026-09-03] *** TP2 KENA *** harga=4486.85 — L2 full profit!
[00:14:54 WIB 2026-09-03] *** TP2 KENA *** harga=4487.81 — L2 full profit!
[00:15:54 WIB 2026-09-03] *** TP2 KENA *** harga=4487.40 — L2 full profit!
[00:16:54 WIB 2026-09-03] *** TP2 KENA *** harga=4486.74 — L2 full profit!
[00:17:54 WIB 2026-09-03] *** TP2 KENA *** harga=4486.59 — L2 full profit!
[00:18:54 WIB 2026-09-03] *** TP2 KENA *** harga=4487.38 — L2 full profit!
[00:19:54 WIB 2026-09-03] *** TP2 KENA *** harga=4487.33 — L2 full profit!
[00:20:54 WIB 2026-09-03] *** TP2 KENA *** harga=4488.67 — L2 full profit!
[00:21:54 WIB 2026-09-03] *** TP2 KENA *** harga=4488.99 — L2 full profit!
[00:22:54 WIB 2026-09-03] *** TP2 KENA *** harga=4490.22 — L2 full profit!
[00:23:54 WIB 2026-09-03] *** TP2 KENA *** harga=4491.19 — L2 full profit!
[00:24:54 WIB 2026-09-03] *** TP2 KENA *** harga=4490.39 — L2 full profit!
[00:25:54 WIB 2026-09-03] *** TP2 KENA *** harga=4490.34 — L2 full profit!
[00:26:54 WIB 2026-09-03] *** TP2 KENA *** harga=4490.50 — L2 full profit!
[00:27:54 WIB 2026-09-03] *** TP2 KENA *** harga=4490.66 — L2 full profit!
[00:28:54 WIB 2026-09-03] *** TP2 KENA *** harga=4491.56 — L2 full profit!
[00:29:54 WIB 2026-09-03] *** TP2 KENA *** harga=4492.95 — L2 full profit!
[00:30:54 WIB 2026-09-03] *** TP2 KENA *** harga=4493.78 — L2 full profit!
[00:31:54 WIB 2026-09-03] *** TP2 KENA *** harga=4493.24 — L2 full profit!
[00:32:54 WIB 2026-09-03] *** TP2 KENA *** harga=4492.28 — L2 full profit!
[00:33:54 WIB 2026-09-03] *** TP2 KENA *** harga=4491.24 — L2 full profit!
[00:34:54 WIB 2026-09-03] *** TP2 KENA *** harga=4491.78 — L2 full profit!
[00:35:54 WIB 2026-09-03] *** TP2 KENA *** harga=4493.13 — L2 full profit!
[00:36:54 WIB 2026-09-03] *** TP2 KENA *** harga=4492.38 — L2 full profit!
[00:37:54 WIB 2026-09-03] *** TP2 KENA *** harga=4492.62 — L2 full profit!
[00:38:54 WIB 2026-09-03] *** TP2 KENA *** harga=4493.48 — L2 full profit!
[00:39:54 WIB 2026-09-03] *** TP2 KENA *** harga=4493.22 — L2 full profit!
[00:40:54 WIB 2026-09-03] *** TP2 KENA *** harga=4493.26 — L2 full profit!
[00:41:54 WIB 2026-09-03] *** TP2 KENA *** harga=4493.41 — L2 full profit!
[00:42:54 WIB 2026-09-03] *** TP2 KENA *** harga=4492.34 — L2 full profit!
[00:43:54 WIB 2026-09-03] *** TP2 KENA *** harga=4492.77 — L2 full profit!
[00:44:54 WIB 2026-09-03] *** TP2 KENA *** harga=4492.18 — L2 full profit!
[00:45:54 WIB 2026-09-03] *** TP2 KENA *** harga=4492.71 — L2 full profit!
[00:46:54 WIB 2026-09-03] *** TP2 KENA *** harga=4492.66 — L2 full profit!
[00:47:54 WIB 2026-09-03] *** TP2 KENA *** harga=4493.44 — L2 full profit!
[00:48:54 WIB 2026-09-03] *** TP2 KENA *** harga=4492.06 — L2 full profit!
[00:49:55 WIB 2026-09-03] *** TP2 KENA *** harga=4491.35 — L2 full profit!
[15:30:53 WIB 2026-09-04] === MONITOR XAU V2 MULAI (update 28 Aug: self-lock + guard TF + wick sanity + state persist) ===
[15:30:53 WIB 2026-09-04]   [LIVE] POSISI AKTIF BUY entry=4310 SL=NaN TP1=4374 TP2=4457 (filled)
[19:27:46 WIB 2026-09-04] === MONITOR XAU V2 MULAI (update 28 Aug: self-lock + guard TF + wick sanity + state persist) ===
[19:27:46 WIB 2026-09-04]   [LIVE] POSISI AKTIF BUY entry=4310 SL=NaN TP1=4374 TP2=4457 (filled)
[19:27:47 WIB 2026-09-04] *** TP2 KENA *** harga=4470.77 — L2 full profit!
[19:28:47 WIB 2026-09-04] *** TP2 KENA *** harga=4471.66 — L2 full profit!
[19:29:47 WIB 2026-09-04] *** TP2 KENA *** harga=4473.49 — L2 full profit!
[19:30:47 WIB 2026-09-04] *** TP2 KENA *** harga=4472.16 — L2 full profit!
[19:31:47 WIB 2026-09-04] *** TP2 KENA *** harga=4404.24 — L2 full profit!
[19:32:47 WIB 2026-09-04] *** TP2 KENA *** harga=4391.69 — L2 full profit!
[19:33:47 WIB 2026-09-04] *** TP2 KENA *** harga=4406.77 — L2 full profit!
[19:34:47 WIB 2026-09-04] *** TP2 KENA *** harga=4401.56 — L2 full profit!
[19:35:47 WIB 2026-09-04] *** TP2 KENA *** harga=4388.70 — L2 full profit!
[19:36:47 WIB 2026-09-04] *** TP2 KENA *** harga=4386.02 — L2 full profit!
[19:37:47 WIB 2026-09-04] *** TP2 KENA *** harga=4391.76 — L2 full profit!
[19:38:47 WIB 2026-09-04] *** TP2 KENA *** harga=4395.67 — L2 full profit!
[19:39:47 WIB 2026-09-04] *** TP2 KENA *** harga=4391.91 — L2 full profit!
[19:40:47 WIB 2026-09-04] *** TP2 KENA *** harga=4390.16 — L2 full profit!
[19:41:47 WIB 2026-09-04] *** TP2 KENA *** harga=4398.71 — L2 full profit!
[19:42:47 WIB 2026-09-04] *** TP2 KENA *** harga=4405.63 — L2 full profit!
[19:43:47 WIB 2026-09-04] *** TP2 KENA *** harga=4403.65 — L2 full profit!
[19:44:47 WIB 2026-09-04] *** TP2 KENA *** harga=4397.09 — L2 full profit!
[19:45:47 WIB 2026-09-04] *** TP1 KENA *** harga=4388.37 — L1 profit! Geser SL L2 ke BE 4310
[19:46:47 WIB 2026-09-04] *** TP1 KENA *** harga=4382.39 — L1 profit! Geser SL L2 ke BE 4310
[19:47:47 WIB 2026-09-04] *** TP1 KENA *** harga=4381.53 — L1 profit! Geser SL L2 ke BE 4310
[19:48:47 WIB 2026-09-04] *** TP1 KENA *** harga=4384.55 — L1 profit! Geser SL L2 ke BE 4310
[19:49:47 WIB 2026-09-04] *** TP1 KENA *** harga=4394.64 — L1 profit! Geser SL L2 ke BE 4310
[19:50:47 WIB 2026-09-04] *** TP1 KENA *** harga=4398.23 — L1 profit! Geser SL L2 ke BE 4310
[19:51:47 WIB 2026-09-04] *** TP1 KENA *** harga=4400.35 — L1 profit! Geser SL L2 ke BE 4310
[19:52:47 WIB 2026-09-04] GUARD TF: chart tidak di M15 (interval bar 60 mnt) — auto-set M15, siklus ini dilewati
[19:53:47 WIB 2026-09-04] *** TP1 KENA *** harga=4408.57 — L1 profit! Geser SL L2 ke BE 4310
[19:54:47 WIB 2026-09-04] *** TP1 KENA *** harga=4405.90 — L1 profit! Geser SL L2 ke BE 4310
[19:55:47 WIB 2026-09-04] *** TP1 KENA *** harga=4406.64 — L1 profit! Geser SL L2 ke BE 4310
[19:56:47 WIB 2026-09-04] *** TP1 KENA *** harga=4404.35 — L1 profit! Geser SL L2 ke BE 4310
[19:57:47 WIB 2026-09-04] *** TP1 KENA *** harga=4400.62 — L1 profit! Geser SL L2 ke BE 4310
[19:58:47 WIB 2026-09-04] *** TP1 KENA *** harga=4402.28 — L1 profit! Geser SL L2 ke BE 4310
[19:59:47 WIB 2026-09-04] *** TP1 KENA *** harga=4393.41 — L1 profit! Geser SL L2 ke BE 4310
[20:00:47 WIB 2026-09-04] *** TP1 KENA *** harga=4371.13 — L1 profit! Geser SL L2 ke BE 4310
[20:01:47 WIB 2026-09-04] *** TP1 KENA *** harga=4374.88 — L1 profit! Geser SL L2 ke BE 4310
[20:02:47 WIB 2026-09-04] *** TP1 KENA *** harga=4382.63 — L1 profit! Geser SL L2 ke BE 4310
[20:03:47 WIB 2026-09-04] *** TP1 KENA *** harga=4383.98 — L1 profit! Geser SL L2 ke BE 4310
[20:04:47 WIB 2026-09-04] *** TP1 KENA *** harga=4380.31 — L1 profit! Geser SL L2 ke BE 4310
[20:05:47 WIB 2026-09-04] *** TP1 KENA *** harga=4380.77 — L1 profit! Geser SL L2 ke BE 4310
[20:06:47 WIB 2026-09-04] *** TP1 KENA *** harga=4379.73 — L1 profit! Geser SL L2 ke BE 4310
[20:07:47 WIB 2026-09-04] *** TP1 KENA *** harga=4382.86 — L1 profit! Geser SL L2 ke BE 4310
[20:08:47 WIB 2026-09-04] *** TP1 KENA *** harga=4384.22 — L1 profit! Geser SL L2 ke BE 4310
[20:09:47 WIB 2026-09-04] *** TP1 KENA *** harga=4389.77 — L1 profit! Geser SL L2 ke BE 4310
[20:10:47 WIB 2026-09-04] *** TP1 KENA *** harga=4384.79 — L1 profit! Geser SL L2 ke BE 4310
[20:11:47 WIB 2026-09-04] *** TP1 KENA *** harga=4387.41 — L1 profit! Geser SL L2 ke BE 4310
[20:12:47 WIB 2026-09-04] *** TP1 KENA *** harga=4388.32 — L1 profit! Geser SL L2 ke BE 4310
[20:13:47 WIB 2026-09-04] *** TP1 KENA *** harga=4392.98 — L1 profit! Geser SL L2 ke BE 4310
[20:14:47 WIB 2026-09-04] *** TP1 KENA *** harga=4393.65 — L1 profit! Geser SL L2 ke BE 4310
[20:15:47 WIB 2026-09-04] *** TP1 KENA *** harga=4394.15 — L1 profit! Geser SL L2 ke BE 4310
[20:16:47 WIB 2026-09-04] *** TP1 KENA *** harga=4397.20 — L1 profit! Geser SL L2 ke BE 4310
[20:17:47 WIB 2026-09-04] *** TP1 KENA *** harga=4394.84 — L1 profit! Geser SL L2 ke BE 4310
[20:18:47 WIB 2026-09-04] *** TP1 KENA *** harga=4395.97 — L1 profit! Geser SL L2 ke BE 4310
[20:19:47 WIB 2026-09-04] *** TP1 KENA *** harga=4398.77 — L1 profit! Geser SL L2 ke BE 4310
[20:20:47 WIB 2026-09-04] *** TP1 KENA *** harga=4400.13 — L1 profit! Geser SL L2 ke BE 4310
[20:21:47 WIB 2026-09-04] *** TP1 KENA *** harga=4399.79 — L1 profit! Geser SL L2 ke BE 4310
[20:22:47 WIB 2026-09-04] *** TP1 KENA *** harga=4400.31 — L1 profit! Geser SL L2 ke BE 4310
[20:23:47 WIB 2026-09-04] *** TP1 KENA *** harga=4400.74 — L1 profit! Geser SL L2 ke BE 4310
[20:24:47 WIB 2026-09-04] *** TP1 KENA *** harga=4406.15 — L1 profit! Geser SL L2 ke BE 4310
[20:25:47 WIB 2026-09-04] *** TP1 KENA *** harga=4406.61 — L1 profit! Geser SL L2 ke BE 4310
[20:26:47 WIB 2026-09-04] *** TP1 KENA *** harga=4407.14 — L1 profit! Geser SL L2 ke BE 4310
[20:27:47 WIB 2026-09-04] *** TP1 KENA *** harga=4407.98 — L1 profit! Geser SL L2 ke BE 4310
[20:28:47 WIB 2026-09-04] *** TP1 KENA *** harga=4406.69 — L1 profit! Geser SL L2 ke BE 4310
[20:29:47 WIB 2026-09-04] *** TP1 KENA *** harga=4413.90 — L1 profit! Geser SL L2 ke BE 4310
[20:30:47 WIB 2026-09-04] *** TP1 KENA *** harga=4417.84 — L1 profit! Geser SL L2 ke BE 4310
[20:31:47 WIB 2026-09-04] *** TP1 KENA *** harga=4416.80 — L1 profit! Geser SL L2 ke BE 4310
[20:32:47 WIB 2026-09-04] *** TP1 KENA *** harga=4418.17 — L1 profit! Geser SL L2 ke BE 4310
[20:33:47 WIB 2026-09-04] *** TP1 KENA *** harga=4418.15 — L1 profit! Geser SL L2 ke BE 4310
[20:34:47 WIB 2026-09-04] *** TP1 KENA *** harga=4416.33 — L1 profit! Geser SL L2 ke BE 4310
[20:35:47 WIB 2026-09-04] *** TP1 KENA *** harga=4416.19 — L1 profit! Geser SL L2 ke BE 4310
[20:36:47 WIB 2026-09-04] *** TP1 KENA *** harga=4410.56 — L1 profit! Geser SL L2 ke BE 4310
[20:37:47 WIB 2026-09-04] *** TP1 KENA *** harga=4413.87 — L1 profit! Geser SL L2 ke BE 4310
[20:38:47 WIB 2026-09-04] *** TP1 KENA *** harga=4411.37 — L1 profit! Geser SL L2 ke BE 4310
[20:39:47 WIB 2026-09-04] *** TP1 KENA *** harga=4408.59 — L1 profit! Geser SL L2 ke BE 4310
[20:40:47 WIB 2026-09-04] *** TP1 KENA *** harga=4410.37 — L1 profit! Geser SL L2 ke BE 4310
[20:41:47 WIB 2026-09-04] *** TP1 KENA *** harga=4411.27 — L1 profit! Geser SL L2 ke BE 4310
[20:42:47 WIB 2026-09-04] *** TP1 KENA *** harga=4415.36 — L1 profit! Geser SL L2 ke BE 4310
[20:43:47 WIB 2026-09-04] *** TP1 KENA *** harga=4419.94 — L1 profit! Geser SL L2 ke BE 4310
[20:44:47 WIB 2026-09-04] *** TP1 KENA *** harga=4420.18 — L1 profit! Geser SL L2 ke BE 4310
[20:45:47 WIB 2026-09-04] *** TP1 KENA *** harga=4419.11 — L1 profit! Geser SL L2 ke BE 4310
[20:46:47 WIB 2026-09-04] *** TP1 KENA *** harga=4424.26 — L1 profit! Geser SL L2 ke BE 4310
[20:47:47 WIB 2026-09-04] *** TP1 KENA *** harga=4430.29 — L1 profit! Geser SL L2 ke BE 4310
[20:48:47 WIB 2026-09-04] *** TP1 KENA *** harga=4430.67 — L1 profit! Geser SL L2 ke BE 4310
[20:49:47 WIB 2026-09-04] *** TP2 KENA *** harga=4429.64 — L2 full profit!
[20:50:47 WIB 2026-09-04] *** TP2 KENA *** harga=4429.15 — L2 full profit!
[20:51:47 WIB 2026-09-04] *** TP2 KENA *** harga=4427.05 — L2 full profit!
[20:52:47 WIB 2026-09-04] *** TP2 KENA *** harga=4423.80 — L2 full profit!
[20:53:47 WIB 2026-09-04] *** TP2 KENA *** harga=4422.89 — L2 full profit!
[20:54:47 WIB 2026-09-04] *** TP2 KENA *** harga=4421.30 — L2 full profit!
[20:55:47 WIB 2026-09-04] *** TP2 KENA *** harga=4423.54 — L2 full profit!
[20:56:47 WIB 2026-09-04] *** TP2 KENA *** harga=4424.72 — L2 full profit!
[20:57:47 WIB 2026-09-04] *** TP2 KENA *** harga=4421.22 — L2 full profit!
[20:58:47 WIB 2026-09-04] *** TP2 KENA *** harga=4415.26 — L2 full profit!
[20:59:47 WIB 2026-09-04] *** TP2 KENA *** harga=4415.23 — L2 full profit!
[21:00:47 WIB 2026-09-04] *** TP2 KENA *** harga=4416.30 — L2 full profit!
[21:01:47 WIB 2026-09-04] *** TP2 KENA *** harga=4415.05 — L2 full profit!
[21:02:47 WIB 2026-09-04] *** TP2 KENA *** harga=4416.43 — L2 full profit!
[21:03:47 WIB 2026-09-04] *** TP2 KENA *** harga=4416.02 — L2 full profit!
[21:04:47 WIB 2026-09-04] *** TP2 KENA *** harga=4415.30 — L2 full profit!
[21:05:47 WIB 2026-09-04] *** TP2 KENA *** harga=4421.87 — L2 full profit!
[21:06:47 WIB 2026-09-04] *** TP2 KENA *** harga=4416.94 — L2 full profit!
[21:07:47 WIB 2026-09-04] *** TP2 KENA *** harga=4422.61 — L2 full profit!
[21:08:47 WIB 2026-09-04] *** TP2 KENA *** harga=4424.23 — L2 full profit!
[21:09:47 WIB 2026-09-04] *** TP2 KENA *** harga=4422.35 — L2 full profit!
[21:10:47 WIB 2026-09-04] *** TP2 KENA *** harga=4421.31 — L2 full profit!
[21:11:47 WIB 2026-09-04] *** TP2 KENA *** harga=4419.44 — L2 full profit!
[21:12:47 WIB 2026-09-04] *** TP2 KENA *** harga=4420.43 — L2 full profit!
[21:13:47 WIB 2026-09-04] *** TP2 KENA *** harga=4429.32 — L2 full profit!
[21:14:48 WIB 2026-09-04] *** TP2 KENA *** harga=4432.68 — L2 full profit!
[21:15:48 WIB 2026-09-04] *** TP2 KENA *** harga=4434.64 — L2 full profit!
[21:16:48 WIB 2026-09-04] *** TP2 KENA *** harga=4431.55 — L2 full profit!
[21:17:48 WIB 2026-09-04] *** TP2 KENA *** harga=4432.52 — L2 full profit!
[21:18:48 WIB 2026-09-04] *** TP2 KENA *** harga=4430.09 — L2 full profit!
[21:19:48 WIB 2026-09-04] *** TP2 KENA *** harga=4433.53 — L2 full profit!
[21:20:48 WIB 2026-09-04] *** TP2 KENA *** harga=4431.78 — L2 full profit!
[21:21:48 WIB 2026-09-04] *** TP2 KENA *** harga=4431.33 — L2 full profit!
[21:22:48 WIB 2026-09-04] *** TP2 KENA *** harga=4429.93 — L2 full profit!
[21:23:48 WIB 2026-09-04] *** TP2 KENA *** harga=4430.25 — L2 full profit!
[21:24:48 WIB 2026-09-04] *** TP2 KENA *** harga=4428.28 — L2 full profit!
[21:25:48 WIB 2026-09-04] *** TP2 KENA *** harga=4435.80 — L2 full profit!
[21:26:48 WIB 2026-09-04] *** TP2 KENA *** harga=4432.84 — L2 full profit!
[21:27:48 WIB 2026-09-04] *** TP2 KENA *** harga=4433.39 — L2 full profit!
[21:28:48 WIB 2026-09-04] *** TP2 KENA *** harga=4430.68 — L2 full profit!
[21:29:48 WIB 2026-09-04] *** TP2 KENA *** harga=4430.94 — L2 full profit!
[21:30:48 WIB 2026-09-04] *** TP2 KENA *** harga=4431.56 — L2 full profit!
[21:31:48 WIB 2026-09-04] *** TP2 KENA *** harga=4434.69 — L2 full profit!
[21:32:48 WIB 2026-09-04] *** TP2 KENA *** harga=4437.32 — L2 full profit!
[21:33:48 WIB 2026-09-04] *** TP2 KENA *** harga=4437.34 — L2 full profit!
[21:34:48 WIB 2026-09-04] *** TP2 KENA *** harga=4438.23 — L2 full profit!
[21:35:48 WIB 2026-09-04] *** TP2 KENA *** harga=4442.10 — L2 full profit!
[21:36:48 WIB 2026-09-04] *** TP2 KENA *** harga=4435.62 — L2 full profit!
[21:37:48 WIB 2026-09-04] *** TP2 KENA *** harga=4431.65 — L2 full profit!
[21:38:48 WIB 2026-09-04] *** TP2 KENA *** harga=4431.43 — L2 full profit!
[21:39:48 WIB 2026-09-04] *** TP2 KENA *** harga=4428.90 — L2 full profit!
[21:40:48 WIB 2026-09-04] *** TP2 KENA *** harga=4429.97 — L2 full profit!
[21:41:48 WIB 2026-09-04] *** TP2 KENA *** harga=4429.02 — L2 full profit!
[21:42:48 WIB 2026-09-04] *** TP2 KENA *** harga=4430.49 — L2 full profit!
[21:43:48 WIB 2026-09-04] *** TP2 KENA *** harga=4427.76 — L2 full profit!
[21:44:48 WIB 2026-09-04] *** TP2 KENA *** harga=4428.88 — L2 full profit!
[21:45:48 WIB 2026-09-04] *** TP2 KENA *** harga=4429.03 — L2 full profit!
[21:46:48 WIB 2026-09-04] *** TP2 KENA *** harga=4430.27 — L2 full profit!
[21:47:48 WIB 2026-09-04] *** TP2 KENA *** harga=4423.57 — L2 full profit!
[21:48:48 WIB 2026-09-04] *** TP2 KENA *** harga=4426.80 — L2 full profit!
[21:49:48 WIB 2026-09-04] *** TP2 KENA *** harga=4428.03 — L2 full profit!
[21:50:48 WIB 2026-09-04] *** TP2 KENA *** harga=4428.06 — L2 full profit!
[21:51:48 WIB 2026-09-04] *** TP2 KENA *** harga=4425.55 — L2 full profit!
[21:52:48 WIB 2026-09-04] *** TP2 KENA *** harga=4421.55 — L2 full profit!
[21:53:48 WIB 2026-09-04] *** TP2 KENA *** harga=4422.65 — L2 full profit!
[21:54:48 WIB 2026-09-04] *** TP2 KENA *** harga=4419.67 — L2 full profit!
[21:55:48 WIB 2026-09-04] *** TP2 KENA *** harga=4421.93 — L2 full profit!
[21:56:48 WIB 2026-09-04] *** TP2 KENA *** harga=4423.33 — L2 full profit!
[21:57:48 WIB 2026-09-04] *** TP2 KENA *** harga=4424.66 — L2 full profit!
[21:58:48 WIB 2026-09-04] *** TP2 KENA *** harga=4426.60 — L2 full profit!
[21:59:48 WIB 2026-09-04] *** TP2 KENA *** harga=4427.78 — L2 full profit!
[22:00:48 WIB 2026-09-04] *** TP2 KENA *** harga=4426.35 — L2 full profit!
[22:01:48 WIB 2026-09-04] *** TP2 KENA *** harga=4424.88 — L2 full profit!
[22:02:48 WIB 2026-09-04] *** TP2 KENA *** harga=4423.40 — L2 full profit!
[22:03:48 WIB 2026-09-04] *** TP2 KENA *** harga=4424.61 — L2 full profit!
[22:04:48 WIB 2026-09-04] *** TP2 KENA *** harga=4429.19 — L2 full profit!
[22:05:48 WIB 2026-09-04] *** TP2 KENA *** harga=4432.76 — L2 full profit!
[22:06:48 WIB 2026-09-04] *** TP2 KENA *** harga=4434.28 — L2 full profit!
[22:07:48 WIB 2026-09-04] *** TP2 KENA *** harga=4438.93 — L2 full profit!
[22:08:48 WIB 2026-09-04] *** TP2 KENA *** harga=4436.94 — L2 full profit!
[22:09:48 WIB 2026-09-04] *** TP2 KENA *** harga=4435.66 — L2 full profit!
[22:10:48 WIB 2026-09-04] *** TP2 KENA *** harga=4434.98 — L2 full profit!
[22:11:48 WIB 2026-09-04] *** TP2 KENA *** harga=4437.99 — L2 full profit!
[22:12:48 WIB 2026-09-04] *** TP2 KENA *** harga=4437.34 — L2 full profit!
[22:13:48 WIB 2026-09-04] *** TP2 KENA *** harga=4438.28 — L2 full profit!
[22:14:48 WIB 2026-09-04] *** TP2 KENA *** harga=4442.36 — L2 full profit!
[22:15:48 WIB 2026-09-04] *** TP2 KENA *** harga=4443.64 — L2 full profit!
[22:16:48 WIB 2026-09-04] *** TP2 KENA *** harga=4443.26 — L2 full profit!
[22:17:48 WIB 2026-09-04] *** TP2 KENA *** harga=4444.89 — L2 full profit!
[22:18:48 WIB 2026-09-04] *** TP2 KENA *** harga=4445.48 — L2 full profit!
[22:19:48 WIB 2026-09-04] *** TP2 KENA *** harga=4447.27 — L2 full profit!
[22:20:48 WIB 2026-09-04] *** TP2 KENA *** harga=4447.05 — L2 full profit!
[22:21:48 WIB 2026-09-04] *** TP2 KENA *** harga=4447.14 — L2 full profit!
[22:22:48 WIB 2026-09-04] *** TP2 KENA *** harga=4446.45 — L2 full profit!
[22:23:48 WIB 2026-09-04] *** TP2 KENA *** harga=4442.23 — L2 full profit!
[22:24:48 WIB 2026-09-04] *** TP2 KENA *** harga=4443.14 — L2 full profit!
[22:25:48 WIB 2026-09-04] *** TP2 KENA *** harga=4445.57 — L2 full profit!
[22:26:48 WIB 2026-09-04] *** TP2 KENA *** harga=4444.41 — L2 full profit!
[22:27:48 WIB 2026-09-04] *** TP2 KENA *** harga=4439.74 — L2 full profit!
[22:28:48 WIB 2026-09-04] *** TP2 KENA *** harga=4440.82 — L2 full profit!
[22:29:48 WIB 2026-09-04] *** TP2 KENA *** harga=4441.35 — L2 full profit!
[22:30:48 WIB 2026-09-04] *** TP2 KENA *** harga=4441.36 — L2 full profit!
[22:31:48 WIB 2026-09-04] *** TP2 KENA *** harga=4441.98 — L2 full profit!
[22:32:48 WIB 2026-09-04] *** TP2 KENA *** harga=4439.94 — L2 full profit!
[22:33:48 WIB 2026-09-04] *** TP2 KENA *** harga=4440.91 — L2 full profit!
[22:34:48 WIB 2026-09-04] *** TP2 KENA *** harga=4439.26 — L2 full profit!
[22:35:48 WIB 2026-09-04] *** TP2 KENA *** harga=4440.10 — L2 full profit!
[22:36:48 WIB 2026-09-04] *** TP2 KENA *** harga=4438.71 — L2 full profit!
[22:37:48 WIB 2026-09-04] *** TP2 KENA *** harga=4438.06 — L2 full profit!
[22:38:48 WIB 2026-09-04] *** TP2 KENA *** harga=4439.67 — L2 full profit!
[22:39:48 WIB 2026-09-04] *** TP2 KENA *** harga=4438.81 — L2 full profit!
[22:40:48 WIB 2026-09-04] *** TP2 KENA *** harga=4437.69 — L2 full profit!
[22:41:48 WIB 2026-09-04] *** TP2 KENA *** harga=4440.19 — L2 full profit!
[22:42:48 WIB 2026-09-04] *** TP2 KENA *** harga=4444.44 — L2 full profit!
[22:43:48 WIB 2026-09-04] *** TP2 KENA *** harga=4442.87 — L2 full profit!
[22:44:48 WIB 2026-09-04] *** TP2 KENA *** harga=4442.40 — L2 full profit!
[22:45:48 WIB 2026-09-04] *** TP2 KENA *** harga=4443.73 — L2 full profit!
[22:46:48 WIB 2026-09-04] *** TP2 KENA *** harga=4442.30 — L2 full profit!
[22:47:48 WIB 2026-09-04] *** TP2 KENA *** harga=4443.36 — L2 full profit!
[22:48:48 WIB 2026-09-04] *** TP2 KENA *** harga=4444.66 — L2 full profit!
[22:49:48 WIB 2026-09-04] *** TP2 KENA *** harga=4442.53 — L2 full profit!
[22:50:48 WIB 2026-09-04] GUARD TF: chart tidak di M15 (interval bar 60 mnt) — auto-set M15, siklus ini dilewati
[22:51:48 WIB 2026-09-04] *** TP2 KENA *** harga=4446.00 — L2 full profit!
[22:52:48 WIB 2026-09-04] *** TP2 KENA *** harga=4444.70 — L2 full profit!
[22:53:48 WIB 2026-09-04] *** TP2 KENA *** harga=4440.64 — L2 full profit!
[22:54:48 WIB 2026-09-04] *** TP2 KENA *** harga=4440.77 — L2 full profit!
[22:55:48 WIB 2026-09-04] *** TP2 KENA *** harga=4439.96 — L2 full profit!
[22:56:48 WIB 2026-09-04] *** TP2 KENA *** harga=4438.42 — L2 full profit!
[22:57:48 WIB 2026-09-04] *** TP2 KENA *** harga=4437.11 — L2 full profit!
[22:58:48 WIB 2026-09-04] *** TP2 KENA *** harga=4436.74 — L2 full profit!
[22:59:48 WIB 2026-09-04] *** TP2 KENA *** harga=4436.80 — L2 full profit!
[23:00:48 WIB 2026-09-04] *** TP2 KENA *** harga=4439.32 — L2 full profit!
[23:01:48 WIB 2026-09-04] *** TP2 KENA *** harga=4437.95 — L2 full profit!
[23:02:48 WIB 2026-09-04] *** TP2 KENA *** harga=4438.30 — L2 full profit!
[23:03:48 WIB 2026-09-04] *** TP2 KENA *** harga=4437.43 — L2 full profit!
[23:04:48 WIB 2026-09-04] *** TP2 KENA *** harga=4439.06 — L2 full profit!
[23:05:48 WIB 2026-09-04] GUARD TF: chart tidak di M15 (interval bar 240 mnt) — auto-set M15, siklus ini dilewati
[23:06:48 WIB 2026-09-04] *** TP2 KENA *** harga=4435.24 — L2 full profit!
[23:07:48 WIB 2026-09-04] *** TP2 KENA *** harga=4436.72 — L2 full profit!
[23:08:48 WIB 2026-09-04] *** TP2 KENA *** harga=4436.52 — L2 full profit!
[23:09:48 WIB 2026-09-04] *** TP2 KENA *** harga=4435.40 — L2 full profit!
[23:10:48 WIB 2026-09-04] *** TP2 KENA *** harga=4435.51 — L2 full profit!
[23:11:48 WIB 2026-09-04] *** TP2 KENA *** harga=4435.44 — L2 full profit!
[23:12:48 WIB 2026-09-04] *** TP2 KENA *** harga=4432.83 — L2 full profit!
[23:13:48 WIB 2026-09-04] *** TP2 KENA *** harga=4436.09 — L2 full profit!
[23:14:48 WIB 2026-09-04] *** TP2 KENA *** harga=4438.85 — L2 full profit!
[23:15:48 WIB 2026-09-04] *** TP2 KENA *** harga=4438.99 — L2 full profit!
[23:16:48 WIB 2026-09-04] *** TP2 KENA *** harga=4437.94 — L2 full profit!
[23:17:48 WIB 2026-09-04] *** TP2 KENA *** harga=4440.76 — L2 full profit!
[23:18:49 WIB 2026-09-04] *** TP2 KENA *** harga=4442.76 — L2 full profit!
[23:19:48 WIB 2026-09-04] *** TP2 KENA *** harga=4441.85 — L2 full profit!
[23:20:48 WIB 2026-09-04] *** TP2 KENA *** harga=4441.59 — L2 full profit!
[23:21:48 WIB 2026-09-04] *** TP2 KENA *** harga=4441.23 — L2 full profit!
[23:22:49 WIB 2026-09-04] *** TP2 KENA *** harga=4437.85 — L2 full profit!
[23:23:49 WIB 2026-09-04] *** TP2 KENA *** harga=4437.23 — L2 full profit!
[23:24:49 WIB 2026-09-04] GUARD TF: chart tidak di M15 (interval bar 240 mnt) — auto-set M15, siklus ini dilewati
[23:25:49 WIB 2026-09-04] *** TP2 KENA *** harga=4435.82 — L2 full profit!
[23:26:49 WIB 2026-09-04] *** TP2 KENA *** harga=4434.52 — L2 full profit!
[23:27:49 WIB 2026-09-04] *** TP2 KENA *** harga=4434.24 — L2 full profit!
[23:28:49 WIB 2026-09-04] *** TP2 KENA *** harga=4434.77 — L2 full profit!
[23:29:49 WIB 2026-09-04] *** TP2 KENA *** harga=4434.45 — L2 full profit!
[23:30:49 WIB 2026-09-04] *** TP2 KENA *** harga=4435.40 — L2 full profit!
[23:31:49 WIB 2026-09-04] *** TP2 KENA *** harga=4435.82 — L2 full profit!
[23:32:49 WIB 2026-09-04] *** TP2 KENA *** harga=4437.01 — L2 full profit!
[23:33:49 WIB 2026-09-04] *** TP2 KENA *** harga=4436.90 — L2 full profit!
[23:34:49 WIB 2026-09-04] *** TP2 KENA *** harga=4437.70 — L2 full profit!
[23:35:49 WIB 2026-09-04] *** TP2 KENA *** harga=4437.90 — L2 full profit!
[23:36:49 WIB 2026-09-04] *** TP2 KENA *** harga=4437.21 — L2 full profit!
[23:37:49 WIB 2026-09-04] *** TP2 KENA *** harga=4437.38 — L2 full profit!
[23:38:49 WIB 2026-09-04] *** TP2 KENA *** harga=4437.01 — L2 full profit!
[23:39:49 WIB 2026-09-04] *** TP2 KENA *** harga=4437.52 — L2 full profit!
[23:51:49 WIB 2026-09-04] GUARD TF: chart tidak di M15 (interval bar 60 mnt) — auto-set M15, siklus ini dilewati
[00:02:49 WIB 2026-09-04] GUARD TF: chart tidak di M15 (interval bar 60 mnt) — auto-set M15, siklus ini dilewati
[00:04:49 WIB 2026-09-04] GUARD TF: chart tidak di M15 (interval bar 240 mnt) — auto-set M15, siklus ini dilewati
[12:42:42 WIB 2026-09-05] === MONITOR XAU V2 MULAI (update 28 Aug: self-lock + guard TF + wick sanity + state persist) ===
[12:42:42 WIB 2026-09-05]   Tidak ada plan aktif / posisi aktif saat ini
[14:42:04 WIB 2026-09-06] === MONITOR XAU V2 MULAI (update 28 Aug: self-lock + guard TF + wick sanity + state persist) ===
[14:42:04 WIB 2026-09-06]   Tidak ada plan aktif / posisi aktif saat ini
[00:33:06 WIB 2026-09-06] === MONITOR XAU V2 MULAI (update 28 Aug: self-lock + guard TF + wick sanity + state persist) ===
[00:33:06 WIB 2026-09-06]   Tidak ada plan aktif / posisi aktif saat ini
[00:35:59 WIB 2026-09-06] === MONITOR XAU V2 MULAI (update 28 Aug: self-lock + guard TF + wick sanity + state persist) ===
[00:35:59 WIB 2026-09-06]   Tidak ada plan aktif / posisi aktif saat ini
[08:16:59 WIB 2026-09-07] WARN overlay_plan.json tidak terbaca: Expected ',' or '}' after property value in JSON at position 2734 (line 77 column 23)
[08:17:59 WIB 2026-09-07] WARN overlay_plan.json tidak terbaca: Expected ',' or '}' after property value in JSON at position 2734 (line 77 column 23)
[08:18:59 WIB 2026-09-07] WARN overlay_plan.json tidak terbaca: Expected ',' or '}' after property value in JSON at position 2734 (line 77 column 23)
[08:19:59 WIB 2026-09-07] WARN overlay_plan.json tidak terbaca: Expected ',' or '}' after property value in JSON at position 2734 (line 77 column 23)
[08:20:59 WIB 2026-09-07] WARN overlay_plan.json tidak terbaca: Expected ',' or '}' after property value in JSON at position 2734 (line 77 column 23)
[08:21:59 WIB 2026-09-07] WARN overlay_plan.json tidak terbaca: Expected ',' or '}' after property value in JSON at position 2734 (line 77 column 23)
[08:22:59 WIB 2026-09-07] WARN overlay_plan.json tidak terbaca: Expected ',' or '}' after property value in JSON at position 2734 (line 77 column 23)
[08:23:59 WIB 2026-09-07] WARN overlay_plan.json tidak terbaca: Expected ',' or '}' after property value in JSON at position 2734 (line 77 column 23)
[08:24:59 WIB 2026-09-07] WARN overlay_plan.json tidak terbaca: Expected ',' or '}' after property value in JSON at position 2734 (line 77 column 23)
[08:44:00 WIB 2026-09-07] *** SL KENA *** harga=4409.98 — CUT DISIPLIN, catat hasil
[08:45:00 WIB 2026-09-07] *** SL KENA *** harga=4410.14 — CUT DISIPLIN, catat hasil
[08:46:00 WIB 2026-09-07] *** SL KENA *** harga=4410.10 — CUT DISIPLIN, catat hasil
[08:47:00 WIB 2026-09-07] *** SL KENA *** harga=4411.91 — CUT DISIPLIN, catat hasil
[08:48:00 WIB 2026-09-07] *** SL KENA *** harga=4411.86 — CUT DISIPLIN, catat hasil
[08:49:00 WIB 2026-09-07] *** SL KENA *** harga=4411.46 — CUT DISIPLIN, catat hasil
[08:50:00 WIB 2026-09-07] *** SL KENA *** harga=4409.20 — CUT DISIPLIN, catat hasil
[08:51:00 WIB 2026-09-07] *** SL KENA *** harga=4410.10 — CUT DISIPLIN, catat hasil
[08:52:00 WIB 2026-09-07] WARN overlay_plan.json tidak terbaca: Expected ',' or '}' after property value in JSON at position 4216 (line 112 column 31)
[08:52:00 WIB 2026-09-07] *** SL KENA *** harga=4411.28 — CUT DISIPLIN, catat hasil
[08:53:00 WIB 2026-09-07] WARN overlay_plan.json tidak terbaca: Expected ',' or '}' after property value in JSON at position 1934 (line 58 column 67)
[08:53:00 WIB 2026-09-07] *** SL KENA *** harga=4415.00 — CUT DISIPLIN, catat hasil
[08:54:00 WIB 2026-09-07] WARN overlay_plan.json tidak terbaca: Expected ',' or '}' after property value in JSON at position 1934 (line 58 column 67)
[08:54:00 WIB 2026-09-07] *** SL KENA *** harga=4415.67 — CUT DISIPLIN, catat hasil
[08:55:00 WIB 2026-09-07] WARN overlay_plan.json tidak terbaca: Expected ',' or '}' after property value in JSON at position 1940 (line 56 column 69)
[08:55:00 WIB 2026-09-07] *** SL KENA *** harga=4414.63 — CUT DISIPLIN, catat hasil
[08:56:00 WIB 2026-09-07] WARN overlay_plan.json tidak terbaca: Expected ',' or '}' after property value in JSON at position 1940 (line 56 column 69)
[08:56:00 WIB 2026-09-07] *** SL KENA *** harga=4414.20 — CUT DISIPLIN, catat hasil
[08:57:00 WIB 2026-09-07] WARN overlay_plan.json tidak terbaca: Expected ',' or '}' after property value in JSON at position 1940 (line 56 column 69)
[08:57:00 WIB 2026-09-07] *** SL KENA *** harga=4411.52 — CUT DISIPLIN, catat hasil
[08:58:00 WIB 2026-09-07] WARN overlay_plan.json tidak terbaca: Expected ',' or '}' after property value in JSON at position 1940 (line 56 column 69)
[08:58:00 WIB 2026-09-07] *** SL KENA *** harga=4412.44 — CUT DISIPLIN, catat hasil
[08:59:00 WIB 2026-09-07] WARN overlay_plan.json tidak terbaca: Expected ',' or '}' after property value in JSON at position 1940 (line 56 column 69)
[08:59:00 WIB 2026-09-07] *** SL KENA *** harga=4410.53 — CUT DISIPLIN, catat hasil
[09:00:00 WIB 2026-09-07] WARN overlay_plan.json tidak terbaca: Expected ',' or '}' after property value in JSON at position 1940 (line 56 column 69)
[09:00:00 WIB 2026-09-07] *** SL KENA *** harga=4411.06 — CUT DISIPLIN, catat hasil
[09:01:00 WIB 2026-09-07] WARN overlay_plan.json tidak terbaca: Expected ',' or '}' after property value in JSON at position 1940 (line 56 column 69)
[09:01:00 WIB 2026-09-07] *** SL KENA *** harga=4408.95 — CUT DISIPLIN, catat hasil
[09:02:00 WIB 2026-09-07] WARN overlay_plan.json tidak terbaca: Expected ',' or '}' after property value in JSON at position 1940 (line 56 column 69)
[09:02:00 WIB 2026-09-07] *** SL KENA *** harga=4405.89 — CUT DISIPLIN, catat hasil
[09:03:00 WIB 2026-09-07] WARN overlay_plan.json tidak terbaca: Expected ',' or '}' after property value in JSON at position 1940 (line 56 column 69)
[09:03:00 WIB 2026-09-07] *** SL KENA *** harga=4406.90 — CUT DISIPLIN, catat hasil
[09:04:00 WIB 2026-09-07] WARN overlay_plan.json tidak terbaca: Expected ',' or '}' after property value in JSON at position 1940 (line 56 column 69)
[09:04:00 WIB 2026-09-07] *** SL KENA *** harga=4407.30 — CUT DISIPLIN, catat hasil
[09:05:00 WIB 2026-09-07] WARN overlay_plan.json tidak terbaca: Expected ',' or '}' after property value in JSON at position 1940 (line 56 column 69)
[09:05:00 WIB 2026-09-07] *** SL KENA *** harga=4407.67 — CUT DISIPLIN, catat hasil
[09:06:00 WIB 2026-09-07] WARN overlay_plan.json tidak terbaca: Expected ',' or '}' after property value in JSON at position 1940 (line 56 column 69)
[09:06:00 WIB 2026-09-07] *** SL KENA *** harga=4407.39 — CUT DISIPLIN, catat hasil
[09:07:00 WIB 2026-09-07] WARN overlay_plan.json tidak terbaca: Expected ',' or '}' after property value in JSON at position 1940 (line 56 column 69)
[09:07:00 WIB 2026-09-07] *** SL KENA *** harga=4405.31 — CUT DISIPLIN, catat hasil
[09:08:00 WIB 2026-09-07] WARN overlay_plan.json tidak terbaca: Expected ',' or '}' after property value in JSON at position 1940 (line 56 column 69)
[09:08:00 WIB 2026-09-07] *** SL KENA *** harga=4405.23 — CUT DISIPLIN, catat hasil
[09:09:00 WIB 2026-09-07] WARN overlay_plan.json tidak terbaca: Expected ',' or '}' after property value in JSON at position 1940 (line 56 column 69)
[09:09:00 WIB 2026-09-07] *** SL KENA *** harga=4404.73 — CUT DISIPLIN, catat hasil
[09:10:00 WIB 2026-09-07] WARN overlay_plan.json tidak terbaca: Expected ',' or '}' after property value in JSON at position 1940 (line 56 column 69)
[09:10:00 WIB 2026-09-07] *** SL KENA *** harga=4404.85 — CUT DISIPLIN, catat hasil
[09:11:00 WIB 2026-09-07] WARN overlay_plan.json tidak terbaca: Expected ',' or '}' after property value in JSON at position 1940 (line 56 column 69)
[09:11:00 WIB 2026-09-07] *** SL KENA *** harga=4404.41 — CUT DISIPLIN, catat hasil
[09:12:00 WIB 2026-09-07] WARN overlay_plan.json tidak terbaca: Expected ',' or '}' after property value in JSON at position 1940 (line 56 column 69)
[09:12:00 WIB 2026-09-07] *** SL KENA *** harga=4405.76 — CUT DISIPLIN, catat hasil
[09:13:00 WIB 2026-09-07] WARN overlay_plan.json tidak terbaca: Expected ',' or '}' after property value in JSON at position 1940 (line 56 column 69)
[09:13:00 WIB 2026-09-07] *** SL KENA *** harga=4405.74 — CUT DISIPLIN, catat hasil
[09:14:00 WIB 2026-09-07] WARN overlay_plan.json tidak terbaca: Expected ',' or '}' after property value in JSON at position 1940 (line 56 column 69)
[09:14:00 WIB 2026-09-07] *** SL KENA *** harga=4403.56 — CUT DISIPLIN, catat hasil
[09:15:00 WIB 2026-09-07] WARN overlay_plan.json tidak terbaca: Expected ',' or '}' after property value in JSON at position 1940 (line 56 column 69)
[09:15:00 WIB 2026-09-07] *** SL KENA *** harga=4404.14 — CUT DISIPLIN, catat hasil
[09:16:00 WIB 2026-09-07] GUARD TF: chart tidak di M15 (interval bar 4320 mnt) — auto-set M15, siklus ini dilewati
[09:17:00 WIB 2026-09-07] GUARD TF: chart tidak di M15 (interval bar 60 mnt) — auto-set M15, siklus ini dilewati
[09:18:00 WIB 2026-09-07] WARN overlay_plan.json tidak terbaca: Expected ',' or '}' after property value in JSON at position 5148 (line 110 column 32)
[09:18:00 WIB 2026-09-07] *** SL KENA *** harga=4406.01 — CUT DISIPLIN, catat hasil
[09:19:00 WIB 2026-09-07] *** SL KENA *** harga=4406.53 — CUT DISIPLIN, catat hasil
[09:20:00 WIB 2026-09-07] *** SL KENA *** harga=4406.89 — CUT DISIPLIN, catat hasil
[09:21:00 WIB 2026-09-07] *** SL KENA *** harga=4407.94 — CUT DISIPLIN, catat hasil
[09:22:00 WIB 2026-09-07] *** SL KENA *** harga=4406.85 — CUT DISIPLIN, catat hasil
[09:23:00 WIB 2026-09-07] *** SL KENA *** harga=4408.71 — CUT DISIPLIN, catat hasil
[09:24:00 WIB 2026-09-07] *** SL KENA *** harga=4408.94 — CUT DISIPLIN, catat hasil
[09:25:00 WIB 2026-09-07] *** SL KENA *** harga=4409.36 — CUT DISIPLIN, catat hasil
[09:26:00 WIB 2026-09-07] *** SL KENA *** harga=4408.74 — CUT DISIPLIN, catat hasil
[09:27:00 WIB 2026-09-07] *** SL KENA *** harga=4409.02 — CUT DISIPLIN, catat hasil
[09:28:00 WIB 2026-09-07] *** SL KENA *** harga=4408.27 — CUT DISIPLIN, catat hasil
[09:29:00 WIB 2026-09-07] *** SL KENA *** harga=4408.86 — CUT DISIPLIN, catat hasil
[09:30:00 WIB 2026-09-07] *** SL KENA *** harga=4407.76 — CUT DISIPLIN, catat hasil
[09:31:00 WIB 2026-09-07] *** SL KENA *** harga=4411.08 — CUT DISIPLIN, catat hasil
[09:32:00 WIB 2026-09-07] *** SL KENA *** harga=4414.41 — CUT DISIPLIN, catat hasil
[09:33:00 WIB 2026-09-07] *** SL KENA *** harga=4411.06 — CUT DISIPLIN, catat hasil
[09:34:00 WIB 2026-09-07] *** SL KENA *** harga=4412.44 — CUT DISIPLIN, catat hasil
[09:35:00 WIB 2026-09-07] *** SL KENA *** harga=4413.82 — CUT DISIPLIN, catat hasil
[09:36:00 WIB 2026-09-07] *** SL KENA *** harga=4414.61 — CUT DISIPLIN, catat hasil
[09:37:00 WIB 2026-09-07] GUARD TF: chart tidak di M15 (interval bar 60 mnt) — auto-set M15, siklus ini dilewati
[09:38:00 WIB 2026-09-07] *** SL KENA *** harga=4417.44 — CUT DISIPLIN, catat hasil
[09:39:00 WIB 2026-09-07] *** SL KENA *** harga=4416.20 — CUT DISIPLIN, catat hasil
[09:40:00 WIB 2026-09-07] *** SL KENA *** harga=4418.64 — CUT DISIPLIN, catat hasil
[09:41:00 WIB 2026-09-07] *** SL KENA *** harga=4417.26 — CUT DISIPLIN, catat hasil
[09:42:00 WIB 2026-09-07] *** SL KENA *** harga=4418.51 — CUT DISIPLIN, catat hasil
[09:43:00 WIB 2026-09-07] *** SL KENA *** harga=4415.38 — CUT DISIPLIN, catat hasil
[09:44:00 WIB 2026-09-07] *** SL KENA *** harga=4414.53 — CUT DISIPLIN, catat hasil
[09:45:00 WIB 2026-09-07] *** SL KENA *** harga=4414.93 — CUT DISIPLIN, catat hasil
[09:46:00 WIB 2026-09-07] *** SL KENA *** harga=4414.75 — CUT DISIPLIN, catat hasil
[09:47:00 WIB 2026-09-07] *** SL KENA *** harga=4416.17 — CUT DISIPLIN, catat hasil
[09:48:00 WIB 2026-09-07] *** SL KENA *** harga=4418.48 — CUT DISIPLIN, catat hasil
[09:49:00 WIB 2026-09-07] *** SL KENA *** harga=4417.05 — CUT DISIPLIN, catat hasil
[09:50:00 WIB 2026-09-07] *** SL KENA *** harga=4417.55 — CUT DISIPLIN, catat hasil
[09:51:00 WIB 2026-09-07] *** SL KENA *** harga=4417.16 — CUT DISIPLIN, catat hasil
[09:52:00 WIB 2026-09-07] *** SL KENA *** harga=4414.59 — CUT DISIPLIN, catat hasil
[09:53:00 WIB 2026-09-07] *** SL KENA *** harga=4416.20 — CUT DISIPLIN, catat hasil
[09:54:00 WIB 2026-09-07] *** SL KENA *** harga=4414.28 — CUT DISIPLIN, catat hasil
[09:55:00 WIB 2026-09-07] *** SL KENA *** harga=4414.14 — CUT DISIPLIN, catat hasil
[09:56:00 WIB 2026-09-07] *** SL KENA *** harga=4413.24 — CUT DISIPLIN, catat hasil
[09:57:00 WIB 2026-09-07] *** SL KENA *** harga=4411.70 — CUT DISIPLIN, catat hasil
[09:58:00 WIB 2026-09-07] *** SL KENA *** harga=4410.74 — CUT DISIPLIN, catat hasil
[09:59:00 WIB 2026-09-07] *** SL KENA *** harga=4409.95 — CUT DISIPLIN, catat hasil
[10:00:00 WIB 2026-09-07] *** SL KENA *** harga=4409.14 — CUT DISIPLIN, catat hasil
[10:01:00 WIB 2026-09-07] *** SL KENA *** harga=4409.39 — CUT DISIPLIN, catat hasil
[10:02:00 WIB 2026-09-07] *** SL KENA *** harga=4408.18 — CUT DISIPLIN, catat hasil
[10:03:00 WIB 2026-09-07] *** SL KENA *** harga=4408.90 — CUT DISIPLIN, catat hasil
[10:04:00 WIB 2026-09-07] *** SL KENA *** harga=4408.95 — CUT DISIPLIN, catat hasil
[10:05:00 WIB 2026-09-07] *** SL KENA *** harga=4410.36 — CUT DISIPLIN, catat hasil
[10:06:00 WIB 2026-09-07] *** SL KENA *** harga=4408.81 — CUT DISIPLIN, catat hasil
[10:07:00 WIB 2026-09-07] *** SL KENA *** harga=4406.73 — CUT DISIPLIN, catat hasil
[10:08:00 WIB 2026-09-07] *** SL KENA *** harga=4407.15 — CUT DISIPLIN, catat hasil
